level,route,monster,cr,spell,expected_damage,damage_if_lr_spent
4,Харизма,acolyte,0.25,"Хроматический шар: холод, ячейка I",12.150000,12.150000
4,Харизма,air-elemental,5,"Хроматический шар: холод, ячейка I",8.775000,8.775000
4,Харизма,animated-armor,1,"Хроматический шар: холод, ячейка I",6.750000,6.750000
4,Харизма,ankheg,2,"Хроматический шар: холод, ячейка I",9.450000,9.450000
4,Харизма,ape,0.5,"Хроматический шар: холод, ячейка I",10.800000,10.800000
4,Харизма,awakened-tree,2,"Хроматический шар: холод, ячейка I",10.125000,10.125000
4,Харизма,axe-beak,0.25,"Хроматический шар: холод, ячейка I",11.475000,11.475000
4,Харизма,azer,2,"Хроматический шар: холод, ячейка I",7.425000,7.425000
4,Харизма,bandit-captain,2,"Хроматический шар: холод, ячейка I",8.775000,8.775000
4,Харизма,barbed-devil,5,"Хроматический шар: холод, ячейка I",4.237500,4.237500
4,Харизма,basilisk,3,"Хроматический шар: холод, ячейка I",10.800000,10.800000
4,Харизма,bearded-devil,3,"Хроматический шар: холод, ячейка I",4.887500,4.887500
4,Харизма,berserker,2,"Хроматический шар: холод, ячейка I",10.125000,10.125000
4,Харизма,black-bear,0.5,"Хроматический шар: холод, ячейка I",11.475000,11.475000
4,Харизма,black-dragon-wyrmling,2,"Хроматический шар: холод, ячейка I",7.425000,7.425000
4,Харизма,black-pudding,4,"Хроматический шар: холод, ячейка I",0.000000,0.000000
4,Харизма,blink-dog,0.25,"Хроматический шар: холод, ячейка I",10.125000,10.125000
4,Харизма,blue-dragon-wyrmling,3,"Хроматический шар: холод, ячейка I",7.425000,7.425000
4,Харизма,boar,0.25,"Хроматический шар: холод, ячейка I",11.475000,11.475000
4,Харизма,brass-dragon-wyrmling,1,"Хроматический шар: холод, ячейка I",8.100000,8.100000
4,Харизма,bronze-dragon-wyrmling,2,"Хроматический шар: холод, ячейка I",7.425000,7.425000
4,Харизма,brown-bear,1,"Хроматический шар: холод, ячейка I",11.475000,11.475000
4,Харизма,bugbear,1,"Хроматический шар: холод, ячейка I",8.100000,8.100000
4,Харизма,bulette,5,"Хроматический шар: холод, ячейка I",7.425000,7.425000
4,Харизма,centaur,2,"Хроматический шар: холод, ячейка I",10.800000,10.800000
4,Харизма,chimera,6,"Хроматический шар: холод, ячейка I",9.450000,9.450000
4,Харизма,chuul,4,"Хроматический шар: холод, ячейка I",8.100000,8.100000
4,Харизма,cockatrice,0.5,"Хроматический шар: холод, ячейка I",11.475000,11.475000
4,Харизма,constrictor-snake,0.25,"Хроматический шар: холод, ячейка I",10.800000,10.800000
4,Харизма,copper-dragon-wyrmling,1,"Хроматический шар: холод, ячейка I",8.100000,8.100000
4,Харизма,couatl,4,"Хроматический шар: холод, ячейка I",6.075000,6.075000
4,Харизма,crocodile,0.5,"Хроматический шар: холод, ячейка I",10.800000,10.800000
4,Харизма,cult-fanatic,2,"Хроматический шар: холод, ячейка I",10.125000,10.125000
4,Харизма,darkmantle,0.5,"Хроматический шар: холод, ячейка I",11.475000,11.475000
4,Харизма,death-dog,1,"Хроматический шар: холод, ячейка I",10.800000,10.800000
4,Харизма,deep-gnome-svirfneblin,0.5,"Хроматический шар: холод, ячейка I",8.775000,8.775000
4,Харизма,dire-wolf,1,"Хроматический шар: холод, ячейка I",9.450000,9.450000
4,Харизма,doppelganger,3,"Хроматический шар: холод, ячейка I",9.450000,9.450000
4,Харизма,draft-horse,0.25,"Хроматический шар: холод, ячейка I",12.150000,12.150000
4,Харизма,dretch,0.25,"Хроматический шар: холод, ячейка I",5.537500,5.537500
4,Харизма,drider,6,"Хроматический шар: холод, ячейка I",6.075000,6.075000
4,Харизма,drow,0.25,"Хроматический шар: холод, ячейка I",8.775000,8.775000
4,Харизма,druid,2,"Хроматический шар: холод, ячейка I",8.100000,8.100000
4,Харизма,dryad,1,"Хроматический шар: холод, ячейка I",8.100000,8.100000
4,Харизма,duergar,1,"Хроматический шар: холод, ячейка I",8.100000,8.100000
4,Харизма,dust-mephit,0.5,"Хроматический шар: холод, ячейка I",10.800000,10.800000
4,Харизма,earth-elemental,5,"Хроматический шар: холод, ячейка I",7.425000,7.425000
4,Харизма,elephant,4,"Хроматический шар: холод, ячейка I",10.800000,10.800000
4,Харизма,elk,0.25,"Хроматический шар: холод, ячейка I",12.150000,12.150000
4,Харизма,ettercap,2,"Хроматический шар: холод, ячейка I",10.125000,10.125000
4,Харизма,ettin,4,"Хроматический шар: холод, ячейка I",10.800000,10.800000
4,Харизма,fire-elemental,5,"Хроматический шар: холод, ячейка I",10.125000,10.125000
4,Харизма,flesh-golem,5,"Хроматический шар: холод, ячейка I",12.825000,12.825000
4,Харизма,flying-sword,0.25,"Хроматический шар: холод, ячейка I",7.425000,7.425000
4,Харизма,gargoyle,2,"Хроматический шар: холод, ячейка I",8.775000,8.775000
4,Харизма,gelatinous-cube,2,"Хроматический шар: холод, ячейка I",13.500000,13.500000
4,Харизма,ghast,2,"Хроматический шар: холод, ячейка I",10.125000,10.125000
4,Харизма,ghost,4,"Хроматический шар: холод, ячейка I",0.000000,0.000000
4,Харизма,ghoul,1,"Хроматический шар: холод, ячейка I",10.800000,10.800000
4,Харизма,giant-badger,0.25,"Хроматический шар: холод, ячейка I",12.150000,12.150000
4,Харизма,giant-bat,0.25,"Хроматический шар: холод, ячейка I",10.125000,10.125000
4,Харизма,giant-boar,2,"Хроматический шар: холод, ячейка I",10.800000,10.800000
4,Харизма,giant-centipede,0.25,"Хроматический шар: холод, ячейка I",10.125000,10.125000
4,Харизма,giant-constrictor-snake,2,"Хроматический шар: холод, ячейка I",10.800000,10.800000
4,Харизма,giant-crocodile,5,"Хроматический шар: холод, ячейка I",9.450000,9.450000
4,Харизма,giant-eagle,1,"Хроматический шар: холод, ячейка I",10.125000,10.125000
4,Харизма,giant-elk,2,"Хроматический шар: холод, ячейка I",9.450000,9.450000
4,Харизма,giant-frog,0.25,"Хроматический шар: холод, ячейка I",11.475000,11.475000
4,Харизма,giant-goat,0.5,"Хроматический шар: холод, ячейка I",11.475000,11.475000
4,Харизма,giant-hyena,1,"Хроматический шар: холод, ячейка I",10.800000,10.800000
4,Харизма,giant-lizard,0.25,"Хроматический шар: холод, ячейка I",10.800000,10.800000
4,Харизма,giant-octopus,1,"Хроматический шар: холод, ячейка I",11.475000,11.475000
4,Харизма,giant-owl,0.25,"Хроматический шар: холод, ячейка I",10.800000,10.800000
4,Харизма,giant-poisonous-snake,0.25,"Хроматический шар: холод, ячейка I",9.450000,9.450000
4,Харизма,giant-scorpion,3,"Хроматический шар: холод, ячейка I",8.775000,8.775000
4,Харизма,giant-sea-horse,0.5,"Хроматический шар: холод, ячейка I",10.125000,10.125000
4,Харизма,giant-shark,5,"Хроматический шар: холод, ячейка I",10.125000,10.125000
4,Харизма,giant-spider,1,"Хроматический шар: холод, ячейка I",9.450000,9.450000
4,Харизма,giant-toad,1,"Хроматический шар: холод, ячейка I",11.475000,11.475000
4,Харизма,giant-vulture,1,"Хроматический шар: холод, ячейка I",12.150000,12.150000
4,Харизма,giant-wasp,0.5,"Хроматический шар: холод, ячейка I",10.800000,10.800000
4,Харизма,giant-wolf-spider,0.25,"Хроматический шар: холод, ячейка I",10.125000,10.125000
4,Харизма,gibbering-mouther,2,"Хроматический шар: холод, ячейка I",12.825000,12.825000
4,Харизма,gladiator,5,"Хроматический шар: холод, ячейка I",8.100000,8.100000
4,Харизма,gnoll,0.5,"Хроматический шар: холод, ячейка I",8.775000,8.775000
4,Харизма,goblin,0.25,"Хроматический шар: холод, ячейка I",8.775000,8.775000
4,Харизма,gold-dragon-wyrmling,3,"Хроматический шар: холод, ячейка I",7.425000,7.425000
4,Харизма,gorgon,5,"Хроматический шар: холод, ячейка I",6.075000,6.075000
4,Харизма,gray-ooze,0.5,"Хроматический шар: холод, ячейка I",6.512500,6.512500
4,Харизма,green-dragon-wyrmling,2,"Хроматический шар: холод, ячейка I",7.425000,7.425000
4,Харизма,green-hag,3,"Хроматический шар: холод, ячейка I",7.425000,7.425000
4,Харизма,grick,2,"Хроматический шар: холод, ячейка I",9.450000,9.450000
4,Харизма,griffon,2,"Хроматический шар: холод, ячейка I",10.800000,10.800000
4,Харизма,grimlock,0.25,"Хроматический шар: холод, ячейка I",11.475000,11.475000
4,Харизма,half-red-dragon-veteran,5,"Хроматический шар: холод, ячейка I",6.750000,6.750000
4,Харизма,harpy,1,"Хроматический шар: холод, ячейка I",11.475000,11.475000
4,Харизма,hell-hound,3,"Хроматический шар: холод, ячейка I",8.775000,8.775000
4,Харизма,hill-giant,5,"Хроматический шар: холод, ячейка I",10.125000,10.125000
4,Харизма,hippogriff,1,"Хроматический шар: холод, ячейка I",11.475000,11.475000
4,Харизма,hobgoblin,0.5,"Хроматический шар: холод, ячейка I",6.750000,6.750000
4,Харизма,hunter-shark,2,"Хроматический шар: холод, ячейка I",10.800000,10.800000
4,Харизма,ice-mephit,0.5,"Хроматический шар: холод, ячейка I",0.000000,0.000000
4,Харизма,imp,1,"Хроматический шар: холод, ячейка I",4.887500,4.887500
4,Харизма,invisible-stalker,6,"Хроматический шар: холод, ячейка I",9.450000,9.450000
4,Харизма,killer-whale,3,"Хроматический шар: холод, ячейка I",10.800000,10.800000
4,Харизма,knight,3,"Хроматический шар: холод, ячейка I",6.750000,6.750000
4,Харизма,lamia,4,"Хроматический шар: холод, ячейка I",10.125000,10.125000
4,Харизма,lion,1,"Хроматический шар: холод, ячейка I",10.800000,10.800000
4,Харизма,lizardfolk,0.5,"Хроматический шар: холод, ячейка I",8.775000,8.775000
4,Харизма,mage,6,"Хроматический шар: холод, ячейка I",8.775000,8.775000
4,Харизма,magma-mephit,0.5,"Хроматический шар: холод, ячейка I",22.950000,22.950000
4,Харизма,magmin,0.5,"Хроматический шар: холод, ячейка I",9.450000,9.450000
4,Харизма,mammoth,6,"Хроматический шар: холод, ячейка I",10.125000,10.125000
4,Харизма,manticore,3,"Хроматический шар: холод, ячейка I",9.450000,9.450000
4,Харизма,medusa,6,"Хроматический шар: холод, ячейка I",8.775000,8.775000
4,Харизма,merrow,2,"Хроматический шар: холод, ячейка I",10.125000,10.125000
4,Харизма,mimic,2,"Хроматический шар: холод, ячейка I",10.800000,10.800000
4,Харизма,minotaur,3,"Хроматический шар: холод, ячейка I",9.450000,9.450000
4,Харизма,minotaur-skeleton,2,"Хроматический шар: холод, ячейка I",10.800000,10.800000
4,Харизма,mummy,3,"Хроматический шар: холод, ячейка I",11.475000,11.475000
4,Харизма,night-hag,5,"Хроматический шар: холод, ячейка I",3.587500,3.587500
4,Харизма,nightmare,3,"Хроматический шар: холод, ячейка I",10.125000,10.125000
4,Харизма,ochre-jelly,2,"Хроматический шар: холод, ячейка I",13.500000,13.500000
4,Харизма,ogre,2,"Хроматический шар: холод, ячейка I",11.475000,11.475000
4,Харизма,ogre-zombie,2,"Хроматический шар: холод, ячейка I",13.500000,13.500000
4,Харизма,orc,0.5,"Хроматический шар: холод, ячейка I",10.125000,10.125000
4,Харизма,otyugh,5,"Хроматический шар: холод, ячейка I",9.450000,9.450000
4,Харизма,owlbear,3,"Хроматический шар: холод, ячейка I",10.125000,10.125000
4,Харизма,panther,0.25,"Хроматический шар: холод, ячейка I",10.800000,10.800000
4,Харизма,pegasus,2,"Хроматический шар: холод, ячейка I",10.800000,10.800000
4,Харизма,phase-spider,3,"Хроматический шар: холод, ячейка I",10.125000,10.125000
4,Харизма,plesiosaurus,2,"Хроматический шар: холод, ячейка I",10.125000,10.125000
4,Харизма,polar-bear,2,"Хроматический шар: холод, ячейка I",10.800000,10.800000
4,Харизма,priest,2,"Хроматический шар: холод, ячейка I",10.125000,10.125000
4,Харизма,pseudodragon,0.25,"Хроматический шар: холод, ячейка I",10.125000,10.125000
4,Харизма,quasit,1,"Хроматический шар: холод, ячейка I",4.887500,4.887500
4,Харизма,red-dragon-wyrmling,4,"Хроматический шар: холод, ячейка I",7.425000,7.425000
4,Харизма,reef-shark,0.5,"Хроматический шар: холод, ячейка I",10.800000,10.800000
4,Харизма,rhinoceros,2,"Хроматический шар: холод, ячейка I",11.475000,11.475000
4,Харизма,riding-horse,0.25,"Хроматический шар: холод, ячейка I",12.150000,12.150000
4,Харизма,roper,5,"Хроматический шар: холод, ячейка I",5.400000,5.400000
4,Харизма,rug-of-smothering,2,"Хроматический шар: холод, ячейка I",10.800000,10.800000
4,Харизма,rust-monster,0.5,"Хроматический шар: холод, ячейка I",9.450000,9.450000
4,Харизма,saber-toothed-tiger,2,"Хроматический шар: холод, ячейка I",10.800000,10.800000
4,Харизма,sahuagin,0.5,"Хроматический шар: холод, ячейка I",10.800000,10.800000
4,Харизма,salamander,5,"Хроматический шар: холод, ячейка I",17.550000,17.550000
4,Харизма,satyr,0.5,"Хроматический шар: холод, ячейка I",9.450000,9.450000
4,Харизма,scout,0.5,"Хроматический шар: холод, ячейка I",10.125000,10.125000
4,Харизма,sea-hag,2,"Хроматический шар: холод, ячейка I",9.450000,9.450000
4,Харизма,shadow,0.5,"Хроматический шар: холод, ячейка I",5.212500,5.212500
4,Харизма,shambling-mound,5,"Хроматический шар: холод, ячейка I",4.237500,4.237500
4,Харизма,silver-dragon-wyrmling,2,"Хроматический шар: холод, ячейка I",0.000000,0.000000
4,Харизма,skeleton,0.25,"Хроматический шар: холод, ячейка I",10.125000,10.125000
4,Харизма,specter,1,"Хроматический шар: холод, ячейка I",5.212500,5.212500
4,Харизма,sprite,0.25,"Хроматический шар: холод, ячейка I",8.775000,8.775000
4,Харизма,spy,1,"Хроматический шар: холод, ячейка I",10.800000,10.800000
4,Харизма,steam-mephit,0.25,"Хроматический шар: холод, ячейка I",12.150000,12.150000
4,Харизма,succubus-incubus,4,"Хроматический шар: холод, ячейка I",4.237500,4.237500
4,Харизма,swarm-of-bats,0.25,"Хроматический шар: холод, ячейка I",10.800000,10.800000
4,Харизма,swarm-of-beetles,0.5,"Хроматический шар: холод, ячейка I",10.800000,10.800000
4,Харизма,swarm-of-centipedes,0.5,"Хроматический шар: холод, ячейка I",10.800000,10.800000
4,Харизма,swarm-of-insects,0.5,"Хроматический шар: холод, ячейка I",10.800000,10.800000
4,Харизма,swarm-of-poisonous-snakes,2,"Хроматический шар: холод, ячейка I",9.450000,9.450000
4,Харизма,swarm-of-quippers,1,"Хроматический шар: холод, ячейка I",10.125000,10.125000
4,Харизма,swarm-of-rats,0.25,"Хроматический шар: холод, ячейка I",12.150000,12.150000
4,Харизма,swarm-of-ravens,0.25,"Хроматический шар: холод, ячейка I",10.800000,10.800000
4,Харизма,swarm-of-spiders,0.5,"Хроматический шар: холод, ячейка I",10.800000,10.800000
4,Харизма,swarm-of-wasps,0.5,"Хроматический шар: холод, ячейка I",10.800000,10.800000
4,Харизма,thug,0.5,"Хроматический шар: холод, ячейка I",11.475000,11.475000
4,Харизма,tiger,1,"Хроматический шар: холод, ячейка I",10.800000,10.800000
4,Харизма,triceratops,5,"Хроматический шар: холод, ячейка I",10.125000,10.125000
4,Харизма,troll,5,"Хроматический шар: холод, ячейка I",8.775000,8.775000
4,Харизма,unicorn,5,"Хроматический шар: холод, ячейка I",10.800000,10.800000
4,Харизма,vampire-spawn,5,"Хроматический шар: холод, ячейка I",8.775000,8.775000
4,Харизма,veteran,3,"Хроматический шар: холод, ячейка I",7.425000,7.425000
4,Харизма,violet-fungus,0.25,"Хроматический шар: холод, ячейка I",13.500000,13.500000
4,Харизма,vrock,6,"Хроматический шар: холод, ячейка I",4.237500,4.237500
4,Харизма,warhorse,0.5,"Хроматический шар: холод, ячейка I",11.475000,11.475000
4,Харизма,warhorse-skeleton,0.5,"Хроматический шар: холод, ячейка I",10.125000,10.125000
4,Харизма,water-elemental,5,"Хроматический шар: холод, ячейка I",9.450000,9.450000
4,Харизма,werebear-bear,5,"Хроматический шар: холод, ячейка I",11.475000,11.475000
4,Харизма,werebear-human,5,"Хроматический шар: холод, ячейка I",12.150000,12.150000
4,Харизма,werebear-hybrid,5,"Хроматический шар: холод, ячейка I",11.475000,11.475000
4,Харизма,wereboar-boar,4,"Хроматический шар: холод, ячейка I",11.475000,11.475000
4,Харизма,wereboar-human,4,"Хроматический шар: холод, ячейка I",12.150000,12.150000
4,Харизма,wereboar-hybrid,4,"Хроматический шар: холод, ячейка I",11.475000,11.475000
4,Харизма,wererat-human,2,"Хроматический шар: холод, ячейка I",10.800000,10.800000
4,Харизма,wererat-hybrid,2,"Хроматический шар: холод, ячейка I",10.800000,10.800000
4,Харизма,wererat-rat,2,"Хроматический шар: холод, ячейка I",10.800000,10.800000
4,Харизма,weretiger-human,4,"Хроматический шар: холод, ячейка I",10.800000,10.800000
4,Харизма,weretiger-hybrid,4,"Хроматический шар: холод, ячейка I",10.800000,10.800000
4,Харизма,weretiger-tiger,4,"Хроматический шар: холод, ячейка I",10.800000,10.800000
4,Харизма,werewolf-human,3,"Хроматический шар: холод, ячейка I",11.475000,11.475000
4,Харизма,werewolf-hybrid,3,"Хроматический шар: холод, ячейка I",10.800000,10.800000
4,Харизма,werewolf-wolf,3,"Хроматический шар: холод, ячейка I",10.800000,10.800000
4,Харизма,white-dragon-wyrmling,2,"Хроматический шар: холод, ячейка I",0.000000,0.000000
4,Харизма,wight,3,"Хроматический шар: холод, ячейка I",9.450000,9.450000
4,Харизма,will-o-wisp,2,"Хроматический шар: холод, ячейка I",2.937500,2.937500
4,Харизма,winter-wolf,3,"Хроматический шар: холод, ячейка I",0.000000,0.000000
4,Харизма,wolf,0.25,"Хроматический шар: холод, ячейка I",10.125000,10.125000
4,Харизма,worg,0.5,"Хроматический шар: холод, ячейка I",10.125000,10.125000
4,Харизма,wraith,5,"Хроматический шар: холод, ячейка I",4.887500,4.887500
4,Харизма,wyvern,6,"Хроматический шар: холод, ячейка I",10.125000,10.125000
4,Харизма,xorn,5,"Хроматический шар: холод, ячейка I",6.075000,6.075000
4,Харизма,young-brass-dragon,6,"Хроматический шар: холод, ячейка I",7.425000,7.425000
4,Харизма,young-white-dragon,6,"Хроматический шар: холод, ячейка I",0.000000,0.000000
4,Харизма,zombie,0.25,"Хроматический шар: холод, ячейка I",13.500000,13.500000
4,Харизма,acolyte,0.25,Психическая плеть Таши,8.575000,8.575000
4,Харизма,air-elemental,5,Психическая плеть Таши,9.125000,9.125000
4,Харизма,animated-armor,1,Психическая плеть Таши,0.000000,0.000000
4,Харизма,ankheg,2,Психическая плеть Таши,9.950000,9.950000
4,Харизма,ape,0.5,Психическая плеть Таши,9.125000,9.125000
4,Харизма,awakened-tree,2,Психическая плеть Таши,8.575000,8.575000
4,Харизма,axe-beak,0.25,Психическая плеть Таши,9.675000,9.675000
4,Харизма,azer,2,Психическая плеть Таши,8.300000,8.300000
4,Харизма,bandit-captain,2,Психическая плеть Таши,8.025000,8.025000
4,Харизма,barbed-devil,5,Психическая плеть Таши,6.980000,6.980000
4,Харизма,basilisk,3,Психическая плеть Таши,9.675000,9.675000
4,Харизма,bearded-devil,3,Психическая плеть Таши,7.695000,7.695000
4,Харизма,berserker,2,Психическая плеть Таши,8.850000,8.850000
4,Харизма,black-bear,0.5,Психическая плеть Таши,9.675000,9.675000
4,Харизма,black-dragon-wyrmling,2,Психическая плеть Таши,8.575000,8.575000
4,Харизма,black-pudding,4,Психическая плеть Таши,9.950000,9.950000
4,Харизма,blink-dog,0.25,Психическая плеть Таши,8.575000,8.575000
4,Харизма,blue-dragon-wyrmling,3,Психическая плеть Таши,8.300000,8.300000
4,Харизма,boar,0.25,Психическая плеть Таши,9.675000,9.675000
4,Харизма,brass-dragon-wyrmling,1,Психическая плеть Таши,8.575000,8.575000
4,Харизма,bronze-dragon-wyrmling,2,Психическая плеть Таши,8.300000,8.300000
4,Харизма,brown-bear,1,Психическая плеть Таши,9.675000,9.675000
4,Харизма,bugbear,1,Психическая плеть Таши,8.850000,8.850000
4,Харизма,bulette,5,Психическая плеть Таши,9.675000,9.675000
4,Харизма,centaur,2,Психическая плеть Таши,8.850000,8.850000
4,Харизма,chimera,6,Психическая плеть Таши,9.675000,9.675000
4,Харизма,chuul,4,Психическая плеть Таши,9.400000,9.400000
4,Харизма,cockatrice,0.5,Психическая плеть Таши,9.675000,9.675000
4,Харизма,constrictor-snake,0.25,Психическая плеть Таши,9.950000,9.950000
4,Харизма,copper-dragon-wyrmling,1,Психическая плеть Таши,8.025000,8.025000
4,Харизма,couatl,4,Психическая плеть Таши,0.000000,0.000000
4,Харизма,crocodile,0.5,Психическая плеть Таши,9.675000,9.675000
4,Харизма,cult-fanatic,2,Психическая плеть Таши,8.575000,8.575000
4,Харизма,darkmantle,0.5,Психическая плеть Таши,9.675000,9.675000
4,Харизма,death-dog,1,Психическая плеть Таши,9.675000,9.675000
4,Харизма,deep-gnome-svirfneblin,0.5,Психическая плеть Таши,8.300000,8.300000
4,Харизма,dire-wolf,1,Психическая плеть Таши,9.675000,9.675000
4,Харизма,doppelganger,3,Психическая плеть Таши,8.575000,8.575000
4,Харизма,draft-horse,0.25,Психическая плеть Таши,9.675000,9.675000
4,Харизма,dretch,0.25,Психическая плеть Таши,9.400000,9.400000
4,Харизма,drider,6,Психическая плеть Таши,8.300000,8.300000
4,Харизма,drow,0.25,Психическая плеть Таши,8.575000,8.575000
4,Харизма,druid,2,Психическая плеть Таши,8.300000,8.300000
4,Харизма,dryad,1,Психическая плеть Таши,6.663750,6.663750
4,Харизма,duergar,1,Психическая плеть Таши,7.323750,7.323750
4,Харизма,dust-mephit,0.5,Психическая плеть Таши,8.850000,8.850000
4,Харизма,earth-elemental,5,Психическая плеть Таши,9.400000,9.400000
4,Харизма,elephant,4,Психическая плеть Таши,9.675000,9.675000
4,Харизма,elk,0.25,Психическая плеть Таши,9.675000,9.675000
4,Харизма,ettercap,2,Психическая плеть Таши,9.125000,9.125000
4,Харизма,ettin,4,Психическая плеть Таши,9.125000,9.125000
4,Харизма,fire-elemental,5,Психическая плеть Таши,9.125000,9.125000
4,Харизма,flesh-golem,5,Психическая плеть Таши,8.093750,8.093750
4,Харизма,flying-sword,0.25,Психическая плеть Таши,0.000000,0.000000
4,Харизма,gargoyle,2,Психическая плеть Таши,9.125000,9.125000
4,Харизма,gelatinous-cube,2,Психическая плеть Таши,9.950000,9.950000
4,Харизма,ghast,2,Психическая плеть Таши,8.575000,8.575000
4,Харизма,ghost,4,Психическая плеть Таши,8.575000,8.575000
4,Харизма,ghoul,1,Психическая плеть Таши,9.125000,9.125000
4,Харизма,giant-badger,0.25,Психическая плеть Таши,9.675000,9.675000
4,Харизма,giant-bat,0.25,Психическая плеть Таши,9.675000,9.675000
4,Харизма,giant-boar,2,Психическая плеть Таши,9.675000,9.675000
4,Харизма,giant-centipede,0.25,Психическая плеть Таши,9.950000,9.950000
4,Харизма,giant-constrictor-snake,2,Психическая плеть Таши,9.950000,9.950000
4,Харизма,giant-crocodile,5,Психическая плеть Таши,9.675000,9.675000
4,Харизма,giant-eagle,1,Психическая плеть Таши,8.850000,8.850000
4,Харизма,giant-elk,2,Психическая плеть Таши,9.125000,9.125000
4,Харизма,giant-frog,0.25,Психическая плеть Таши,9.675000,9.675000
4,Харизма,giant-goat,0.5,Психическая плеть Таши,9.675000,9.675000
4,Харизма,giant-hyena,1,Психическая плеть Таши,9.675000,9.675000
4,Харизма,giant-lizard,0.25,Психическая плеть Таши,9.675000,9.675000
4,Харизма,giant-octopus,1,Психическая плеть Таши,9.400000,9.400000
4,Харизма,giant-owl,0.25,Психическая плеть Таши,8.850000,8.850000
4,Харизма,giant-poisonous-snake,0.25,Психическая плеть Таши,9.675000,9.675000
4,Харизма,giant-scorpion,3,Психическая плеть Таши,9.950000,9.950000
4,Харизма,giant-sea-horse,0.5,Психическая плеть Таши,9.675000,9.675000
4,Харизма,giant-shark,5,Психическая плеть Таши,9.950000,9.950000
4,Харизма,giant-spider,1,Психическая плеть Таши,9.675000,9.675000
4,Харизма,giant-toad,1,Психическая плеть Таши,9.675000,9.675000
4,Харизма,giant-vulture,1,Психическая плеть Таши,9.125000,9.125000
4,Харизма,giant-wasp,0.5,Психическая плеть Таши,9.950000,9.950000
4,Харизма,giant-wolf-spider,0.25,Психическая плеть Таши,9.675000,9.675000
4,Харизма,gibbering-mouther,2,Психическая плеть Таши,9.675000,9.675000
4,Харизма,gladiator,5,Психическая плеть Таши,8.575000,8.575000
4,Харизма,gnoll,0.5,Психическая плеть Таши,9.125000,9.125000
4,Харизма,goblin,0.25,Психическая плеть Таши,8.575000,8.575000
4,Харизма,gold-dragon-wyrmling,3,Психическая плеть Таши,8.025000,8.025000
4,Харизма,gorgon,5,Психическая плеть Таши,9.675000,9.675000
4,Харизма,gray-ooze,0.5,Психическая плеть Таши,9.950000,9.950000
4,Харизма,green-dragon-wyrmling,2,Психическая плеть Таши,8.025000,8.025000
4,Харизма,green-hag,3,Психическая плеть Таши,8.300000,8.300000
4,Харизма,grick,2,Психическая плеть Таши,9.675000,9.675000
4,Харизма,griffon,2,Психическая плеть Таши,9.675000,9.675000
4,Харизма,grimlock,0.25,Психическая плеть Таши,8.850000,8.850000
4,Харизма,half-red-dragon-veteran,5,Психическая плеть Таши,8.575000,8.575000
4,Харизма,harpy,1,Психическая плеть Таши,9.125000,9.125000
4,Харизма,hell-hound,3,Психическая плеть Таши,9.125000,9.125000
4,Харизма,hill-giant,5,Психическая плеть Таши,9.400000,9.400000
4,Харизма,hippogriff,1,Психическая плеть Таши,9.675000,9.675000
4,Харизма,hobgoblin,0.5,Психическая плеть Таши,8.575000,8.575000
4,Харизма,hunter-shark,2,Психическая плеть Таши,9.950000,9.950000
4,Харизма,ice-mephit,0.5,Психическая плеть Таши,8.850000,8.850000
4,Харизма,imp,1,Психическая плеть Таши,7.323750,7.323750
4,Харизма,invisible-stalker,6,Психическая плеть Таши,8.575000,8.575000
4,Харизма,killer-whale,3,Психическая плеть Таши,9.675000,9.675000
4,Харизма,knight,3,Психическая плеть Таши,8.575000,8.575000
4,Харизма,lamia,4,Психическая плеть Таши,8.025000,8.025000
4,Харизма,lion,1,Психическая плеть Таши,9.675000,9.675000
4,Харизма,lizardfolk,0.5,Психическая плеть Таши,9.125000,9.125000
4,Харизма,mage,6,Психическая плеть Таши,6.925000,6.925000
4,Харизма,magma-mephit,0.5,Психическая плеть Таши,9.125000,9.125000
4,Харизма,magmin,0.5,Психическая плеть Таши,8.850000,8.850000
4,Харизма,mammoth,6,Психическая плеть Таши,9.675000,9.675000
4,Харизма,manticore,3,Психическая плеть Таши,9.125000,9.125000
4,Харизма,medusa,6,Психическая плеть Таши,8.300000,8.300000
4,Харизма,merrow,2,Психическая плеть Таши,8.850000,8.850000
4,Харизма,mimic,2,Психическая плеть Таши,9.400000,9.400000
4,Харизма,minotaur,3,Психическая плеть Таши,9.125000,9.125000
4,Харизма,minotaur-skeleton,2,Психическая плеть Таши,9.125000,9.125000
4,Харизма,mummy,3,Психическая плеть Таши,9.125000,9.125000
4,Харизма,night-hag,5,Психическая плеть Таши,6.375000,6.375000
4,Харизма,nightmare,3,Психическая плеть Таши,8.575000,8.575000
4,Харизма,ochre-jelly,2,Психическая плеть Таши,9.675000,9.675000
4,Харизма,ogre,2,Психическая плеть Таши,9.400000,9.400000
4,Харизма,ogre-zombie,2,Психическая плеть Таши,9.675000,9.675000
4,Харизма,orc,0.5,Психическая плеть Таши,9.125000,9.125000
4,Харизма,otyugh,5,Психическая плеть Таши,9.125000,9.125000
4,Харизма,owlbear,3,Психическая плеть Таши,9.675000,9.675000
4,Харизма,panther,0.25,Психическая плеть Таши,9.675000,9.675000
4,Харизма,pegasus,2,Психическая плеть Таши,8.575000,8.575000
4,Харизма,phase-spider,3,Психическая плеть Таши,9.125000,9.125000
4,Харизма,plesiosaurus,2,Психическая плеть Таши,9.675000,9.675000
4,Харизма,polar-bear,2,Психическая плеть Таши,9.675000,9.675000
4,Харизма,priest,2,Психическая плеть Таши,8.300000,8.300000
4,Харизма,pseudodragon,0.25,Психическая плеть Таши,7.323750,7.323750
4,Харизма,quasit,1,Психическая плеть Таши,8.093750,8.093750
4,Харизма,red-dragon-wyrmling,4,Психическая плеть Таши,8.300000,8.300000
4,Харизма,reef-shark,0.5,Психическая плеть Таши,9.950000,9.950000
4,Харизма,rhinoceros,2,Психическая плеть Таши,9.675000,9.675000
4,Харизма,riding-horse,0.25,Психическая плеть Таши,9.675000,9.675000
4,Харизма,roper,5,Психическая плеть Таши,9.125000,9.125000
4,Харизма,rug-of-smothering,2,Психическая плеть Таши,0.000000,0.000000
4,Харизма,rust-monster,0.5,Психическая плеть Таши,9.675000,9.675000
4,Харизма,saber-toothed-tiger,2,Психическая плеть Таши,9.675000,9.675000
4,Харизма,sahuagin,0.5,Психическая плеть Таши,8.300000,8.300000
4,Харизма,salamander,5,Психическая плеть Таши,8.575000,8.575000
4,Харизма,satyr,0.5,Психическая плеть Таши,6.980000,6.980000
4,Харизма,scout,0.5,Психическая плеть Таши,8.575000,8.575000
4,Харизма,sea-hag,2,Психическая плеть Таши,8.300000,8.300000
4,Харизма,shadow,0.5,Психическая плеть Таши,9.125000,9.125000
4,Харизма,shambling-mound,5,Психическая плеть Таши,9.400000,9.400000
4,Харизма,silver-dragon-wyrmling,2,Психическая плеть Таши,8.300000,8.300000
4,Харизма,skeleton,0.25,Психическая плеть Таши,9.125000,9.125000
4,Харизма,specter,1,Психическая плеть Таши,8.575000,8.575000
4,Харизма,sprite,0.25,Психическая плеть Таши,8.025000,8.025000
4,Харизма,spy,1,Психическая плеть Таши,8.300000,8.300000
4,Харизма,steam-mephit,0.25,Психическая плеть Таши,8.575000,8.575000
4,Харизма,succubus-incubus,4,Психическая плеть Таши,8.025000,8.025000
4,Харизма,swarm-of-bats,0.25,Психическая плеть Таши,9.675000,9.675000
4,Харизма,swarm-of-beetles,0.5,Психическая плеть Таши,9.950000,9.950000
4,Харизма,swarm-of-centipedes,0.5,Психическая плеть Таши,9.950000,9.950000
4,Харизма,swarm-of-insects,0.5,Психическая плеть Таши,9.950000,9.950000
4,Харизма,swarm-of-poisonous-snakes,2,Психическая плеть Таши,9.950000,9.950000
4,Харизма,swarm-of-quippers,1,Психическая плеть Таши,9.950000,9.950000
4,Харизма,swarm-of-rats,0.25,Психическая плеть Таши,9.675000,9.675000
4,Харизма,swarm-of-ravens,0.25,Психическая плеть Таши,9.675000,9.675000
4,Харизма,swarm-of-spiders,0.5,Психическая плеть Таши,9.950000,9.950000
4,Харизма,swarm-of-wasps,0.5,Психическая плеть Таши,9.950000,9.950000
4,Харизма,thug,0.5,Психическая плеть Таши,8.575000,8.575000
4,Харизма,tiger,1,Психическая плеть Таши,9.675000,9.675000
4,Харизма,triceratops,5,Психическая плеть Таши,9.675000,9.675000
4,Харизма,troll,5,Психическая плеть Таши,9.125000,9.125000
4,Харизма,unicorn,5,Психическая плеть Таши,7.323750,7.323750
4,Харизма,vampire-spawn,5,Психическая плеть Таши,8.575000,8.575000
4,Харизма,veteran,3,Психическая плеть Таши,8.575000,8.575000
4,Харизма,violet-fungus,0.25,Психическая плеть Таши,9.950000,9.950000
4,Харизма,vrock,6,Психическая плеть Таши,7.695000,7.695000
4,Харизма,warhorse,0.5,Психическая плеть Таши,9.675000,9.675000
4,Харизма,warhorse-skeleton,0.5,Психическая плеть Таши,9.675000,9.675000
4,Харизма,water-elemental,5,Психическая плеть Таши,9.400000,9.400000
4,Харизма,werebear-bear,5,Психическая плеть Таши,8.575000,8.575000
4,Харизма,werebear-human,5,Психическая плеть Таши,8.575000,8.575000
4,Харизма,werebear-hybrid,5,Психическая плеть Таши,8.575000,8.575000
4,Харизма,wereboar-boar,4,Психическая плеть Таши,8.575000,8.575000
4,Харизма,wereboar-human,4,Психическая плеть Таши,8.575000,8.575000
4,Харизма,wereboar-hybrid,4,Психическая плеть Таши,8.575000,8.575000
4,Харизма,wererat-human,2,Психическая плеть Таши,8.575000,8.575000
4,Харизма,wererat-hybrid,2,Психическая плеть Таши,8.575000,8.575000
4,Харизма,wererat-rat,2,Психическая плеть Таши,8.575000,8.575000
4,Харизма,weretiger-human,4,Психическая плеть Таши,8.575000,8.575000
4,Харизма,weretiger-hybrid,4,Психическая плеть Таши,8.575000,8.575000
4,Харизма,weretiger-tiger,4,Психическая плеть Таши,8.575000,8.575000
4,Харизма,werewolf-human,3,Психическая плеть Таши,8.575000,8.575000
4,Харизма,werewolf-hybrid,3,Психическая плеть Таши,8.575000,8.575000
4,Харизма,werewolf-wolf,3,Психическая плеть Таши,8.575000,8.575000
4,Харизма,white-dragon-wyrmling,2,Психическая плеть Таши,9.400000,9.400000
4,Харизма,wight,3,Психическая плеть Таши,8.575000,8.575000
4,Харизма,will-o-wisp,2,Психическая плеть Таши,8.300000,8.300000
4,Харизма,winter-wolf,3,Психическая плеть Таши,9.125000,9.125000
4,Харизма,wolf,0.25,Психическая плеть Таши,9.675000,9.675000
4,Харизма,worg,0.5,Психическая плеть Таши,9.125000,9.125000
4,Харизма,wraith,5,Психическая плеть Таши,8.300000,8.300000
4,Харизма,wyvern,6,Психическая плеть Таши,9.400000,9.400000
4,Харизма,xorn,5,Психическая плеть Таши,8.575000,8.575000
4,Харизма,young-brass-dragon,6,Психическая плеть Таши,8.300000,8.300000
4,Харизма,young-white-dragon,6,Психическая плеть Таши,9.125000,9.125000
4,Харизма,zombie,0.25,Психическая плеть Таши,9.675000,9.675000
5,Харизма,air-elemental,5,"Хроматический шар: холод, ячейка I",9.450000,9.450000
5,Харизма,ankheg,2,"Хроматический шар: холод, ячейка I",10.125000,10.125000
5,Харизма,assassin,8,"Хроматический шар: холод, ячейка I",9.450000,9.450000
5,Харизма,awakened-tree,2,"Хроматический шар: холод, ячейка I",10.800000,10.800000
5,Харизма,azer,2,"Хроматический шар: холод, ячейка I",8.100000,8.100000
5,Харизма,bandit-captain,2,"Хроматический шар: холод, ячейка I",9.450000,9.450000
5,Харизма,barbed-devil,5,"Хроматический шар: холод, ячейка I",4.562500,4.562500
5,Харизма,basilisk,3,"Хроматический шар: холод, ячейка I",11.475000,11.475000
5,Харизма,bearded-devil,3,"Хроматический шар: холод, ячейка I",5.212500,5.212500
5,Харизма,berserker,2,"Хроматический шар: холод, ячейка I",10.800000,10.800000
5,Харизма,black-dragon-wyrmling,2,"Хроматический шар: холод, ячейка I",8.100000,8.100000
5,Харизма,black-pudding,4,"Хроматический шар: холод, ячейка I",0.000000,0.000000
5,Харизма,blue-dragon-wyrmling,3,"Хроматический шар: холод, ячейка I",8.100000,8.100000
5,Харизма,bronze-dragon-wyrmling,2,"Хроматический шар: холод, ячейка I",8.100000,8.100000
5,Харизма,bulette,5,"Хроматический шар: холод, ячейка I",8.100000,8.100000
5,Харизма,centaur,2,"Хроматический шар: холод, ячейка I",11.475000,11.475000
5,Харизма,chain-devil,8,"Хроматический шар: холод, ячейка I",4.237500,4.237500
5,Харизма,chimera,6,"Хроматический шар: холод, ячейка I",10.125000,10.125000
5,Харизма,chuul,4,"Хроматический шар: холод, ячейка I",8.775000,8.775000
5,Харизма,cloaker,8,"Хроматический шар: холод, ячейка I",10.125000,10.125000
5,Харизма,couatl,4,"Хроматический шар: холод, ячейка I",6.750000,6.750000
5,Харизма,cult-fanatic,2,"Хроматический шар: холод, ячейка I",10.800000,10.800000
5,Харизма,doppelganger,3,"Хроматический шар: холод, ячейка I",10.125000,10.125000
5,Харизма,drider,6,"Хроматический шар: холод, ячейка I",6.750000,6.750000
5,Харизма,druid,2,"Хроматический шар: холод, ячейка I",8.775000,8.775000
5,Харизма,earth-elemental,5,"Хроматический шар: холод, ячейка I",8.100000,8.100000
5,Харизма,elephant,4,"Хроматический шар: холод, ячейка I",11.475000,11.475000
5,Харизма,ettercap,2,"Хроматический шар: холод, ячейка I",10.800000,10.800000
5,Харизма,ettin,4,"Хроматический шар: холод, ячейка I",11.475000,11.475000
5,Харизма,fire-elemental,5,"Хроматический шар: холод, ячейка I",10.800000,10.800000
5,Харизма,flesh-golem,5,"Хроматический шар: холод, ячейка I",13.500000,13.500000
5,Харизма,frost-giant,8,"Хроматический шар: холод, ячейка I",0.000000,0.000000
5,Харизма,gargoyle,2,"Хроматический шар: холод, ячейка I",9.450000,9.450000
5,Харизма,gelatinous-cube,2,"Хроматический шар: холод, ячейка I",13.500000,13.500000
5,Харизма,ghast,2,"Хроматический шар: холод, ячейка I",10.800000,10.800000
5,Харизма,ghost,4,"Хроматический шар: холод, ячейка I",0.000000,0.000000
5,Харизма,giant-ape,7,"Хроматический шар: холод, ячейка I",11.475000,11.475000
5,Харизма,giant-boar,2,"Хроматический шар: холод, ячейка I",11.475000,11.475000
5,Харизма,giant-constrictor-snake,2,"Хроматический шар: холод, ячейка I",11.475000,11.475000
5,Харизма,giant-crocodile,5,"Хроматический шар: холод, ячейка I",10.125000,10.125000
5,Харизма,giant-elk,2,"Хроматический шар: холод, ячейка I",10.125000,10.125000
5,Харизма,giant-scorpion,3,"Хроматический шар: холод, ячейка I",9.450000,9.450000
5,Харизма,giant-shark,5,"Хроматический шар: холод, ячейка I",10.800000,10.800000
5,Харизма,gibbering-mouther,2,"Хроматический шар: холод, ячейка I",13.500000,13.500000
5,Харизма,gladiator,5,"Хроматический шар: холод, ячейка I",8.775000,8.775000
5,Харизма,gold-dragon-wyrmling,3,"Хроматический шар: холод, ячейка I",8.100000,8.100000
5,Харизма,gorgon,5,"Хроматический шар: холод, ячейка I",6.750000,6.750000
5,Харизма,green-dragon-wyrmling,2,"Хроматический шар: холод, ячейка I",8.100000,8.100000
5,Харизма,green-hag,3,"Хроматический шар: холод, ячейка I",8.100000,8.100000
5,Харизма,grick,2,"Хроматический шар: холод, ячейка I",10.125000,10.125000
5,Харизма,griffon,2,"Хроматический шар: холод, ячейка I",11.475000,11.475000
5,Харизма,half-red-dragon-veteran,5,"Хроматический шар: холод, ячейка I",7.425000,7.425000
5,Харизма,hell-hound,3,"Хроматический шар: холод, ячейка I",9.450000,9.450000
5,Харизма,hezrou,8,"Хроматический шар: холод, ячейка I",4.237500,4.237500
5,Харизма,hill-giant,5,"Хроматический шар: холод, ячейка I",10.800000,10.800000
5,Харизма,hunter-shark,2,"Хроматический шар: холод, ячейка I",11.475000,11.475000
5,Харизма,hydra,8,"Хроматический шар: холод, ячейка I",9.450000,9.450000
5,Харизма,invisible-stalker,6,"Хроматический шар: холод, ячейка I",10.125000,10.125000
5,Харизма,killer-whale,3,"Хроматический шар: холод, ячейка I",11.475000,11.475000
5,Харизма,knight,3,"Хроматический шар: холод, ячейка I",7.425000,7.425000
5,Харизма,lamia,4,"Хроматический шар: холод, ячейка I",10.800000,10.800000
5,Харизма,mage,6,"Хроматический шар: холод, ячейка I",9.450000,9.450000
5,Харизма,mammoth,6,"Хроматический шар: холод, ячейка I",10.800000,10.800000
5,Харизма,manticore,3,"Хроматический шар: холод, ячейка I",10.125000,10.125000
5,Харизма,medusa,6,"Хроматический шар: холод, ячейка I",9.450000,9.450000
5,Харизма,merrow,2,"Хроматический шар: холод, ячейка I",10.800000,10.800000
5,Харизма,mimic,2,"Хроматический шар: холод, ячейка I",11.475000,11.475000
5,Харизма,minotaur,3,"Хроматический шар: холод, ячейка I",10.125000,10.125000
5,Харизма,minotaur-skeleton,2,"Хроматический шар: холод, ячейка I",11.475000,11.475000
5,Харизма,mummy,3,"Хроматический шар: холод, ячейка I",12.150000,12.150000
5,Харизма,night-hag,5,"Хроматический шар: холод, ячейка I",3.912500,3.912500
5,Харизма,nightmare,3,"Хроматический шар: холод, ячейка I",10.800000,10.800000
5,Харизма,ochre-jelly,2,"Хроматический шар: холод, ячейка I",13.500000,13.500000
5,Харизма,ogre,2,"Хроматический шар: холод, ячейка I",12.150000,12.150000
5,Харизма,ogre-zombie,2,"Хроматический шар: холод, ячейка I",13.500000,13.500000
5,Харизма,oni,7,"Хроматический шар: холод, ячейка I",8.775000,8.775000
5,Харизма,otyugh,5,"Хроматический шар: холод, ячейка I",10.125000,10.125000
5,Харизма,owlbear,3,"Хроматический шар: холод, ячейка I",10.800000,10.800000
5,Харизма,pegasus,2,"Хроматический шар: холод, ячейка I",11.475000,11.475000
5,Харизма,phase-spider,3,"Хроматический шар: холод, ячейка I",10.800000,10.800000
5,Харизма,plesiosaurus,2,"Хроматический шар: холод, ячейка I",10.800000,10.800000
5,Харизма,polar-bear,2,"Хроматический шар: холод, ячейка I",11.475000,11.475000
5,Харизма,priest,2,"Хроматический шар: холод, ячейка I",10.800000,10.800000
5,Харизма,red-dragon-wyrmling,4,"Хроматический шар: холод, ячейка I",8.100000,8.100000
5,Харизма,rhinoceros,2,"Хроматический шар: холод, ячейка I",12.150000,12.150000
5,Харизма,roper,5,"Хроматический шар: холод, ячейка I",6.075000,6.075000
5,Харизма,rug-of-smothering,2,"Хроматический шар: холод, ячейка I",11.475000,11.475000
5,Харизма,saber-toothed-tiger,2,"Хроматический шар: холод, ячейка I",11.475000,11.475000
5,Харизма,salamander,5,"Хроматический шар: холод, ячейка I",18.900000,18.900000
5,Харизма,sea-hag,2,"Хроматический шар: холод, ячейка I",10.125000,10.125000
5,Харизма,shambling-mound,5,"Хроматический шар: холод, ячейка I",4.562500,4.562500
5,Харизма,shield-guardian,7,"Хроматический шар: холод, ячейка I",8.100000,8.100000
5,Харизма,silver-dragon-wyrmling,2,"Хроматический шар: холод, ячейка I",0.000000,0.000000
5,Харизма,spirit-naga,8,"Хроматический шар: холод, ячейка I",9.450000,9.450000
5,Харизма,stone-giant,7,"Хроматический шар: холод, ячейка I",8.100000,8.100000
5,Харизма,succubus-incubus,4,"Хроматический шар: холод, ячейка I",4.562500,4.562500
5,Харизма,swarm-of-poisonous-snakes,2,"Хроматический шар: холод, ячейка I",10.125000,10.125000
5,Харизма,triceratops,5,"Хроматический шар: холод, ячейка I",10.800000,10.800000
5,Харизма,troll,5,"Хроматический шар: холод, ячейка I",9.450000,9.450000
5,Харизма,tyrannosaurus-rex,8,"Хроматический шар: холод, ячейка I",10.800000,10.800000
5,Харизма,unicorn,5,"Хроматический шар: холод, ячейка I",11.475000,11.475000
5,Харизма,vampire-spawn,5,"Хроматический шар: холод, ячейка I",9.450000,9.450000
5,Харизма,veteran,3,"Хроматический шар: холод, ячейка I",8.100000,8.100000
5,Харизма,vrock,6,"Хроматический шар: холод, ячейка I",4.562500,4.562500
5,Харизма,water-elemental,5,"Хроматический шар: холод, ячейка I",10.125000,10.125000
5,Харизма,werebear-bear,5,"Хроматический шар: холод, ячейка I",12.150000,12.150000
5,Харизма,werebear-human,5,"Хроматический шар: холод, ячейка I",12.825000,12.825000
5,Харизма,werebear-hybrid,5,"Хроматический шар: холод, ячейка I",12.150000,12.150000
5,Харизма,wereboar-boar,4,"Хроматический шар: холод, ячейка I",12.150000,12.150000
5,Харизма,wereboar-human,4,"Хроматический шар: холод, ячейка I",12.825000,12.825000
5,Харизма,wereboar-hybrid,4,"Хроматический шар: холод, ячейка I",12.150000,12.150000
5,Харизма,wererat-human,2,"Хроматический шар: холод, ячейка I",11.475000,11.475000
5,Харизма,wererat-hybrid,2,"Хроматический шар: холод, ячейка I",11.475000,11.475000
5,Харизма,wererat-rat,2,"Хроматический шар: холод, ячейка I",11.475000,11.475000
5,Харизма,weretiger-human,4,"Хроматический шар: холод, ячейка I",11.475000,11.475000
5,Харизма,weretiger-hybrid,4,"Хроматический шар: холод, ячейка I",11.475000,11.475000
5,Харизма,weretiger-tiger,4,"Хроматический шар: холод, ячейка I",11.475000,11.475000
5,Харизма,werewolf-human,3,"Хроматический шар: холод, ячейка I",12.150000,12.150000
5,Харизма,werewolf-hybrid,3,"Хроматический шар: холод, ячейка I",11.475000,11.475000
5,Харизма,werewolf-wolf,3,"Хроматический шар: холод, ячейка I",11.475000,11.475000
5,Харизма,white-dragon-wyrmling,2,"Хроматический шар: холод, ячейка I",0.000000,0.000000
5,Харизма,wight,3,"Хроматический шар: холод, ячейка I",10.125000,10.125000
5,Харизма,will-o-wisp,2,"Хроматический шар: холод, ячейка I",3.262500,3.262500
5,Харизма,winter-wolf,3,"Хроматический шар: холод, ячейка I",0.000000,0.000000
5,Харизма,wraith,5,"Хроматический шар: холод, ячейка I",5.212500,5.212500
5,Харизма,wyvern,6,"Хроматический шар: холод, ячейка I",10.800000,10.800000
5,Харизма,xorn,5,"Хроматический шар: холод, ячейка I",6.750000,6.750000
5,Харизма,young-black-dragon,7,"Хроматический шар: холод, ячейка I",7.425000,7.425000
5,Харизма,young-brass-dragon,6,"Хроматический шар: холод, ячейка I",8.100000,8.100000
5,Харизма,young-bronze-dragon,8,"Хроматический шар: холод, ячейка I",7.425000,7.425000
5,Харизма,young-copper-dragon,7,"Хроматический шар: холод, ячейка I",8.100000,8.100000
5,Харизма,young-green-dragon,8,"Хроматический шар: холод, ячейка I",7.425000,7.425000
5,Харизма,young-white-dragon,6,"Хроматический шар: холод, ячейка I",0.000000,0.000000
5,Харизма,air-elemental,5,Психическая плеть Таши,9.400000,9.400000
5,Харизма,ankheg,2,Психическая плеть Таши,10.225000,10.225000
5,Харизма,assassin,8,Психическая плеть Таши,7.750000,7.750000
5,Харизма,awakened-tree,2,Психическая плеть Таши,8.850000,8.850000
5,Харизма,azer,2,Психическая плеть Таши,8.575000,8.575000
5,Харизма,bandit-captain,2,Психическая плеть Таши,8.300000,8.300000
5,Харизма,barbed-devil,5,Психическая плеть Таши,7.323750,7.323750
5,Харизма,basilisk,3,Психическая плеть Таши,9.950000,9.950000
5,Харизма,bearded-devil,3,Психическая плеть Таши,8.093750,8.093750
5,Харизма,berserker,2,Психическая плеть Таши,9.125000,9.125000
5,Харизма,black-dragon-wyrmling,2,Психическая плеть Таши,8.850000,8.850000
5,Харизма,black-pudding,4,Психическая плеть Таши,10.225000,10.225000
5,Харизма,blue-dragon-wyrmling,3,Психическая плеть Таши,8.575000,8.575000
5,Харизма,bronze-dragon-wyrmling,2,Психическая плеть Таши,8.575000,8.575000
5,Харизма,bulette,5,Психическая плеть Таши,9.950000,9.950000
5,Харизма,centaur,2,Психическая плеть Таши,9.125000,9.125000
5,Харизма,chain-devil,8,Психическая плеть Таши,7.695000,7.695000
5,Харизма,chimera,6,Психическая плеть Таши,9.950000,9.950000
5,Харизма,chuul,4,Психическая плеть Таши,9.675000,9.675000
5,Харизма,cloaker,8,Психическая плеть Таши,8.575000,8.575000
5,Харизма,couatl,4,Психическая плеть Таши,0.000000,0.000000
5,Харизма,cult-fanatic,2,Психическая плеть Таши,8.850000,8.850000
5,Харизма,doppelganger,3,Психическая плеть Таши,8.850000,8.850000
5,Харизма,drider,6,Психическая плеть Таши,8.575000,8.575000
5,Харизма,druid,2,Психическая плеть Таши,8.575000,8.575000
5,Харизма,earth-elemental,5,Психическая плеть Таши,9.675000,9.675000
5,Харизма,elephant,4,Психическая плеть Таши,9.950000,9.950000
5,Харизма,ettercap,2,Психическая плеть Таши,9.400000,9.400000
5,Харизма,ettin,4,Психическая плеть Таши,9.400000,9.400000
5,Харизма,fire-elemental,5,Психическая плеть Таши,9.400000,9.400000
5,Харизма,flesh-golem,5,Психическая плеть Таши,8.520000,8.520000
5,Харизма,frost-giant,8,Психическая плеть Таши,9.125000,9.125000
5,Харизма,gargoyle,2,Психическая плеть Таши,9.400000,9.400000
5,Харизма,gelatinous-cube,2,Психическая плеть Таши,10.225000,10.225000
5,Харизма,ghast,2,Психическая плеть Таши,8.850000,8.850000
5,Харизма,ghost,4,Психическая плеть Таши,8.850000,8.850000
5,Харизма,giant-ape,7,Психическая плеть Таши,9.400000,9.400000
5,Харизма,giant-boar,2,Психическая плеть Таши,9.950000,9.950000
5,Харизма,giant-constrictor-snake,2,Психическая плеть Таши,10.225000,10.225000
5,Харизма,giant-crocodile,5,Психическая плеть Таши,9.950000,9.950000
5,Харизма,giant-elk,2,Психическая плеть Таши,9.400000,9.400000
5,Харизма,giant-scorpion,3,Психическая плеть Таши,10.225000,10.225000
5,Харизма,giant-shark,5,Психическая плеть Таши,10.225000,10.225000
5,Харизма,gibbering-mouther,2,Психическая плеть Таши,9.950000,9.950000
5,Харизма,gladiator,5,Психическая плеть Таши,8.850000,8.850000
5,Харизма,gold-dragon-wyrmling,3,Психическая плеть Таши,8.300000,8.300000
5,Харизма,gorgon,5,Психическая плеть Таши,9.950000,9.950000
5,Харизма,green-dragon-wyrmling,2,Психическая плеть Таши,8.300000,8.300000
5,Харизма,green-hag,3,Психическая плеть Таши,8.575000,8.575000
5,Харизма,grick,2,Психическая плеть Таши,9.950000,9.950000
5,Харизма,griffon,2,Психическая плеть Таши,9.950000,9.950000
5,Харизма,half-red-dragon-veteran,5,Психическая плеть Таши,8.850000,8.850000
5,Харизма,hell-hound,3,Психическая плеть Таши,9.400000,9.400000
5,Харизма,hezrou,8,Психическая плеть Таши,8.973750,8.973750
5,Харизма,hill-giant,5,Психическая плеть Таши,9.675000,9.675000
5,Харизма,hunter-shark,2,Психическая плеть Таши,10.225000,10.225000
5,Харизма,hydra,8,Психическая плеть Таши,9.950000,9.950000
5,Харизма,invisible-stalker,6,Психическая плеть Таши,8.850000,8.850000
5,Харизма,killer-whale,3,Психическая плеть Таши,9.950000,9.950000
5,Харизма,knight,3,Психическая плеть Таши,8.850000,8.850000
5,Харизма,lamia,4,Психическая плеть Таши,8.300000,8.300000
5,Харизма,mage,6,Психическая плеть Таши,7.200000,7.200000
5,Харизма,mammoth,6,Психическая плеть Таши,9.950000,9.950000
5,Харизма,manticore,3,Психическая плеть Таши,9.400000,9.400000
5,Харизма,medusa,6,Психическая плеть Таши,8.575000,8.575000
5,Харизма,merrow,2,Психическая плеть Таши,9.125000,9.125000
5,Харизма,mimic,2,Психическая плеть Таши,9.675000,9.675000
5,Харизма,minotaur,3,Психическая плеть Таши,9.400000,9.400000
5,Харизма,minotaur-skeleton,2,Психическая плеть Таши,9.400000,9.400000
5,Харизма,mummy,3,Психическая плеть Таши,9.400000,9.400000
5,Харизма,night-hag,5,Психическая плеть Таши,6.663750,6.663750
5,Харизма,nightmare,3,Психическая плеть Таши,8.850000,8.850000
5,Харизма,ochre-jelly,2,Психическая плеть Таши,9.950000,9.950000
5,Харизма,ogre,2,Психическая плеть Таши,9.675000,9.675000
5,Харизма,ogre-zombie,2,Психическая плеть Таши,9.950000,9.950000
5,Харизма,oni,7,Психическая плеть Таши,8.300000,8.300000
5,Харизма,otyugh,5,Психическая плеть Таши,9.400000,9.400000
5,Харизма,owlbear,3,Психическая плеть Таши,9.950000,9.950000
5,Харизма,pegasus,2,Психическая плеть Таши,8.850000,8.850000
5,Харизма,phase-spider,3,Психическая плеть Таши,9.400000,9.400000
5,Харизма,plesiosaurus,2,Психическая плеть Таши,9.950000,9.950000
5,Харизма,polar-bear,2,Психическая плеть Таши,9.950000,9.950000
5,Харизма,priest,2,Психическая плеть Таши,8.575000,8.575000
5,Харизма,red-dragon-wyrmling,4,Психическая плеть Таши,8.575000,8.575000
5,Харизма,rhinoceros,2,Психическая плеть Таши,9.950000,9.950000
5,Харизма,roper,5,Психическая плеть Таши,9.400000,9.400000
5,Харизма,rug-of-smothering,2,Психическая плеть Таши,0.000000,0.000000
5,Харизма,saber-toothed-tiger,2,Психическая плеть Таши,9.950000,9.950000
5,Харизма,salamander,5,Психическая плеть Таши,8.850000,8.850000
5,Харизма,sea-hag,2,Психическая плеть Таши,8.575000,8.575000
5,Харизма,shambling-mound,5,Психическая плеть Таши,9.675000,9.675000
5,Харизма,shield-guardian,7,Психическая плеть Таши,9.400000,9.400000
5,Харизма,silver-dragon-wyrmling,2,Психическая плеть Таши,8.575000,8.575000
5,Харизма,spirit-naga,8,Психическая плеть Таши,8.025000,8.025000
5,Харизма,stone-giant,7,Психическая плеть Таши,8.850000,8.850000
5,Харизма,succubus-incubus,4,Психическая плеть Таши,8.300000,8.300000
5,Харизма,swarm-of-poisonous-snakes,2,Психическая плеть Таши,10.225000,10.225000
5,Харизма,triceratops,5,Психическая плеть Таши,9.950000,9.950000
5,Харизма,troll,5,Психическая плеть Таши,9.400000,9.400000
5,Харизма,tyrannosaurus-rex,8,Психическая плеть Таши,9.950000,9.950000
5,Харизма,unicorn,5,Психическая плеть Таши,7.695000,7.695000
5,Харизма,vampire-spawn,5,Психическая плеть Таши,8.850000,8.850000
5,Харизма,veteran,3,Психическая плеть Таши,8.850000,8.850000
5,Харизма,vrock,6,Психическая плеть Таши,8.093750,8.093750
5,Харизма,water-elemental,5,Психическая плеть Таши,9.675000,9.675000
5,Харизма,werebear-bear,5,Психическая плеть Таши,8.850000,8.850000
5,Харизма,werebear-human,5,Психическая плеть Таши,8.850000,8.850000
5,Харизма,werebear-hybrid,5,Психическая плеть Таши,8.850000,8.850000
5,Харизма,wereboar-boar,4,Психическая плеть Таши,8.850000,8.850000
5,Харизма,wereboar-human,4,Психическая плеть Таши,8.850000,8.850000
5,Харизма,wereboar-hybrid,4,Психическая плеть Таши,8.850000,8.850000
5,Харизма,wererat-human,2,Психическая плеть Таши,8.850000,8.850000
5,Харизма,wererat-hybrid,2,Психическая плеть Таши,8.850000,8.850000
5,Харизма,wererat-rat,2,Психическая плеть Таши,8.850000,8.850000
5,Харизма,weretiger-human,4,Психическая плеть Таши,8.850000,8.850000
5,Харизма,weretiger-hybrid,4,Психическая плеть Таши,8.850000,8.850000
5,Харизма,weretiger-tiger,4,Психическая плеть Таши,8.850000,8.850000
5,Харизма,werewolf-human,3,Психическая плеть Таши,8.850000,8.850000
5,Харизма,werewolf-hybrid,3,Психическая плеть Таши,8.850000,8.850000
5,Харизма,werewolf-wolf,3,Психическая плеть Таши,8.850000,8.850000
5,Харизма,white-dragon-wyrmling,2,Психическая плеть Таши,9.675000,9.675000
5,Харизма,wight,3,Психическая плеть Таши,8.850000,8.850000
5,Харизма,will-o-wisp,2,Психическая плеть Таши,8.575000,8.575000
5,Харизма,winter-wolf,3,Психическая плеть Таши,9.400000,9.400000
5,Харизма,wraith,5,Психическая плеть Таши,8.575000,8.575000
5,Харизма,wyvern,6,Психическая плеть Таши,9.675000,9.675000
5,Харизма,xorn,5,Психическая плеть Таши,8.850000,8.850000
5,Харизма,young-black-dragon,7,Психическая плеть Таши,8.575000,8.575000
5,Харизма,young-brass-dragon,6,Психическая плеть Таши,8.575000,8.575000
5,Харизма,young-bronze-dragon,8,Психическая плеть Таши,8.300000,8.300000
5,Харизма,young-copper-dragon,7,Психическая плеть Таши,8.025000,8.025000
5,Харизма,young-green-dragon,8,Психическая плеть Таши,8.025000,8.025000
5,Харизма,young-white-dragon,6,Психическая плеть Таши,9.400000,9.400000
5,Харизма,air-elemental,5,Псионический заряд,16.175000,16.175000
5,Харизма,ankheg,2,Псионический заряд,19.050000,19.050000
5,Харизма,assassin,8,Псионический заряд,15.600000,15.600000
5,Харизма,awakened-tree,2,Псионический заряд,20.200000,20.200000
5,Харизма,azer,2,Псионический заряд,18.475000,18.475000
5,Харизма,bandit-captain,2,Псионический заряд,16.175000,16.175000
5,Харизма,barbed-devil,5,Псионический заряд,14.478750,14.478750
5,Харизма,basilisk,3,Псионический заряд,19.625000,19.625000
5,Харизма,bearded-devil,3,Псионический заряд,15.140000,15.140000
5,Харизма,berserker,2,Псионический заряд,18.475000,18.475000
5,Харизма,black-dragon-wyrmling,2,Псионический заряд,16.750000,16.750000
5,Харизма,black-pudding,4,Псионический заряд,20.775000,20.775000
5,Харизма,blue-dragon-wyrmling,3,Псионический заряд,17.900000,17.900000
5,Харизма,bronze-dragon-wyrmling,2,Псионический заряд,17.900000,17.900000
5,Харизма,bulette,5,Псионический заряд,19.050000,19.050000
5,Харизма,centaur,2,Псионический заряд,17.900000,17.900000
5,Харизма,chain-devil,8,Псионический заряд,15.140000,15.140000
5,Харизма,chimera,6,Псионический заряд,19.050000,19.050000
5,Харизма,chuul,4,Псионический заряд,19.050000,19.050000
5,Харизма,cloaker,8,Псионический заряд,17.900000,17.900000
5,Харизма,couatl,4,Псионический заряд,16.175000,16.175000
5,Харизма,cult-fanatic,2,Псионический заряд,17.900000,17.900000
5,Харизма,doppelganger,3,Псионический заряд,16.750000,16.750000
5,Харизма,drider,6,Псионический заряд,17.325000,17.325000
5,Харизма,druid,2,Псионический заряд,18.475000,18.475000
5,Харизма,earth-elemental,5,Псионический заряд,19.625000,19.625000
5,Харизма,elephant,4,Псионический заряд,19.625000,19.625000
5,Харизма,ettercap,2,Псионический заряд,17.900000,17.900000
5,Харизма,ettin,4,Псионический заряд,19.625000,19.625000
5,Харизма,fire-elemental,5,Псионический заряд,17.325000,17.325000
5,Харизма,flesh-golem,5,Псионический заряд,17.468750,17.468750
5,Харизма,frost-giant,8,Псионический заряд,19.625000,19.625000
5,Харизма,gargoyle,2,Псионический заряд,19.050000,19.050000
5,Харизма,gelatinous-cube,2,Псионический заряд,21.350000,21.350000
5,Харизма,ghast,2,Псионический заряд,17.325000,17.325000
5,Харизма,ghost,4,Псионический заряд,18.475000,18.475000
5,Харизма,giant-ape,7,Псионический заряд,17.900000,17.900000
5,Харизма,giant-boar,2,Псионический заряд,19.050000,19.050000
5,Харизма,giant-constrictor-snake,2,Псионический заряд,17.900000,17.900000
5,Харизма,giant-crocodile,5,Псионический заряд,19.625000,19.625000
5,Харизма,giant-elk,2,Псионический заряд,17.325000,17.325000
5,Харизма,giant-scorpion,3,Псионический заряд,18.475000,18.475000
5,Харизма,giant-shark,5,Псионический заряд,19.050000,19.050000
5,Харизма,gibbering-mouther,2,Псионический заряд,19.625000,19.625000
5,Харизма,gladiator,5,Псионический заряд,16.175000,16.175000
5,Харизма,gold-dragon-wyrmling,3,Псионический заряд,16.750000,16.750000
5,Харизма,gorgon,5,Псионический заряд,19.050000,19.050000
5,Харизма,green-dragon-wyrmling,2,Псионический заряд,17.325000,17.325000
5,Харизма,green-hag,3,Псионический заряд,18.475000,18.475000
5,Харизма,grick,2,Псионический заряд,17.900000,17.900000
5,Харизма,griffon,2,Псионический заряд,17.900000,17.900000
5,Харизма,half-red-dragon-veteran,5,Псионический заряд,18.475000,18.475000
5,Харизма,hell-hound,3,Псионический заряд,18.475000,18.475000
5,Харизма,hezrou,8,Псионический заряд,14.478750,14.478750
5,Харизма,hill-giant,5,Псионический заряд,19.625000,19.625000
5,Харизма,hunter-shark,2,Псионический заряд,18.475000,18.475000
5,Харизма,hydra,8,Псионический заряд,18.475000,18.475000
5,Харизма,invisible-stalker,6,Псионический заряд,16.750000,16.750000
5,Харизма,killer-whale,3,Псионический заряд,19.050000,19.050000
5,Харизма,knight,3,Псионический заряд,19.050000,19.050000
5,Харизма,lamia,4,Псионический заряд,18.475000,18.475000
5,Харизма,mage,6,Псионический заряд,17.900000,17.900000
5,Харизма,mammoth,6,Псионический заряд,19.625000,19.625000
5,Харизма,manticore,3,Псионический заряд,17.325000,17.325000
5,Харизма,medusa,6,Псионический заряд,17.900000,17.900000
5,Харизма,merrow,2,Псионический заряд,19.050000,19.050000
5,Харизма,mimic,2,Псионический заряд,18.475000,18.475000
5,Харизма,minotaur,3,Псионический заряд,19.050000,19.050000
5,Харизма,minotaur-skeleton,2,Псионический заряд,19.050000,19.050000
5,Харизма,mummy,3,Псионический заряд,19.625000,19.625000
5,Харизма,night-hag,5,Псионический заряд,15.140000,15.140000
5,Харизма,nightmare,3,Псионический заряд,17.900000,17.900000
5,Харизма,ochre-jelly,2,Псионический заряд,20.200000,20.200000
5,Харизма,ogre,2,Псионический заряд,19.625000,19.625000
5,Харизма,ogre-zombie,2,Псионический заряд,20.200000,20.200000
5,Харизма,oni,7,Псионический заряд,17.325000,17.325000
5,Харизма,otyugh,5,Псионический заряд,19.050000,19.050000
5,Харизма,owlbear,3,Псионический заряд,18.475000,18.475000
5,Харизма,pegasus,2,Псионический заряд,16.750000,16.750000
5,Харизма,phase-spider,3,Псионический заряд,17.900000,17.900000
5,Харизма,plesiosaurus,2,Псионический заряд,17.900000,17.900000
5,Харизма,polar-bear,2,Псионический заряд,19.050000,19.050000
5,Харизма,priest,2,Псионический заряд,19.050000,19.050000
5,Харизма,red-dragon-wyrmling,4,Псионический заряд,17.900000,17.900000
5,Харизма,rhinoceros,2,Псионический заряд,19.625000,19.625000
5,Харизма,roper,5,Псионический заряд,19.625000,19.625000
5,Харизма,rug-of-smothering,2,Псионический заряд,17.900000,17.900000
5,Харизма,saber-toothed-tiger,2,Псионический заряд,17.900000,17.900000
5,Харизма,salamander,5,Псионический заряд,17.900000,17.900000
5,Харизма,sea-hag,2,Псионический заряд,18.475000,18.475000
5,Харизма,shambling-mound,5,Псионический заряд,19.625000,19.625000
5,Харизма,shield-guardian,7,Псионический заряд,19.625000,19.625000
5,Харизма,silver-dragon-wyrmling,2,Псионический заряд,17.900000,17.900000
5,Харизма,spirit-naga,8,Псионический заряд,15.600000,15.600000
5,Харизма,stone-giant,7,Псионический заряд,16.175000,16.175000
5,Харизма,succubus-incubus,4,Псионический заряд,17.325000,17.325000
5,Харизма,swarm-of-poisonous-snakes,2,Псионический заряд,16.750000,16.750000
5,Харизма,triceratops,5,Псионический заряд,19.625000,19.625000
5,Харизма,troll,5,Псионический заряд,18.475000,18.475000
5,Харизма,tyrannosaurus-rex,8,Псионический заряд,19.050000,19.050000
5,Харизма,unicorn,5,Псионический заряд,15.140000,15.140000
5,Харизма,vampire-spawn,5,Псионический заряд,15.600000,15.600000
5,Харизма,veteran,3,Псионический заряд,18.475000,18.475000
5,Харизма,vrock,6,Псионический заряд,13.328750,13.328750
5,Харизма,water-elemental,5,Псионический заряд,17.900000,17.900000
5,Харизма,werebear-bear,5,Псионический заряд,19.050000,19.050000
5,Харизма,werebear-human,5,Псионический заряд,19.050000,19.050000
5,Харизма,werebear-hybrid,5,Псионический заряд,19.050000,19.050000
5,Харизма,wereboar-boar,4,Псионический заряд,19.050000,19.050000
5,Харизма,wereboar-human,4,Псионический заряд,19.050000,19.050000
5,Харизма,wereboar-hybrid,4,Псионический заряд,19.050000,19.050000
5,Харизма,wererat-human,2,Псионический заряд,17.900000,17.900000
5,Харизма,wererat-hybrid,2,Псионический заряд,17.900000,17.900000
5,Харизма,wererat-rat,2,Псионический заряд,17.900000,17.900000
5,Харизма,weretiger-human,4,Псионический заряд,17.900000,17.900000
5,Харизма,weretiger-hybrid,4,Псионический заряд,17.900000,17.900000
5,Харизма,weretiger-tiger,4,Псионический заряд,17.900000,17.900000
5,Харизма,werewolf-human,3,Псионический заряд,18.475000,18.475000
5,Харизма,werewolf-hybrid,3,Псионический заряд,18.475000,18.475000
5,Харизма,werewolf-wolf,3,Псионический заряд,18.475000,18.475000
5,Харизма,white-dragon-wyrmling,2,Псионический заряд,17.900000,17.900000
5,Харизма,wight,3,Псионический заряд,17.900000,17.900000
5,Харизма,will-o-wisp,2,Псионический заряд,13.875000,13.875000
5,Харизма,winter-wolf,3,Псионический заряд,18.475000,18.475000
5,Харизма,wraith,5,Псионический заряд,17.325000,17.325000
5,Харизма,wyvern,6,Псионический заряд,19.050000,19.050000
5,Харизма,xorn,5,Псионический заряд,19.050000,19.050000
5,Харизма,young-black-dragon,7,Псионический заряд,16.175000,16.175000
5,Харизма,young-brass-dragon,6,Псионический заряд,17.325000,17.325000
5,Харизма,young-bronze-dragon,8,Псионический заряд,17.325000,17.325000
5,Харизма,young-copper-dragon,7,Псионический заряд,16.750000,16.750000
5,Харизма,young-green-dragon,8,Псионический заряд,16.750000,16.750000
5,Харизма,young-white-dragon,6,Псионический заряд,17.325000,17.325000
5,Харизма,air-elemental,5,"Огненный шар: альтернатива, не выбор игрока",20.162500,20.162500
5,Харизма,ankheg,2,"Огненный шар: альтернатива, не выбор игрока",23.725000,23.725000
5,Харизма,assassin,8,"Огненный шар: альтернатива, не выбор игрока",19.450000,19.450000
5,Харизма,awakened-tree,2,"Огненный шар: альтернатива, не выбор игрока",50.300000,50.300000
5,Харизма,azer,2,"Огненный шар: альтернатива, не выбор игрока",0.000000,0.000000
5,Харизма,bandit-captain,2,"Огненный шар: альтернатива, не выбор игрока",20.162500,20.162500
5,Харизма,barbed-devil,5,"Огненный шар: альтернатива, не выбор игрока",0.000000,0.000000
5,Харизма,basilisk,3,"Огненный шар: альтернатива, не выбор игрока",24.437500,24.437500
5,Харизма,bearded-devil,3,"Огненный шар: альтернатива, не выбор игрока",0.000000,0.000000
5,Харизма,berserker,2,"Огненный шар: альтернатива, не выбор игрока",23.012500,23.012500
5,Харизма,black-dragon-wyrmling,2,"Огненный шар: альтернатива, не выбор игрока",20.875000,20.875000
5,Харизма,black-pudding,4,"Огненный шар: альтернатива, не выбор игрока",25.862500,25.862500
5,Харизма,blue-dragon-wyrmling,3,"Огненный шар: альтернатива, не выбор игрока",22.300000,22.300000
5,Харизма,bronze-dragon-wyrmling,2,"Огненный шар: альтернатива, не выбор игрока",22.300000,22.300000
5,Харизма,bulette,5,"Огненный шар: альтернатива, не выбор игрока",23.725000,23.725000
5,Харизма,centaur,2,"Огненный шар: альтернатива, не выбор игрока",22.300000,22.300000
5,Харизма,chain-devil,8,"Огненный шар: альтернатива, не выбор игрока",0.000000,0.000000
5,Харизма,chimera,6,"Огненный шар: альтернатива, не выбор игрока",23.725000,23.725000
5,Харизма,chuul,4,"Огненный шар: альтернатива, не выбор игрока",23.725000,23.725000
5,Харизма,cloaker,8,"Огненный шар: альтернатива, не выбор игрока",22.300000,22.300000
5,Харизма,couatl,4,"Огненный шар: альтернатива, не выбор игрока",20.162500,20.162500
5,Харизма,cult-fanatic,2,"Огненный шар: альтернатива, не выбор игрока",22.300000,22.300000
5,Харизма,doppelganger,3,"Огненный шар: альтернатива, не выбор игрока",20.875000,20.875000
5,Харизма,drider,6,"Огненный шар: альтернатива, не выбор игрока",21.587500,21.587500
5,Харизма,druid,2,"Огненный шар: альтернатива, не выбор игрока",23.012500,23.012500
5,Харизма,earth-elemental,5,"Огненный шар: альтернатива, не выбор игрока",24.437500,24.437500
5,Харизма,elephant,4,"Огненный шар: альтернатива, не выбор игрока",24.437500,24.437500
5,Харизма,ettercap,2,"Огненный шар: альтернатива, не выбор игрока",22.300000,22.300000
5,Харизма,ettin,4,"Огненный шар: альтернатива, не выбор игрока",24.437500,24.437500
5,Харизма,fire-elemental,5,"Огненный шар: альтернатива, не выбор игрока",0.000000,0.000000
5,Харизма,flesh-golem,5,"Огненный шар: альтернатива, не выбор игрока",21.765625,21.765625
5,Харизма,frost-giant,8,"Огненный шар: альтернатива, не выбор игрока",24.437500,24.437500
5,Харизма,gargoyle,2,"Огненный шар: альтернатива, не выбор игрока",23.725000,23.725000
5,Харизма,gelatinous-cube,2,"Огненный шар: альтернатива, не выбор игрока",26.575000,26.575000
5,Харизма,ghast,2,"Огненный шар: альтернатива, не выбор игрока",21.587500,21.587500
5,Харизма,ghost,4,"Огненный шар: альтернатива, не выбор игрока",11.256251,11.256251
5,Харизма,giant-ape,7,"Огненный шар: альтернатива, не выбор игрока",22.300000,22.300000
5,Харизма,giant-boar,2,"Огненный шар: альтернатива, не выбор игрока",23.725000,23.725000
5,Харизма,giant-constrictor-snake,2,"Огненный шар: альтернатива, не выбор игрока",22.300000,22.300000
5,Харизма,giant-crocodile,5,"Огненный шар: альтернатива, не выбор игрока",24.437500,24.437500
5,Харизма,giant-elk,2,"Огненный шар: альтернатива, не выбор игрока",21.587500,21.587500
5,Харизма,giant-scorpion,3,"Огненный шар: альтернатива, не выбор игрока",23.012500,23.012500
5,Харизма,giant-shark,5,"Огненный шар: альтернатива, не выбор игрока",23.725000,23.725000
5,Харизма,gibbering-mouther,2,"Огненный шар: альтернатива, не выбор игрока",24.437500,24.437500
5,Харизма,gladiator,5,"Огненный шар: альтернатива, не выбор игрока",20.162500,20.162500
5,Харизма,gold-dragon-wyrmling,3,"Огненный шар: альтернатива, не выбор игрока",0.000000,0.000000
5,Харизма,gorgon,5,"Огненный шар: альтернатива, не выбор игрока",23.725000,23.725000
5,Харизма,green-dragon-wyrmling,2,"Огненный шар: альтернатива, не выбор игрока",21.587500,21.587500
5,Харизма,green-hag,3,"Огненный шар: альтернатива, не выбор игрока",23.012500,23.012500
5,Харизма,grick,2,"Огненный шар: альтернатива, не выбор игрока",22.300000,22.300000
5,Харизма,griffon,2,"Огненный шар: альтернатива, не выбор игрока",22.300000,22.300000
5,Харизма,half-red-dragon-veteran,5,"Огненный шар: альтернатива, не выбор игрока",11.256251,11.256251
5,Харизма,hell-hound,3,"Огненный шар: альтернатива, не выбор игрока",0.000000,0.000000
5,Харизма,hezrou,8,"Огненный шар: альтернатива, не выбор игрока",8.780314,8.780314
5,Харизма,hill-giant,5,"Огненный шар: альтернатива, не выбор игрока",24.437500,24.437500
5,Харизма,hunter-shark,2,"Огненный шар: альтернатива, не выбор игрока",23.012500,23.012500
5,Харизма,hydra,8,"Огненный шар: альтернатива, не выбор игрока",23.012500,23.012500
5,Харизма,invisible-stalker,6,"Огненный шар: альтернатива, не выбор игрока",20.875000,20.875000
5,Харизма,killer-whale,3,"Огненный шар: альтернатива, не выбор игрока",23.725000,23.725000
5,Харизма,knight,3,"Огненный шар: альтернатива, не выбор игрока",23.725000,23.725000
5,Харизма,lamia,4,"Огненный шар: альтернатива, не выбор игрока",23.012500,23.012500
5,Харизма,mage,6,"Огненный шар: альтернатива, не выбор игрока",22.300000,22.300000
5,Харизма,mammoth,6,"Огненный шар: альтернатива, не выбор игрока",24.437500,24.437500
5,Харизма,manticore,3,"Огненный шар: альтернатива, не выбор игрока",21.587500,21.587500
5,Харизма,medusa,6,"Огненный шар: альтернатива, не выбор игрока",22.300000,22.300000
5,Харизма,merrow,2,"Огненный шар: альтернатива, не выбор игрока",23.725000,23.725000
5,Харизма,mimic,2,"Огненный шар: альтернатива, не выбор игрока",23.012500,23.012500
5,Харизма,minotaur,3,"Огненный шар: альтернатива, не выбор игрока",23.725000,23.725000
5,Харизма,minotaur-skeleton,2,"Огненный шар: альтернатива, не выбор игрока",23.725000,23.725000
5,Харизма,mummy,3,"Огненный шар: альтернатива, не выбор игрока",48.875000,48.875000
5,Харизма,night-hag,5,"Огненный шар: альтернатива, не выбор игрока",9.190002,9.190002
5,Харизма,nightmare,3,"Огненный шар: альтернатива, не выбор игрока",0.000000,0.000000
5,Харизма,ochre-jelly,2,"Огненный шар: альтернатива, не выбор игрока",25.150000,25.150000
5,Харизма,ogre,2,"Огненный шар: альтернатива, не выбор игрока",24.437500,24.437500
5,Харизма,ogre-zombie,2,"Огненный шар: альтернатива, не выбор игрока",25.150000,25.150000
5,Харизма,oni,7,"Огненный шар: альтернатива, не выбор игрока",21.587500,21.587500
5,Харизма,otyugh,5,"Огненный шар: альтернатива, не выбор игрока",23.725000,23.725000
5,Харизма,owlbear,3,"Огненный шар: альтернатива, не выбор игрока",23.012500,23.012500
5,Харизма,pegasus,2,"Огненный шар: альтернатива, не выбор игрока",20.875000,20.875000
5,Харизма,phase-spider,3,"Огненный шар: альтернатива, не выбор игрока",22.300000,22.300000
5,Харизма,plesiosaurus,2,"Огненный шар: альтернатива, не выбор игрока",22.300000,22.300000
5,Харизма,polar-bear,2,"Огненный шар: альтернатива, не выбор игрока",23.725000,23.725000
5,Харизма,priest,2,"Огненный шар: альтернатива, не выбор игрока",23.725000,23.725000
5,Харизма,red-dragon-wyrmling,4,"Огненный шар: альтернатива, не выбор игрока",0.000000,0.000000
5,Харизма,rhinoceros,2,"Огненный шар: альтернатива, не выбор игрока",24.437500,24.437500
5,Харизма,roper,5,"Огненный шар: альтернатива, не выбор игрока",24.437500,24.437500
5,Харизма,rug-of-smothering,2,"Огненный шар: альтернатива, не выбор игрока",22.300000,22.300000
5,Харизма,saber-toothed-tiger,2,"Огненный шар: альтернатива, не выбор игрока",22.300000,22.300000
5,Харизма,salamander,5,"Огненный шар: альтернатива, не выбор игрока",0.000000,0.000000
5,Харизма,sea-hag,2,"Огненный шар: альтернатива, не выбор игрока",23.012500,23.012500
5,Харизма,shambling-mound,5,"Огненный шар: альтернатива, не выбор игрока",11.968751,11.968751
5,Харизма,shield-guardian,7,"Огненный шар: альтернатива, не выбор игрока",24.437500,24.437500
5,Харизма,silver-dragon-wyrmling,2,"Огненный шар: альтернатива, не выбор игрока",22.300000,22.300000
5,Харизма,spirit-naga,8,"Огненный шар: альтернатива, не выбор игрока",19.450000,19.450000
5,Харизма,stone-giant,7,"Огненный шар: альтернатива, не выбор игрока",20.162500,20.162500
5,Харизма,succubus-incubus,4,"Огненный шар: альтернатива, не выбор игрока",10.543751,10.543751
5,Харизма,swarm-of-poisonous-snakes,2,"Огненный шар: альтернатива, не выбор игрока",20.875000,20.875000
5,Харизма,triceratops,5,"Огненный шар: альтернатива, не выбор игрока",24.437500,24.437500
5,Харизма,troll,5,"Огненный шар: альтернатива, не выбор игрока",23.012500,23.012500
5,Харизма,tyrannosaurus-rex,8,"Огненный шар: альтернатива, не выбор игрока",23.725000,23.725000
5,Харизма,unicorn,5,"Огненный шар: альтернатива, не выбор игрока",18.880000,18.880000
5,Харизма,vampire-spawn,5,"Огненный шар: альтернатива, не выбор игрока",19.450000,19.450000
5,Харизма,veteran,3,"Огненный шар: альтернатива, не выбор игрока",23.012500,23.012500
5,Харизма,vrock,6,"Огненный шар: альтернатива, не выбор игрока",8.067814,8.067814
5,Харизма,water-elemental,5,"Огненный шар: альтернатива, не выбор игрока",22.300000,22.300000
5,Харизма,werebear-bear,5,"Огненный шар: альтернатива, не выбор игрока",23.725000,23.725000
5,Харизма,werebear-human,5,"Огненный шар: альтернатива, не выбор игрока",23.725000,23.725000
5,Харизма,werebear-hybrid,5,"Огненный шар: альтернатива, не выбор игрока",23.725000,23.725000
5,Харизма,wereboar-boar,4,"Огненный шар: альтернатива, не выбор игрока",23.725000,23.725000
5,Харизма,wereboar-human,4,"Огненный шар: альтернатива, не выбор игрока",23.725000,23.725000
5,Харизма,wereboar-hybrid,4,"Огненный шар: альтернатива, не выбор игрока",23.725000,23.725000
5,Харизма,wererat-human,2,"Огненный шар: альтернатива, не выбор игрока",22.300000,22.300000
5,Харизма,wererat-hybrid,2,"Огненный шар: альтернатива, не выбор игрока",22.300000,22.300000
5,Харизма,wererat-rat,2,"Огненный шар: альтернатива, не выбор игрока",22.300000,22.300000
5,Харизма,weretiger-human,4,"Огненный шар: альтернатива, не выбор игрока",22.300000,22.300000
5,Харизма,weretiger-hybrid,4,"Огненный шар: альтернатива, не выбор игрока",22.300000,22.300000
5,Харизма,weretiger-tiger,4,"Огненный шар: альтернатива, не выбор игрока",22.300000,22.300000
5,Харизма,werewolf-human,3,"Огненный шар: альтернатива, не выбор игрока",23.012500,23.012500
5,Харизма,werewolf-hybrid,3,"Огненный шар: альтернатива, не выбор игрока",23.012500,23.012500
5,Харизма,werewolf-wolf,3,"Огненный шар: альтернатива, не выбор игрока",23.012500,23.012500
5,Харизма,white-dragon-wyrmling,2,"Огненный шар: альтернатива, не выбор игрока",22.300000,22.300000
5,Харизма,wight,3,"Огненный шар: альтернатива, не выбор игрока",22.300000,22.300000
5,Харизма,will-o-wisp,2,"Огненный шар: альтернатива, не выбор игрока",8.406252,8.406252
5,Харизма,winter-wolf,3,"Огненный шар: альтернатива, не выбор игрока",23.012500,23.012500
5,Харизма,wraith,5,"Огненный шар: альтернатива, не выбор игрока",10.543751,10.543751
5,Харизма,wyvern,6,"Огненный шар: альтернатива, не выбор игрока",23.725000,23.725000
5,Харизма,xorn,5,"Огненный шар: альтернатива, не выбор игрока",23.725000,23.725000
5,Харизма,young-black-dragon,7,"Огненный шар: альтернатива, не выбор игрока",20.162500,20.162500
5,Харизма,young-brass-dragon,6,"Огненный шар: альтернатива, не выбор игрока",0.000000,0.000000
5,Харизма,young-bronze-dragon,8,"Огненный шар: альтернатива, не выбор игрока",21.587500,21.587500
5,Харизма,young-copper-dragon,7,"Огненный шар: альтернатива, не выбор игрока",20.875000,20.875000
5,Харизма,young-green-dragon,8,"Огненный шар: альтернатива, не выбор игрока",20.875000,20.875000
5,Харизма,young-white-dragon,6,"Огненный шар: альтернатива, не выбор игрока",21.587500,21.587500
6,Харизма,air-elemental,5,"Хроматический шар: холод, ячейка I",12.050000,12.050000
6,Харизма,ankheg,2,"Хроматический шар: холод, ячейка I",12.925000,12.925000
6,Харизма,assassin,8,"Хроматический шар: холод, ячейка I",12.050000,12.050000
6,Харизма,awakened-tree,2,"Хроматический шар: холод, ячейка I",13.800000,13.800000
6,Харизма,azer,2,"Хроматический шар: холод, ячейка I",10.300000,10.300000
6,Харизма,bandit-captain,2,"Хроматический шар: холод, ячейка I",12.050000,12.050000
6,Харизма,barbed-devil,5,"Хроматический шар: холод, ячейка I",5.862500,5.862500
6,Харизма,basilisk,3,"Хроматический шар: холод, ячейка I",14.675000,14.675000
6,Харизма,bearded-devil,3,"Хроматический шар: холод, ячейка I",6.712500,6.712500
6,Харизма,berserker,2,"Хроматический шар: холод, ячейка I",13.800000,13.800000
6,Харизма,black-dragon-wyrmling,2,"Хроматический шар: холод, ячейка I",10.300000,10.300000
6,Харизма,black-pudding,4,"Хроматический шар: холод, ячейка I",0.000000,0.000000
6,Харизма,blue-dragon-wyrmling,3,"Хроматический шар: холод, ячейка I",10.300000,10.300000
6,Харизма,bronze-dragon-wyrmling,2,"Хроматический шар: холод, ячейка I",10.300000,10.300000
6,Харизма,bulette,5,"Хроматический шар: холод, ячейка I",10.300000,10.300000
6,Харизма,centaur,2,"Хроматический шар: холод, ячейка I",14.675000,14.675000
6,Харизма,chain-devil,8,"Хроматический шар: холод, ячейка I",5.437500,5.437500
6,Харизма,chimera,6,"Хроматический шар: холод, ячейка I",12.925000,12.925000
6,Харизма,chuul,4,"Хроматический шар: холод, ячейка I",11.175000,11.175000
6,Харизма,cloaker,8,"Хроматический шар: холод, ячейка I",12.925000,12.925000
6,Харизма,couatl,4,"Хроматический шар: холод, ячейка I",8.550000,8.550000
6,Харизма,cult-fanatic,2,"Хроматический шар: холод, ячейка I",13.800000,13.800000
6,Харизма,doppelganger,3,"Хроматический шар: холод, ячейка I",12.925000,12.925000
6,Харизма,drider,6,"Хроматический шар: холод, ячейка I",8.550000,8.550000
6,Харизма,druid,2,"Хроматический шар: холод, ячейка I",11.175000,11.175000
6,Харизма,earth-elemental,5,"Хроматический шар: холод, ячейка I",10.300000,10.300000
6,Харизма,elephant,4,"Хроматический шар: холод, ячейка I",14.675000,14.675000
6,Харизма,ettercap,2,"Хроматический шар: холод, ячейка I",13.800000,13.800000
6,Харизма,ettin,4,"Хроматический шар: холод, ячейка I",14.675000,14.675000
6,Харизма,fire-elemental,5,"Хроматический шар: холод, ячейка I",13.800000,13.800000
6,Харизма,flesh-golem,5,"Хроматический шар: холод, ячейка I",17.300000,17.300000
6,Харизма,frost-giant,8,"Хроматический шар: холод, ячейка I",0.000000,0.000000
6,Харизма,gargoyle,2,"Хроматический шар: холод, ячейка I",12.050000,12.050000
6,Харизма,gelatinous-cube,2,"Хроматический шар: холод, ячейка I",17.300000,17.300000
6,Харизма,ghast,2,"Хроматический шар: холод, ячейка I",13.800000,13.800000
6,Харизма,ghost,4,"Хроматический шар: холод, ячейка I",0.000000,0.000000
6,Харизма,giant-ape,7,"Хроматический шар: холод, ячейка I",14.675000,14.675000
6,Харизма,giant-boar,2,"Хроматический шар: холод, ячейка I",14.675000,14.675000
6,Харизма,giant-constrictor-snake,2,"Хроматический шар: холод, ячейка I",14.675000,14.675000
6,Харизма,giant-crocodile,5,"Хроматический шар: холод, ячейка I",12.925000,12.925000
6,Харизма,giant-elk,2,"Хроматический шар: холод, ячейка I",12.925000,12.925000
6,Харизма,giant-scorpion,3,"Хроматический шар: холод, ячейка I",12.050000,12.050000
6,Харизма,giant-shark,5,"Хроматический шар: холод, ячейка I",13.800000,13.800000
6,Харизма,gibbering-mouther,2,"Хроматический шар: холод, ячейка I",17.300000,17.300000
6,Харизма,gladiator,5,"Хроматический шар: холод, ячейка I",11.175000,11.175000
6,Харизма,gold-dragon-wyrmling,3,"Хроматический шар: холод, ячейка I",10.300000,10.300000
6,Харизма,gorgon,5,"Хроматический шар: холод, ячейка I",8.550000,8.550000
6,Харизма,green-dragon-wyrmling,2,"Хроматический шар: холод, ячейка I",10.300000,10.300000
6,Харизма,green-hag,3,"Хроматический шар: холод, ячейка I",10.300000,10.300000
6,Харизма,grick,2,"Хроматический шар: холод, ячейка I",12.925000,12.925000
6,Харизма,griffon,2,"Хроматический шар: холод, ячейка I",14.675000,14.675000
6,Харизма,half-red-dragon-veteran,5,"Хроматический шар: холод, ячейка I",9.425000,9.425000
6,Харизма,hell-hound,3,"Хроматический шар: холод, ячейка I",12.050000,12.050000
6,Харизма,hezrou,8,"Хроматический шар: холод, ячейка I",5.437500,5.437500
6,Харизма,hill-giant,5,"Хроматический шар: холод, ячейка I",13.800000,13.800000
6,Харизма,hunter-shark,2,"Хроматический шар: холод, ячейка I",14.675000,14.675000
6,Харизма,hydra,8,"Хроматический шар: холод, ячейка I",12.050000,12.050000
6,Харизма,invisible-stalker,6,"Хроматический шар: холод, ячейка I",12.925000,12.925000
6,Харизма,killer-whale,3,"Хроматический шар: холод, ячейка I",14.675000,14.675000
6,Харизма,knight,3,"Хроматический шар: холод, ячейка I",9.425000,9.425000
6,Харизма,lamia,4,"Хроматический шар: холод, ячейка I",13.800000,13.800000
6,Харизма,mage,6,"Хроматический шар: холод, ячейка I",12.050000,12.050000
6,Харизма,mammoth,6,"Хроматический шар: холод, ячейка I",13.800000,13.800000
6,Харизма,manticore,3,"Хроматический шар: холод, ячейка I",12.925000,12.925000
6,Харизма,medusa,6,"Хроматический шар: холод, ячейка I",12.050000,12.050000
6,Харизма,merrow,2,"Хроматический шар: холод, ячейка I",13.800000,13.800000
6,Харизма,mimic,2,"Хроматический шар: холод, ячейка I",14.675000,14.675000
6,Харизма,minotaur,3,"Хроматический шар: холод, ячейка I",12.925000,12.925000
6,Харизма,minotaur-skeleton,2,"Хроматический шар: холод, ячейка I",14.675000,14.675000
6,Харизма,mummy,3,"Хроматический шар: холод, ячейка I",15.550000,15.550000
6,Харизма,night-hag,5,"Хроматический шар: холод, ячейка I",5.012500,5.012500
6,Харизма,nightmare,3,"Хроматический шар: холод, ячейка I",13.800000,13.800000
6,Харизма,ochre-jelly,2,"Хроматический шар: холод, ячейка I",17.300000,17.300000
6,Харизма,ogre,2,"Хроматический шар: холод, ячейка I",15.550000,15.550000
6,Харизма,ogre-zombie,2,"Хроматический шар: холод, ячейка I",17.300000,17.300000
6,Харизма,oni,7,"Хроматический шар: холод, ячейка I",11.175000,11.175000
6,Харизма,otyugh,5,"Хроматический шар: холод, ячейка I",12.925000,12.925000
6,Харизма,owlbear,3,"Хроматический шар: холод, ячейка I",13.800000,13.800000
6,Харизма,pegasus,2,"Хроматический шар: холод, ячейка I",14.675000,14.675000
6,Харизма,phase-spider,3,"Хроматический шар: холод, ячейка I",13.800000,13.800000
6,Харизма,plesiosaurus,2,"Хроматический шар: холод, ячейка I",13.800000,13.800000
6,Харизма,polar-bear,2,"Хроматический шар: холод, ячейка I",14.675000,14.675000
6,Харизма,priest,2,"Хроматический шар: холод, ячейка I",13.800000,13.800000
6,Харизма,red-dragon-wyrmling,4,"Хроматический шар: холод, ячейка I",10.300000,10.300000
6,Харизма,rhinoceros,2,"Хроматический шар: холод, ячейка I",15.550000,15.550000
6,Харизма,roper,5,"Хроматический шар: холод, ячейка I",7.675000,7.675000
6,Харизма,rug-of-smothering,2,"Хроматический шар: холод, ячейка I",14.675000,14.675000
6,Харизма,saber-toothed-tiger,2,"Хроматический шар: холод, ячейка I",14.675000,14.675000
6,Харизма,salamander,5,"Хроматический шар: холод, ячейка I",24.100000,24.100000
6,Харизма,sea-hag,2,"Хроматический шар: холод, ячейка I",12.925000,12.925000
6,Харизма,shambling-mound,5,"Хроматический шар: холод, ячейка I",5.862500,5.862500
6,Харизма,shield-guardian,7,"Хроматический шар: холод, ячейка I",10.300000,10.300000
6,Харизма,silver-dragon-wyrmling,2,"Хроматический шар: холод, ячейка I",0.000000,0.000000
6,Харизма,spirit-naga,8,"Хроматический шар: холод, ячейка I",12.050000,12.050000
6,Харизма,stone-giant,7,"Хроматический шар: холод, ячейка I",10.300000,10.300000
6,Харизма,succubus-incubus,4,"Хроматический шар: холод, ячейка I",5.862500,5.862500
6,Харизма,swarm-of-poisonous-snakes,2,"Хроматический шар: холод, ячейка I",12.925000,12.925000
6,Харизма,triceratops,5,"Хроматический шар: холод, ячейка I",13.800000,13.800000
6,Харизма,troll,5,"Хроматический шар: холод, ячейка I",12.050000,12.050000
6,Харизма,tyrannosaurus-rex,8,"Хроматический шар: холод, ячейка I",13.800000,13.800000
6,Харизма,unicorn,5,"Хроматический шар: холод, ячейка I",14.675000,14.675000
6,Харизма,vampire-spawn,5,"Хроматический шар: холод, ячейка I",12.050000,12.050000
6,Харизма,veteran,3,"Хроматический шар: холод, ячейка I",10.300000,10.300000
6,Харизма,vrock,6,"Хроматический шар: холод, ячейка I",5.862500,5.862500
6,Харизма,water-elemental,5,"Хроматический шар: холод, ячейка I",12.925000,12.925000
6,Харизма,werebear-bear,5,"Хроматический шар: холод, ячейка I",15.550000,15.550000
6,Харизма,werebear-human,5,"Хроматический шар: холод, ячейка I",16.425000,16.425000
6,Харизма,werebear-hybrid,5,"Хроматический шар: холод, ячейка I",15.550000,15.550000
6,Харизма,wereboar-boar,4,"Хроматический шар: холод, ячейка I",15.550000,15.550000
6,Харизма,wereboar-human,4,"Хроматический шар: холод, ячейка I",16.425000,16.425000
6,Харизма,wereboar-hybrid,4,"Хроматический шар: холод, ячейка I",15.550000,15.550000
6,Харизма,wererat-human,2,"Хроматический шар: холод, ячейка I",14.675000,14.675000
6,Харизма,wererat-hybrid,2,"Хроматический шар: холод, ячейка I",14.675000,14.675000
6,Харизма,wererat-rat,2,"Хроматический шар: холод, ячейка I",14.675000,14.675000
6,Харизма,weretiger-human,4,"Хроматический шар: холод, ячейка I",14.675000,14.675000
6,Харизма,weretiger-hybrid,4,"Хроматический шар: холод, ячейка I",14.675000,14.675000
6,Харизма,weretiger-tiger,4,"Хроматический шар: холод, ячейка I",14.675000,14.675000
6,Харизма,werewolf-human,3,"Хроматический шар: холод, ячейка I",15.550000,15.550000
6,Харизма,werewolf-hybrid,3,"Хроматический шар: холод, ячейка I",14.675000,14.675000
6,Харизма,werewolf-wolf,3,"Хроматический шар: холод, ячейка I",14.675000,14.675000
6,Харизма,white-dragon-wyrmling,2,"Хроматический шар: холод, ячейка I",0.000000,0.000000
6,Харизма,wight,3,"Хроматический шар: холод, ячейка I",12.925000,12.925000
6,Харизма,will-o-wisp,2,"Хроматический шар: холод, ячейка I",4.162500,4.162500
6,Харизма,winter-wolf,3,"Хроматический шар: холод, ячейка I",0.000000,0.000000
6,Харизма,wraith,5,"Хроматический шар: холод, ячейка I",6.712500,6.712500
6,Харизма,wyvern,6,"Хроматический шар: холод, ячейка I",13.800000,13.800000
6,Харизма,xorn,5,"Хроматический шар: холод, ячейка I",8.550000,8.550000
6,Харизма,young-black-dragon,7,"Хроматический шар: холод, ячейка I",9.425000,9.425000
6,Харизма,young-brass-dragon,6,"Хроматический шар: холод, ячейка I",10.300000,10.300000
6,Харизма,young-bronze-dragon,8,"Хроматический шар: холод, ячейка I",9.425000,9.425000
6,Харизма,young-copper-dragon,7,"Хроматический шар: холод, ячейка I",10.300000,10.300000
6,Харизма,young-green-dragon,8,"Хроматический шар: холод, ячейка I",9.425000,9.425000
6,Харизма,young-white-dragon,6,"Хроматический шар: холод, ячейка I",0.000000,0.000000
6,Харизма,air-elemental,5,Психическая плеть Таши,9.400000,9.400000
6,Харизма,ankheg,2,Психическая плеть Таши,10.225000,10.225000
6,Харизма,assassin,8,Психическая плеть Таши,7.750000,7.750000
6,Харизма,awakened-tree,2,Психическая плеть Таши,8.850000,8.850000
6,Харизма,azer,2,Психическая плеть Таши,8.575000,8.575000
6,Харизма,bandit-captain,2,Психическая плеть Таши,8.300000,8.300000
6,Харизма,barbed-devil,5,Психическая плеть Таши,7.323750,7.323750
6,Харизма,basilisk,3,Психическая плеть Таши,9.950000,9.950000
6,Харизма,bearded-devil,3,Психическая плеть Таши,8.093750,8.093750
6,Харизма,berserker,2,Психическая плеть Таши,9.125000,9.125000
6,Харизма,black-dragon-wyrmling,2,Психическая плеть Таши,8.850000,8.850000
6,Харизма,black-pudding,4,Психическая плеть Таши,10.225000,10.225000
6,Харизма,blue-dragon-wyrmling,3,Психическая плеть Таши,8.575000,8.575000
6,Харизма,bronze-dragon-wyrmling,2,Психическая плеть Таши,8.575000,8.575000
6,Харизма,bulette,5,Психическая плеть Таши,9.950000,9.950000
6,Харизма,centaur,2,Психическая плеть Таши,9.125000,9.125000
6,Харизма,chain-devil,8,Психическая плеть Таши,7.695000,7.695000
6,Харизма,chimera,6,Психическая плеть Таши,9.950000,9.950000
6,Харизма,chuul,4,Психическая плеть Таши,9.675000,9.675000
6,Харизма,cloaker,8,Психическая плеть Таши,8.575000,8.575000
6,Харизма,couatl,4,Психическая плеть Таши,0.000000,0.000000
6,Харизма,cult-fanatic,2,Психическая плеть Таши,8.850000,8.850000
6,Харизма,doppelganger,3,Психическая плеть Таши,8.850000,8.850000
6,Харизма,drider,6,Психическая плеть Таши,8.575000,8.575000
6,Харизма,druid,2,Психическая плеть Таши,8.575000,8.575000
6,Харизма,earth-elemental,5,Психическая плеть Таши,9.675000,9.675000
6,Харизма,elephant,4,Психическая плеть Таши,9.950000,9.950000
6,Харизма,ettercap,2,Психическая плеть Таши,9.400000,9.400000
6,Харизма,ettin,4,Психическая плеть Таши,9.400000,9.400000
6,Харизма,fire-elemental,5,Психическая плеть Таши,9.400000,9.400000
6,Харизма,flesh-golem,5,Психическая плеть Таши,8.520000,8.520000
6,Харизма,frost-giant,8,Психическая плеть Таши,9.125000,9.125000
6,Харизма,gargoyle,2,Психическая плеть Таши,9.400000,9.400000
6,Харизма,gelatinous-cube,2,Психическая плеть Таши,10.225000,10.225000
6,Харизма,ghast,2,Психическая плеть Таши,8.850000,8.850000
6,Харизма,ghost,4,Психическая плеть Таши,8.850000,8.850000
6,Харизма,giant-ape,7,Психическая плеть Таши,9.400000,9.400000
6,Харизма,giant-boar,2,Психическая плеть Таши,9.950000,9.950000
6,Харизма,giant-constrictor-snake,2,Психическая плеть Таши,10.225000,10.225000
6,Харизма,giant-crocodile,5,Психическая плеть Таши,9.950000,9.950000
6,Харизма,giant-elk,2,Психическая плеть Таши,9.400000,9.400000
6,Харизма,giant-scorpion,3,Психическая плеть Таши,10.225000,10.225000
6,Харизма,giant-shark,5,Психическая плеть Таши,10.225000,10.225000
6,Харизма,gibbering-mouther,2,Психическая плеть Таши,9.950000,9.950000
6,Харизма,gladiator,5,Психическая плеть Таши,8.850000,8.850000
6,Харизма,gold-dragon-wyrmling,3,Психическая плеть Таши,8.300000,8.300000
6,Харизма,gorgon,5,Психическая плеть Таши,9.950000,9.950000
6,Харизма,green-dragon-wyrmling,2,Психическая плеть Таши,8.300000,8.300000
6,Харизма,green-hag,3,Психическая плеть Таши,8.575000,8.575000
6,Харизма,grick,2,Психическая плеть Таши,9.950000,9.950000
6,Харизма,griffon,2,Психическая плеть Таши,9.950000,9.950000
6,Харизма,half-red-dragon-veteran,5,Психическая плеть Таши,8.850000,8.850000
6,Харизма,hell-hound,3,Психическая плеть Таши,9.400000,9.400000
6,Харизма,hezrou,8,Психическая плеть Таши,8.973750,8.973750
6,Харизма,hill-giant,5,Психическая плеть Таши,9.675000,9.675000
6,Харизма,hunter-shark,2,Психическая плеть Таши,10.225000,10.225000
6,Харизма,hydra,8,Психическая плеть Таши,9.950000,9.950000
6,Харизма,invisible-stalker,6,Психическая плеть Таши,8.850000,8.850000
6,Харизма,killer-whale,3,Психическая плеть Таши,9.950000,9.950000
6,Харизма,knight,3,Психическая плеть Таши,8.850000,8.850000
6,Харизма,lamia,4,Психическая плеть Таши,8.300000,8.300000
6,Харизма,mage,6,Психическая плеть Таши,7.200000,7.200000
6,Харизма,mammoth,6,Психическая плеть Таши,9.950000,9.950000
6,Харизма,manticore,3,Психическая плеть Таши,9.400000,9.400000
6,Харизма,medusa,6,Психическая плеть Таши,8.575000,8.575000
6,Харизма,merrow,2,Психическая плеть Таши,9.125000,9.125000
6,Харизма,mimic,2,Психическая плеть Таши,9.675000,9.675000
6,Харизма,minotaur,3,Психическая плеть Таши,9.400000,9.400000
6,Харизма,minotaur-skeleton,2,Психическая плеть Таши,9.400000,9.400000
6,Харизма,mummy,3,Психическая плеть Таши,9.400000,9.400000
6,Харизма,night-hag,5,Психическая плеть Таши,6.663750,6.663750
6,Харизма,nightmare,3,Психическая плеть Таши,8.850000,8.850000
6,Харизма,ochre-jelly,2,Психическая плеть Таши,9.950000,9.950000
6,Харизма,ogre,2,Психическая плеть Таши,9.675000,9.675000
6,Харизма,ogre-zombie,2,Психическая плеть Таши,9.950000,9.950000
6,Харизма,oni,7,Психическая плеть Таши,8.300000,8.300000
6,Харизма,otyugh,5,Психическая плеть Таши,9.400000,9.400000
6,Харизма,owlbear,3,Психическая плеть Таши,9.950000,9.950000
6,Харизма,pegasus,2,Психическая плеть Таши,8.850000,8.850000
6,Харизма,phase-spider,3,Психическая плеть Таши,9.400000,9.400000
6,Харизма,plesiosaurus,2,Психическая плеть Таши,9.950000,9.950000
6,Харизма,polar-bear,2,Психическая плеть Таши,9.950000,9.950000
6,Харизма,priest,2,Психическая плеть Таши,8.575000,8.575000
6,Харизма,red-dragon-wyrmling,4,Психическая плеть Таши,8.575000,8.575000
6,Харизма,rhinoceros,2,Психическая плеть Таши,9.950000,9.950000
6,Харизма,roper,5,Психическая плеть Таши,9.400000,9.400000
6,Харизма,rug-of-smothering,2,Психическая плеть Таши,0.000000,0.000000
6,Харизма,saber-toothed-tiger,2,Психическая плеть Таши,9.950000,9.950000
6,Харизма,salamander,5,Психическая плеть Таши,8.850000,8.850000
6,Харизма,sea-hag,2,Психическая плеть Таши,8.575000,8.575000
6,Харизма,shambling-mound,5,Психическая плеть Таши,9.675000,9.675000
6,Харизма,shield-guardian,7,Психическая плеть Таши,9.400000,9.400000
6,Харизма,silver-dragon-wyrmling,2,Психическая плеть Таши,8.575000,8.575000
6,Харизма,spirit-naga,8,Психическая плеть Таши,8.025000,8.025000
6,Харизма,stone-giant,7,Психическая плеть Таши,8.850000,8.850000
6,Харизма,succubus-incubus,4,Психическая плеть Таши,8.300000,8.300000
6,Харизма,swarm-of-poisonous-snakes,2,Психическая плеть Таши,10.225000,10.225000
6,Харизма,triceratops,5,Психическая плеть Таши,9.950000,9.950000
6,Харизма,troll,5,Психическая плеть Таши,9.400000,9.400000
6,Харизма,tyrannosaurus-rex,8,Психическая плеть Таши,9.950000,9.950000
6,Харизма,unicorn,5,Психическая плеть Таши,7.695000,7.695000
6,Харизма,vampire-spawn,5,Психическая плеть Таши,8.850000,8.850000
6,Харизма,veteran,3,Психическая плеть Таши,8.850000,8.850000
6,Харизма,vrock,6,Психическая плеть Таши,8.093750,8.093750
6,Харизма,water-elemental,5,Психическая плеть Таши,9.675000,9.675000
6,Харизма,werebear-bear,5,Психическая плеть Таши,8.850000,8.850000
6,Харизма,werebear-human,5,Психическая плеть Таши,8.850000,8.850000
6,Харизма,werebear-hybrid,5,Психическая плеть Таши,8.850000,8.850000
6,Харизма,wereboar-boar,4,Психическая плеть Таши,8.850000,8.850000
6,Харизма,wereboar-human,4,Психическая плеть Таши,8.850000,8.850000
6,Харизма,wereboar-hybrid,4,Психическая плеть Таши,8.850000,8.850000
6,Харизма,wererat-human,2,Психическая плеть Таши,8.850000,8.850000
6,Харизма,wererat-hybrid,2,Психическая плеть Таши,8.850000,8.850000
6,Харизма,wererat-rat,2,Психическая плеть Таши,8.850000,8.850000
6,Харизма,weretiger-human,4,Психическая плеть Таши,8.850000,8.850000
6,Харизма,weretiger-hybrid,4,Психическая плеть Таши,8.850000,8.850000
6,Харизма,weretiger-tiger,4,Психическая плеть Таши,8.850000,8.850000
6,Харизма,werewolf-human,3,Психическая плеть Таши,8.850000,8.850000
6,Харизма,werewolf-hybrid,3,Психическая плеть Таши,8.850000,8.850000
6,Харизма,werewolf-wolf,3,Психическая плеть Таши,8.850000,8.850000
6,Харизма,white-dragon-wyrmling,2,Психическая плеть Таши,9.675000,9.675000
6,Харизма,wight,3,Психическая плеть Таши,8.850000,8.850000
6,Харизма,will-o-wisp,2,Психическая плеть Таши,8.575000,8.575000
6,Харизма,winter-wolf,3,Психическая плеть Таши,9.400000,9.400000
6,Харизма,wraith,5,Психическая плеть Таши,8.575000,8.575000
6,Харизма,wyvern,6,Психическая плеть Таши,9.675000,9.675000
6,Харизма,xorn,5,Психическая плеть Таши,8.850000,8.850000
6,Харизма,young-black-dragon,7,Психическая плеть Таши,8.575000,8.575000
6,Харизма,young-brass-dragon,6,Психическая плеть Таши,8.575000,8.575000
6,Харизма,young-bronze-dragon,8,Психическая плеть Таши,8.300000,8.300000
6,Харизма,young-copper-dragon,7,Психическая плеть Таши,8.025000,8.025000
6,Харизма,young-green-dragon,8,Психическая плеть Таши,8.025000,8.025000
6,Харизма,young-white-dragon,6,Психическая плеть Таши,9.400000,9.400000
6,Харизма,air-elemental,5,Псионический заряд,16.175000,16.175000
6,Харизма,ankheg,2,Псионический заряд,19.050000,19.050000
6,Харизма,assassin,8,Псионический заряд,15.600000,15.600000
6,Харизма,awakened-tree,2,Псионический заряд,20.200000,20.200000
6,Харизма,azer,2,Псионический заряд,18.475000,18.475000
6,Харизма,bandit-captain,2,Псионический заряд,16.175000,16.175000
6,Харизма,barbed-devil,5,Псионический заряд,14.478750,14.478750
6,Харизма,basilisk,3,Псионический заряд,19.625000,19.625000
6,Харизма,bearded-devil,3,Псионический заряд,15.140000,15.140000
6,Харизма,berserker,2,Псионический заряд,18.475000,18.475000
6,Харизма,black-dragon-wyrmling,2,Псионический заряд,16.750000,16.750000
6,Харизма,black-pudding,4,Псионический заряд,20.775000,20.775000
6,Харизма,blue-dragon-wyrmling,3,Псионический заряд,17.900000,17.900000
6,Харизма,bronze-dragon-wyrmling,2,Псионический заряд,17.900000,17.900000
6,Харизма,bulette,5,Псионический заряд,19.050000,19.050000
6,Харизма,centaur,2,Псионический заряд,17.900000,17.900000
6,Харизма,chain-devil,8,Псионический заряд,15.140000,15.140000
6,Харизма,chimera,6,Псионический заряд,19.050000,19.050000
6,Харизма,chuul,4,Псионический заряд,19.050000,19.050000
6,Харизма,cloaker,8,Псионический заряд,17.900000,17.900000
6,Харизма,couatl,4,Псионический заряд,16.175000,16.175000
6,Харизма,cult-fanatic,2,Псионический заряд,17.900000,17.900000
6,Харизма,doppelganger,3,Псионический заряд,16.750000,16.750000
6,Харизма,drider,6,Псионический заряд,17.325000,17.325000
6,Харизма,druid,2,Псионический заряд,18.475000,18.475000
6,Харизма,earth-elemental,5,Псионический заряд,19.625000,19.625000
6,Харизма,elephant,4,Псионический заряд,19.625000,19.625000
6,Харизма,ettercap,2,Псионический заряд,17.900000,17.900000
6,Харизма,ettin,4,Псионический заряд,19.625000,19.625000
6,Харизма,fire-elemental,5,Псионический заряд,17.325000,17.325000
6,Харизма,flesh-golem,5,Псионический заряд,17.468750,17.468750
6,Харизма,frost-giant,8,Псионический заряд,19.625000,19.625000
6,Харизма,gargoyle,2,Псионический заряд,19.050000,19.050000
6,Харизма,gelatinous-cube,2,Псионический заряд,21.350000,21.350000
6,Харизма,ghast,2,Псионический заряд,17.325000,17.325000
6,Харизма,ghost,4,Псионический заряд,18.475000,18.475000
6,Харизма,giant-ape,7,Псионический заряд,17.900000,17.900000
6,Харизма,giant-boar,2,Псионический заряд,19.050000,19.050000
6,Харизма,giant-constrictor-snake,2,Псионический заряд,17.900000,17.900000
6,Харизма,giant-crocodile,5,Псионический заряд,19.625000,19.625000
6,Харизма,giant-elk,2,Псионический заряд,17.325000,17.325000
6,Харизма,giant-scorpion,3,Псионический заряд,18.475000,18.475000
6,Харизма,giant-shark,5,Псионический заряд,19.050000,19.050000
6,Харизма,gibbering-mouther,2,Псионический заряд,19.625000,19.625000
6,Харизма,gladiator,5,Псионический заряд,16.175000,16.175000
6,Харизма,gold-dragon-wyrmling,3,Псионический заряд,16.750000,16.750000
6,Харизма,gorgon,5,Псионический заряд,19.050000,19.050000
6,Харизма,green-dragon-wyrmling,2,Псионический заряд,17.325000,17.325000
6,Харизма,green-hag,3,Псионический заряд,18.475000,18.475000
6,Харизма,grick,2,Псионический заряд,17.900000,17.900000
6,Харизма,griffon,2,Псионический заряд,17.900000,17.900000
6,Харизма,half-red-dragon-veteran,5,Псионический заряд,18.475000,18.475000
6,Харизма,hell-hound,3,Псионический заряд,18.475000,18.475000
6,Харизма,hezrou,8,Псионический заряд,14.478750,14.478750
6,Харизма,hill-giant,5,Псионический заряд,19.625000,19.625000
6,Харизма,hunter-shark,2,Псионический заряд,18.475000,18.475000
6,Харизма,hydra,8,Псионический заряд,18.475000,18.475000
6,Харизма,invisible-stalker,6,Псионический заряд,16.750000,16.750000
6,Харизма,killer-whale,3,Псионический заряд,19.050000,19.050000
6,Харизма,knight,3,Псионический заряд,19.050000,19.050000
6,Харизма,lamia,4,Псионический заряд,18.475000,18.475000
6,Харизма,mage,6,Псионический заряд,17.900000,17.900000
6,Харизма,mammoth,6,Псионический заряд,19.625000,19.625000
6,Харизма,manticore,3,Псионический заряд,17.325000,17.325000
6,Харизма,medusa,6,Псионический заряд,17.900000,17.900000
6,Харизма,merrow,2,Псионический заряд,19.050000,19.050000
6,Харизма,mimic,2,Псионический заряд,18.475000,18.475000
6,Харизма,minotaur,3,Псионический заряд,19.050000,19.050000
6,Харизма,minotaur-skeleton,2,Псионический заряд,19.050000,19.050000
6,Харизма,mummy,3,Псионический заряд,19.625000,19.625000
6,Харизма,night-hag,5,Псионический заряд,15.140000,15.140000
6,Харизма,nightmare,3,Псионический заряд,17.900000,17.900000
6,Харизма,ochre-jelly,2,Псионический заряд,20.200000,20.200000
6,Харизма,ogre,2,Псионический заряд,19.625000,19.625000
6,Харизма,ogre-zombie,2,Псионический заряд,20.200000,20.200000
6,Харизма,oni,7,Псионический заряд,17.325000,17.325000
6,Харизма,otyugh,5,Псионический заряд,19.050000,19.050000
6,Харизма,owlbear,3,Псионический заряд,18.475000,18.475000
6,Харизма,pegasus,2,Псионический заряд,16.750000,16.750000
6,Харизма,phase-spider,3,Псионический заряд,17.900000,17.900000
6,Харизма,plesiosaurus,2,Псионический заряд,17.900000,17.900000
6,Харизма,polar-bear,2,Псионический заряд,19.050000,19.050000
6,Харизма,priest,2,Псионический заряд,19.050000,19.050000
6,Харизма,red-dragon-wyrmling,4,Псионический заряд,17.900000,17.900000
6,Харизма,rhinoceros,2,Псионический заряд,19.625000,19.625000
6,Харизма,roper,5,Псионический заряд,19.625000,19.625000
6,Харизма,rug-of-smothering,2,Псионический заряд,17.900000,17.900000
6,Харизма,saber-toothed-tiger,2,Псионический заряд,17.900000,17.900000
6,Харизма,salamander,5,Псионический заряд,17.900000,17.900000
6,Харизма,sea-hag,2,Псионический заряд,18.475000,18.475000
6,Харизма,shambling-mound,5,Псионический заряд,19.625000,19.625000
6,Харизма,shield-guardian,7,Псионический заряд,19.625000,19.625000
6,Харизма,silver-dragon-wyrmling,2,Псионический заряд,17.900000,17.900000
6,Харизма,spirit-naga,8,Псионический заряд,15.600000,15.600000
6,Харизма,stone-giant,7,Псионический заряд,16.175000,16.175000
6,Харизма,succubus-incubus,4,Псионический заряд,17.325000,17.325000
6,Харизма,swarm-of-poisonous-snakes,2,Псионический заряд,16.750000,16.750000
6,Харизма,triceratops,5,Псионический заряд,19.625000,19.625000
6,Харизма,troll,5,Псионический заряд,18.475000,18.475000
6,Харизма,tyrannosaurus-rex,8,Псионический заряд,19.050000,19.050000
6,Харизма,unicorn,5,Псионический заряд,15.140000,15.140000
6,Харизма,vampire-spawn,5,Псионический заряд,15.600000,15.600000
6,Харизма,veteran,3,Псионический заряд,18.475000,18.475000
6,Харизма,vrock,6,Псионический заряд,13.328750,13.328750
6,Харизма,water-elemental,5,Псионический заряд,17.900000,17.900000
6,Харизма,werebear-bear,5,Псионический заряд,19.050000,19.050000
6,Харизма,werebear-human,5,Псионический заряд,19.050000,19.050000
6,Харизма,werebear-hybrid,5,Псионический заряд,19.050000,19.050000
6,Харизма,wereboar-boar,4,Псионический заряд,19.050000,19.050000
6,Харизма,wereboar-human,4,Псионический заряд,19.050000,19.050000
6,Харизма,wereboar-hybrid,4,Псионический заряд,19.050000,19.050000
6,Харизма,wererat-human,2,Псионический заряд,17.900000,17.900000
6,Харизма,wererat-hybrid,2,Псионический заряд,17.900000,17.900000
6,Харизма,wererat-rat,2,Псионический заряд,17.900000,17.900000
6,Харизма,weretiger-human,4,Псионический заряд,17.900000,17.900000
6,Харизма,weretiger-hybrid,4,Псионический заряд,17.900000,17.900000
6,Харизма,weretiger-tiger,4,Псионический заряд,17.900000,17.900000
6,Харизма,werewolf-human,3,Псионический заряд,18.475000,18.475000
6,Харизма,werewolf-hybrid,3,Псионический заряд,18.475000,18.475000
6,Харизма,werewolf-wolf,3,Псионический заряд,18.475000,18.475000
6,Харизма,white-dragon-wyrmling,2,Псионический заряд,17.900000,17.900000
6,Харизма,wight,3,Псионический заряд,17.900000,17.900000
6,Харизма,will-o-wisp,2,Псионический заряд,13.875000,13.875000
6,Харизма,winter-wolf,3,Псионический заряд,18.475000,18.475000
6,Харизма,wraith,5,Псионический заряд,17.325000,17.325000
6,Харизма,wyvern,6,Псионический заряд,19.050000,19.050000
6,Харизма,xorn,5,Псионический заряд,19.050000,19.050000
6,Харизма,young-black-dragon,7,Псионический заряд,16.175000,16.175000
6,Харизма,young-brass-dragon,6,Псионический заряд,17.325000,17.325000
6,Харизма,young-bronze-dragon,8,Псионический заряд,17.325000,17.325000
6,Харизма,young-copper-dragon,7,Псионический заряд,16.750000,16.750000
6,Харизма,young-green-dragon,8,Псионический заряд,16.750000,16.750000
6,Харизма,young-white-dragon,6,Псионический заряд,17.325000,17.325000
6,Харизма,air-elemental,5,Застывшие лезвия: одно срабатывание,15.312500,15.312500
6,Харизма,ankheg,2,Застывшие лезвия: одно срабатывание,18.125000,18.125000
6,Харизма,assassin,8,Застывшие лезвия: одно срабатывание,14.750000,14.750000
6,Харизма,awakened-tree,2,Застывшие лезвия: одно срабатывание,19.250000,19.250000
6,Харизма,azer,2,Застывшие лезвия: одно срабатывание,17.562500,17.562500
6,Харизма,bandit-captain,2,Застывшие лезвия: одно срабатывание,15.312500,15.312500
6,Харизма,barbed-devil,5,Застывшие лезвия: одно срабатывание,8.771979,8.771979
6,Харизма,basilisk,3,Застывшие лезвия: одно срабатывание,18.687500,18.687500
6,Харизма,bearded-devil,3,Застывшие лезвия: одно срабатывание,9.202963,9.202963
6,Харизма,berserker,2,Застывшие лезвия: одно срабатывание,17.562500,17.562500
6,Харизма,black-dragon-wyrmling,2,Застывшие лезвия: одно срабатывание,15.875000,15.875000
6,Харизма,black-pudding,4,Застывшие лезвия: одно срабатывание,0.000000,0.000000
6,Харизма,blue-dragon-wyrmling,3,Застывшие лезвия: одно срабатывание,17.000000,17.000000
6,Харизма,bronze-dragon-wyrmling,2,Застывшие лезвия: одно срабатывание,17.000000,17.000000
6,Харизма,bulette,5,Застывшие лезвия: одно срабатывание,18.125000,18.125000
6,Харизма,centaur,2,Застывшие лезвия: одно срабатывание,17.000000,17.000000
6,Харизма,chain-devil,8,Застывшие лезвия: одно срабатывание,9.202963,9.202963
6,Харизма,chimera,6,Застывшие лезвия: одно срабатывание,18.125000,18.125000
6,Харизма,chuul,4,Застывшие лезвия: одно срабатывание,18.125000,18.125000
6,Харизма,cloaker,8,Застывшие лезвия: одно срабатывание,17.000000,17.000000
6,Харизма,couatl,4,Застывшие лезвия: одно срабатывание,15.312500,15.312500
6,Харизма,cult-fanatic,2,Застывшие лезвия: одно срабатывание,17.000000,17.000000
6,Харизма,doppelganger,3,Застывшие лезвия: одно срабатывание,15.875000,15.875000
6,Харизма,drider,6,Застывшие лезвия: одно срабатывание,16.437500,16.437500
6,Харизма,druid,2,Застывшие лезвия: одно срабатывание,17.562500,17.562500
6,Харизма,earth-elemental,5,Застывшие лезвия: одно срабатывание,18.687500,18.687500
6,Харизма,elephant,4,Застывшие лезвия: одно срабатывание,18.687500,18.687500
6,Харизма,ettercap,2,Застывшие лезвия: одно срабатывание,17.000000,17.000000
6,Харизма,ettin,4,Застывшие лезвия: одно срабатывание,18.687500,18.687500
6,Харизма,fire-elemental,5,Застывшие лезвия: одно срабатывание,16.437500,16.437500
6,Харизма,flesh-golem,5,Застывшие лезвия: одно срабатывание,16.578125,16.578125
6,Харизма,frost-giant,8,Застывшие лезвия: одно срабатывание,6.062500,6.062500
6,Харизма,gargoyle,2,Застывшие лезвия: одно срабатывание,18.125000,18.125000
6,Харизма,gelatinous-cube,2,Застывшие лезвия: одно срабатывание,20.375000,20.375000
6,Харизма,ghast,2,Застывшие лезвия: одно срабатывание,16.437500,16.437500
6,Харизма,ghost,4,Застывшие лезвия: одно срабатывание,5.687500,5.687500
6,Харизма,giant-ape,7,Застывшие лезвия: одно срабатывание,17.000000,17.000000
6,Харизма,giant-boar,2,Застывшие лезвия: одно срабатывание,18.125000,18.125000
6,Харизма,giant-constrictor-snake,2,Застывшие лезвия: одно срабатывание,17.000000,17.000000
6,Харизма,giant-crocodile,5,Застывшие лезвия: одно срабатывание,18.687500,18.687500
6,Харизма,giant-elk,2,Застывшие лезвия: одно срабатывание,16.437500,16.437500
6,Харизма,giant-scorpion,3,Застывшие лезвия: одно срабатывание,17.562500,17.562500
6,Харизма,giant-shark,5,Застывшие лезвия: одно срабатывание,18.125000,18.125000
6,Харизма,gibbering-mouther,2,Застывшие лезвия: одно срабатывание,18.687500,18.687500
6,Харизма,gladiator,5,Застывшие лезвия: одно срабатывание,15.312500,15.312500
6,Харизма,gold-dragon-wyrmling,3,Застывшие лезвия: одно срабатывание,15.875000,15.875000
6,Харизма,gorgon,5,Застывшие лезвия: одно срабатывание,18.125000,18.125000
6,Харизма,green-dragon-wyrmling,2,Застывшие лезвия: одно срабатывание,16.437500,16.437500
6,Харизма,green-hag,3,Застывшие лезвия: одно срабатывание,17.562500,17.562500
6,Харизма,grick,2,Застывшие лезвия: одно срабатывание,17.000000,17.000000
6,Харизма,griffon,2,Застывшие лезвия: одно срабатывание,17.000000,17.000000
6,Харизма,half-red-dragon-veteran,5,Застывшие лезвия: одно срабатывание,17.562500,17.562500
6,Харизма,hell-hound,3,Застывшие лезвия: одно срабатывание,17.562500,17.562500
6,Харизма,hezrou,8,Застывшие лезвия: одно срабатывание,8.771979,8.771979
6,Харизма,hill-giant,5,Застывшие лезвия: одно срабатывание,18.687500,18.687500
6,Харизма,hunter-shark,2,Застывшие лезвия: одно срабатывание,17.562500,17.562500
6,Харизма,hydra,8,Застывшие лезвия: одно срабатывание,17.562500,17.562500
6,Харизма,invisible-stalker,6,Застывшие лезвия: одно срабатывание,15.875000,15.875000
6,Харизма,killer-whale,3,Застывшие лезвия: одно срабатывание,18.125000,18.125000
6,Харизма,knight,3,Застывшие лезвия: одно срабатывание,18.125000,18.125000
6,Харизма,lamia,4,Застывшие лезвия: одно срабатывание,17.562500,17.562500
6,Харизма,mage,6,Застывшие лезвия: одно срабатывание,17.000000,17.000000
6,Харизма,mammoth,6,Застывшие лезвия: одно срабатывание,18.687500,18.687500
6,Харизма,manticore,3,Застывшие лезвия: одно срабатывание,16.437500,16.437500
6,Харизма,medusa,6,Застывшие лезвия: одно срабатывание,17.000000,17.000000
6,Харизма,merrow,2,Застывшие лезвия: одно срабатывание,18.125000,18.125000
6,Харизма,mimic,2,Застывшие лезвия: одно срабатывание,17.562500,17.562500
6,Харизма,minotaur,3,Застывшие лезвия: одно срабатывание,18.125000,18.125000
6,Харизма,minotaur-skeleton,2,Застывшие лезвия: одно срабатывание,18.125000,18.125000
6,Харизма,mummy,3,Застывшие лезвия: одно срабатывание,18.687500,18.687500
6,Харизма,night-hag,5,Застывшие лезвия: одно срабатывание,9.202963,9.202963
6,Харизма,nightmare,3,Застывшие лезвия: одно срабатывание,17.000000,17.000000
6,Харизма,ochre-jelly,2,Застывшие лезвия: одно срабатывание,13.000000,13.000000
6,Харизма,ogre,2,Застывшие лезвия: одно срабатывание,18.687500,18.687500
6,Харизма,ogre-zombie,2,Застывшие лезвия: одно срабатывание,19.250000,19.250000
6,Харизма,oni,7,Застывшие лезвия: одно срабатывание,16.437500,16.437500
6,Харизма,otyugh,5,Застывшие лезвия: одно срабатывание,18.125000,18.125000
6,Харизма,owlbear,3,Застывшие лезвия: одно срабатывание,17.562500,17.562500
6,Харизма,pegasus,2,Застывшие лезвия: одно срабатывание,15.875000,15.875000
6,Харизма,phase-spider,3,Застывшие лезвия: одно срабатывание,17.000000,17.000000
6,Харизма,plesiosaurus,2,Застывшие лезвия: одно срабатывание,17.000000,17.000000
6,Харизма,polar-bear,2,Застывшие лезвия: одно срабатывание,18.125000,18.125000
6,Харизма,priest,2,Застывшие лезвия: одно срабатывание,18.125000,18.125000
6,Харизма,red-dragon-wyrmling,4,Застывшие лезвия: одно срабатывание,17.000000,17.000000
6,Харизма,rhinoceros,2,Застывшие лезвия: одно срабатывание,18.687500,18.687500
6,Харизма,roper,5,Застывшие лезвия: одно срабатывание,18.687500,18.687500
6,Харизма,rug-of-smothering,2,Застывшие лезвия: одно срабатывание,17.000000,17.000000
6,Харизма,saber-toothed-tiger,2,Застывшие лезвия: одно срабатывание,17.000000,17.000000
6,Харизма,salamander,5,Застывшие лезвия: одно срабатывание,28.500000,28.500000
6,Харизма,sea-hag,2,Застывшие лезвия: одно срабатывание,17.562500,17.562500
6,Харизма,shambling-mound,5,Застывшие лезвия: одно срабатывание,12.126157,12.126157
6,Харизма,shield-guardian,7,Застывшие лезвия: одно срабатывание,18.687500,18.687500
6,Харизма,silver-dragon-wyrmling,2,Застывшие лезвия: одно срабатывание,5.500000,5.500000
6,Харизма,spirit-naga,8,Застывшие лезвия: одно срабатывание,14.750000,14.750000
6,Харизма,stone-giant,7,Застывшие лезвия: одно срабатывание,15.312500,15.312500
6,Харизма,succubus-incubus,4,Застывшие лезвия: одно срабатывание,10.627083,10.627083
6,Харизма,swarm-of-poisonous-snakes,2,Застывшие лезвия: одно срабатывание,13.055556,13.055556
6,Харизма,triceratops,5,Застывшие лезвия: одно срабатывание,18.687500,18.687500
6,Харизма,troll,5,Застывшие лезвия: одно срабатывание,17.562500,17.562500
6,Харизма,tyrannosaurus-rex,8,Застывшие лезвия: одно срабатывание,18.125000,18.125000
6,Харизма,unicorn,5,Застывшие лезвия: одно срабатывание,14.300000,14.300000
6,Харизма,vampire-spawn,5,Застывшие лезвия: одно срабатывание,14.750000,14.750000
6,Харизма,veteran,3,Застывшие лезвия: одно срабатывание,17.562500,17.562500
6,Харизма,vrock,6,Застывшие лезвия: одно срабатывание,8.022442,8.022442
6,Харизма,water-elemental,5,Застывшие лезвия: одно срабатывание,17.000000,17.000000
6,Харизма,werebear-bear,5,Застывшие лезвия: одно срабатывание,18.125000,18.125000
6,Харизма,werebear-human,5,Застывшие лезвия: одно срабатывание,18.125000,18.125000
6,Харизма,werebear-hybrid,5,Застывшие лезвия: одно срабатывание,18.125000,18.125000
6,Харизма,wereboar-boar,4,Застывшие лезвия: одно срабатывание,18.125000,18.125000
6,Харизма,wereboar-human,4,Застывшие лезвия: одно срабатывание,18.125000,18.125000
6,Харизма,wereboar-hybrid,4,Застывшие лезвия: одно срабатывание,18.125000,18.125000
6,Харизма,wererat-human,2,Застывшие лезвия: одно срабатывание,17.000000,17.000000
6,Харизма,wererat-hybrid,2,Застывшие лезвия: одно срабатывание,17.000000,17.000000
6,Харизма,wererat-rat,2,Застывшие лезвия: одно срабатывание,17.000000,17.000000
6,Харизма,weretiger-human,4,Застывшие лезвия: одно срабатывание,17.000000,17.000000
6,Харизма,weretiger-hybrid,4,Застывшие лезвия: одно срабатывание,17.000000,17.000000
6,Харизма,weretiger-tiger,4,Застывшие лезвия: одно срабатывание,17.000000,17.000000
6,Харизма,werewolf-human,3,Застывшие лезвия: одно срабатывание,17.562500,17.562500
6,Харизма,werewolf-hybrid,3,Застывшие лезвия: одно срабатывание,17.562500,17.562500
6,Харизма,werewolf-wolf,3,Застывшие лезвия: одно срабатывание,17.562500,17.562500
6,Харизма,white-dragon-wyrmling,2,Застывшие лезвия: одно срабатывание,5.500000,5.500000
6,Харизма,wight,3,Застывшие лезвия: одно срабатывание,17.000000,17.000000
6,Харизма,will-o-wisp,2,Застывшие лезвия: одно срабатывание,8.378472,8.378472
6,Харизма,winter-wolf,3,Застывшие лезвия: одно срабатывание,5.687500,5.687500
6,Харизма,wraith,5,Застывшие лезвия: одно срабатывание,10.627083,10.627083
6,Харизма,wyvern,6,Застывшие лезвия: одно срабатывание,18.125000,18.125000
6,Харизма,xorn,5,Застывшие лезвия: одно срабатывание,18.125000,18.125000
6,Харизма,young-black-dragon,7,Застывшие лезвия: одно срабатывание,15.312500,15.312500
6,Харизма,young-brass-dragon,6,Застывшие лезвия: одно срабатывание,16.437500,16.437500
6,Харизма,young-bronze-dragon,8,Застывшие лезвия: одно срабатывание,16.437500,16.437500
6,Харизма,young-copper-dragon,7,Застывшие лезвия: одно срабатывание,15.875000,15.875000
6,Харизма,young-green-dragon,8,Застывшие лезвия: одно срабатывание,15.875000,15.875000
6,Харизма,young-white-dragon,6,Застывшие лезвия: одно срабатывание,5.312500,5.312500
6,Харизма,air-elemental,5,"Огненный шар: альтернатива, не выбор игрока",20.162500,20.162500
6,Харизма,ankheg,2,"Огненный шар: альтернатива, не выбор игрока",23.725000,23.725000
6,Харизма,assassin,8,"Огненный шар: альтернатива, не выбор игрока",19.450000,19.450000
6,Харизма,awakened-tree,2,"Огненный шар: альтернатива, не выбор игрока",50.300000,50.300000
6,Харизма,azer,2,"Огненный шар: альтернатива, не выбор игрока",0.000000,0.000000
6,Харизма,bandit-captain,2,"Огненный шар: альтернатива, не выбор игрока",20.162500,20.162500
6,Харизма,barbed-devil,5,"Огненный шар: альтернатива, не выбор игрока",0.000000,0.000000
6,Харизма,basilisk,3,"Огненный шар: альтернатива, не выбор игрока",24.437500,24.437500
6,Харизма,bearded-devil,3,"Огненный шар: альтернатива, не выбор игрока",0.000000,0.000000
6,Харизма,berserker,2,"Огненный шар: альтернатива, не выбор игрока",23.012500,23.012500
6,Харизма,black-dragon-wyrmling,2,"Огненный шар: альтернатива, не выбор игрока",20.875000,20.875000
6,Харизма,black-pudding,4,"Огненный шар: альтернатива, не выбор игрока",25.862500,25.862500
6,Харизма,blue-dragon-wyrmling,3,"Огненный шар: альтернатива, не выбор игрока",22.300000,22.300000
6,Харизма,bronze-dragon-wyrmling,2,"Огненный шар: альтернатива, не выбор игрока",22.300000,22.300000
6,Харизма,bulette,5,"Огненный шар: альтернатива, не выбор игрока",23.725000,23.725000
6,Харизма,centaur,2,"Огненный шар: альтернатива, не выбор игрока",22.300000,22.300000
6,Харизма,chain-devil,8,"Огненный шар: альтернатива, не выбор игрока",0.000000,0.000000
6,Харизма,chimera,6,"Огненный шар: альтернатива, не выбор игрока",23.725000,23.725000
6,Харизма,chuul,4,"Огненный шар: альтернатива, не выбор игрока",23.725000,23.725000
6,Харизма,cloaker,8,"Огненный шар: альтернатива, не выбор игрока",22.300000,22.300000
6,Харизма,couatl,4,"Огненный шар: альтернатива, не выбор игрока",20.162500,20.162500
6,Харизма,cult-fanatic,2,"Огненный шар: альтернатива, не выбор игрока",22.300000,22.300000
6,Харизма,doppelganger,3,"Огненный шар: альтернатива, не выбор игрока",20.875000,20.875000
6,Харизма,drider,6,"Огненный шар: альтернатива, не выбор игрока",21.587500,21.587500
6,Харизма,druid,2,"Огненный шар: альтернатива, не выбор игрока",23.012500,23.012500
6,Харизма,earth-elemental,5,"Огненный шар: альтернатива, не выбор игрока",24.437500,24.437500
6,Харизма,elephant,4,"Огненный шар: альтернатива, не выбор игрока",24.437500,24.437500
6,Харизма,ettercap,2,"Огненный шар: альтернатива, не выбор игрока",22.300000,22.300000
6,Харизма,ettin,4,"Огненный шар: альтернатива, не выбор игрока",24.437500,24.437500
6,Харизма,fire-elemental,5,"Огненный шар: альтернатива, не выбор игрока",0.000000,0.000000
6,Харизма,flesh-golem,5,"Огненный шар: альтернатива, не выбор игрока",21.765625,21.765625
6,Харизма,frost-giant,8,"Огненный шар: альтернатива, не выбор игрока",24.437500,24.437500
6,Харизма,gargoyle,2,"Огненный шар: альтернатива, не выбор игрока",23.725000,23.725000
6,Харизма,gelatinous-cube,2,"Огненный шар: альтернатива, не выбор игрока",26.575000,26.575000
6,Харизма,ghast,2,"Огненный шар: альтернатива, не выбор игрока",21.587500,21.587500
6,Харизма,ghost,4,"Огненный шар: альтернатива, не выбор игрока",11.256251,11.256251
6,Харизма,giant-ape,7,"Огненный шар: альтернатива, не выбор игрока",22.300000,22.300000
6,Харизма,giant-boar,2,"Огненный шар: альтернатива, не выбор игрока",23.725000,23.725000
6,Харизма,giant-constrictor-snake,2,"Огненный шар: альтернатива, не выбор игрока",22.300000,22.300000
6,Харизма,giant-crocodile,5,"Огненный шар: альтернатива, не выбор игрока",24.437500,24.437500
6,Харизма,giant-elk,2,"Огненный шар: альтернатива, не выбор игрока",21.587500,21.587500
6,Харизма,giant-scorpion,3,"Огненный шар: альтернатива, не выбор игрока",23.012500,23.012500
6,Харизма,giant-shark,5,"Огненный шар: альтернатива, не выбор игрока",23.725000,23.725000
6,Харизма,gibbering-mouther,2,"Огненный шар: альтернатива, не выбор игрока",24.437500,24.437500
6,Харизма,gladiator,5,"Огненный шар: альтернатива, не выбор игрока",20.162500,20.162500
6,Харизма,gold-dragon-wyrmling,3,"Огненный шар: альтернатива, не выбор игрока",0.000000,0.000000
6,Харизма,gorgon,5,"Огненный шар: альтернатива, не выбор игрока",23.725000,23.725000
6,Харизма,green-dragon-wyrmling,2,"Огненный шар: альтернатива, не выбор игрока",21.587500,21.587500
6,Харизма,green-hag,3,"Огненный шар: альтернатива, не выбор игрока",23.012500,23.012500
6,Харизма,grick,2,"Огненный шар: альтернатива, не выбор игрока",22.300000,22.300000
6,Харизма,griffon,2,"Огненный шар: альтернатива, не выбор игрока",22.300000,22.300000
6,Харизма,half-red-dragon-veteran,5,"Огненный шар: альтернатива, не выбор игрока",11.256251,11.256251
6,Харизма,hell-hound,3,"Огненный шар: альтернатива, не выбор игрока",0.000000,0.000000
6,Харизма,hezrou,8,"Огненный шар: альтернатива, не выбор игрока",8.780314,8.780314
6,Харизма,hill-giant,5,"Огненный шар: альтернатива, не выбор игрока",24.437500,24.437500
6,Харизма,hunter-shark,2,"Огненный шар: альтернатива, не выбор игрока",23.012500,23.012500
6,Харизма,hydra,8,"Огненный шар: альтернатива, не выбор игрока",23.012500,23.012500
6,Харизма,invisible-stalker,6,"Огненный шар: альтернатива, не выбор игрока",20.875000,20.875000
6,Харизма,killer-whale,3,"Огненный шар: альтернатива, не выбор игрока",23.725000,23.725000
6,Харизма,knight,3,"Огненный шар: альтернатива, не выбор игрока",23.725000,23.725000
6,Харизма,lamia,4,"Огненный шар: альтернатива, не выбор игрока",23.012500,23.012500
6,Харизма,mage,6,"Огненный шар: альтернатива, не выбор игрока",22.300000,22.300000
6,Харизма,mammoth,6,"Огненный шар: альтернатива, не выбор игрока",24.437500,24.437500
6,Харизма,manticore,3,"Огненный шар: альтернатива, не выбор игрока",21.587500,21.587500
6,Харизма,medusa,6,"Огненный шар: альтернатива, не выбор игрока",22.300000,22.300000
6,Харизма,merrow,2,"Огненный шар: альтернатива, не выбор игрока",23.725000,23.725000
6,Харизма,mimic,2,"Огненный шар: альтернатива, не выбор игрока",23.012500,23.012500
6,Харизма,minotaur,3,"Огненный шар: альтернатива, не выбор игрока",23.725000,23.725000
6,Харизма,minotaur-skeleton,2,"Огненный шар: альтернатива, не выбор игрока",23.725000,23.725000
6,Харизма,mummy,3,"Огненный шар: альтернатива, не выбор игрока",48.875000,48.875000
6,Харизма,night-hag,5,"Огненный шар: альтернатива, не выбор игрока",9.190002,9.190002
6,Харизма,nightmare,3,"Огненный шар: альтернатива, не выбор игрока",0.000000,0.000000
6,Харизма,ochre-jelly,2,"Огненный шар: альтернатива, не выбор игрока",25.150000,25.150000
6,Харизма,ogre,2,"Огненный шар: альтернатива, не выбор игрока",24.437500,24.437500
6,Харизма,ogre-zombie,2,"Огненный шар: альтернатива, не выбор игрока",25.150000,25.150000
6,Харизма,oni,7,"Огненный шар: альтернатива, не выбор игрока",21.587500,21.587500
6,Харизма,otyugh,5,"Огненный шар: альтернатива, не выбор игрока",23.725000,23.725000
6,Харизма,owlbear,3,"Огненный шар: альтернатива, не выбор игрока",23.012500,23.012500
6,Харизма,pegasus,2,"Огненный шар: альтернатива, не выбор игрока",20.875000,20.875000
6,Харизма,phase-spider,3,"Огненный шар: альтернатива, не выбор игрока",22.300000,22.300000
6,Харизма,plesiosaurus,2,"Огненный шар: альтернатива, не выбор игрока",22.300000,22.300000
6,Харизма,polar-bear,2,"Огненный шар: альтернатива, не выбор игрока",23.725000,23.725000
6,Харизма,priest,2,"Огненный шар: альтернатива, не выбор игрока",23.725000,23.725000
6,Харизма,red-dragon-wyrmling,4,"Огненный шар: альтернатива, не выбор игрока",0.000000,0.000000
6,Харизма,rhinoceros,2,"Огненный шар: альтернатива, не выбор игрока",24.437500,24.437500
6,Харизма,roper,5,"Огненный шар: альтернатива, не выбор игрока",24.437500,24.437500
6,Харизма,rug-of-smothering,2,"Огненный шар: альтернатива, не выбор игрока",22.300000,22.300000
6,Харизма,saber-toothed-tiger,2,"Огненный шар: альтернатива, не выбор игрока",22.300000,22.300000
6,Харизма,salamander,5,"Огненный шар: альтернатива, не выбор игрока",0.000000,0.000000
6,Харизма,sea-hag,2,"Огненный шар: альтернатива, не выбор игрока",23.012500,23.012500
6,Харизма,shambling-mound,5,"Огненный шар: альтернатива, не выбор игрока",11.968751,11.968751
6,Харизма,shield-guardian,7,"Огненный шар: альтернатива, не выбор игрока",24.437500,24.437500
6,Харизма,silver-dragon-wyrmling,2,"Огненный шар: альтернатива, не выбор игрока",22.300000,22.300000
6,Харизма,spirit-naga,8,"Огненный шар: альтернатива, не выбор игрока",19.450000,19.450000
6,Харизма,stone-giant,7,"Огненный шар: альтернатива, не выбор игрока",20.162500,20.162500
6,Харизма,succubus-incubus,4,"Огненный шар: альтернатива, не выбор игрока",10.543751,10.543751
6,Харизма,swarm-of-poisonous-snakes,2,"Огненный шар: альтернатива, не выбор игрока",20.875000,20.875000
6,Харизма,triceratops,5,"Огненный шар: альтернатива, не выбор игрока",24.437500,24.437500
6,Харизма,troll,5,"Огненный шар: альтернатива, не выбор игрока",23.012500,23.012500
6,Харизма,tyrannosaurus-rex,8,"Огненный шар: альтернатива, не выбор игрока",23.725000,23.725000
6,Харизма,unicorn,5,"Огненный шар: альтернатива, не выбор игрока",18.880000,18.880000
6,Харизма,vampire-spawn,5,"Огненный шар: альтернатива, не выбор игрока",19.450000,19.450000
6,Харизма,veteran,3,"Огненный шар: альтернатива, не выбор игрока",23.012500,23.012500
6,Харизма,vrock,6,"Огненный шар: альтернатива, не выбор игрока",8.067814,8.067814
6,Харизма,water-elemental,5,"Огненный шар: альтернатива, не выбор игрока",22.300000,22.300000
6,Харизма,werebear-bear,5,"Огненный шар: альтернатива, не выбор игрока",23.725000,23.725000
6,Харизма,werebear-human,5,"Огненный шар: альтернатива, не выбор игрока",23.725000,23.725000
6,Харизма,werebear-hybrid,5,"Огненный шар: альтернатива, не выбор игрока",23.725000,23.725000
6,Харизма,wereboar-boar,4,"Огненный шар: альтернатива, не выбор игрока",23.725000,23.725000
6,Харизма,wereboar-human,4,"Огненный шар: альтернатива, не выбор игрока",23.725000,23.725000
6,Харизма,wereboar-hybrid,4,"Огненный шар: альтернатива, не выбор игрока",23.725000,23.725000
6,Харизма,wererat-human,2,"Огненный шар: альтернатива, не выбор игрока",22.300000,22.300000
6,Харизма,wererat-hybrid,2,"Огненный шар: альтернатива, не выбор игрока",22.300000,22.300000
6,Харизма,wererat-rat,2,"Огненный шар: альтернатива, не выбор игрока",22.300000,22.300000
6,Харизма,weretiger-human,4,"Огненный шар: альтернатива, не выбор игрока",22.300000,22.300000
6,Харизма,weretiger-hybrid,4,"Огненный шар: альтернатива, не выбор игрока",22.300000,22.300000
6,Харизма,weretiger-tiger,4,"Огненный шар: альтернатива, не выбор игрока",22.300000,22.300000
6,Харизма,werewolf-human,3,"Огненный шар: альтернатива, не выбор игрока",23.012500,23.012500
6,Харизма,werewolf-hybrid,3,"Огненный шар: альтернатива, не выбор игрока",23.012500,23.012500
6,Харизма,werewolf-wolf,3,"Огненный шар: альтернатива, не выбор игрока",23.012500,23.012500
6,Харизма,white-dragon-wyrmling,2,"Огненный шар: альтернатива, не выбор игрока",22.300000,22.300000
6,Харизма,wight,3,"Огненный шар: альтернатива, не выбор игрока",22.300000,22.300000
6,Харизма,will-o-wisp,2,"Огненный шар: альтернатива, не выбор игрока",8.406252,8.406252
6,Харизма,winter-wolf,3,"Огненный шар: альтернатива, не выбор игрока",23.012500,23.012500
6,Харизма,wraith,5,"Огненный шар: альтернатива, не выбор игрока",10.543751,10.543751
6,Харизма,wyvern,6,"Огненный шар: альтернатива, не выбор игрока",23.725000,23.725000
6,Харизма,xorn,5,"Огненный шар: альтернатива, не выбор игрока",23.725000,23.725000
6,Харизма,young-black-dragon,7,"Огненный шар: альтернатива, не выбор игрока",20.162500,20.162500
6,Харизма,young-brass-dragon,6,"Огненный шар: альтернатива, не выбор игрока",0.000000,0.000000
6,Харизма,young-bronze-dragon,8,"Огненный шар: альтернатива, не выбор игрока",21.587500,21.587500
6,Харизма,young-copper-dragon,7,"Огненный шар: альтернатива, не выбор игрока",20.875000,20.875000
6,Харизма,young-green-dragon,8,"Огненный шар: альтернатива, не выбор игрока",20.875000,20.875000
6,Харизма,young-white-dragon,6,"Огненный шар: альтернатива, не выбор игрока",21.587500,21.587500
7,Харизма,aboleth,10,"Хроматический шар: холод, ячейка I",10.300000,10.300000
7,Харизма,air-elemental,5,"Хроматический шар: холод, ячейка I",12.050000,12.050000
7,Харизма,archmage,12,"Хроматический шар: холод, ячейка I",12.050000,12.050000
7,Харизма,assassin,8,"Хроматический шар: холод, ячейка I",12.050000,12.050000
7,Харизма,barbed-devil,5,"Хроматический шар: холод, ячейка I",5.862500,5.862500
7,Харизма,behir,11,"Хроматический шар: холод, ячейка I",10.300000,10.300000
7,Харизма,black-pudding,4,"Хроматический шар: холод, ячейка I",0.000000,0.000000
7,Харизма,bone-devil,9,"Хроматический шар: холод, ячейка I",4.162500,4.162500
7,Харизма,bulette,5,"Хроматический шар: холод, ячейка I",10.300000,10.300000
7,Харизма,chain-devil,8,"Хроматический шар: холод, ячейка I",5.437500,5.437500
7,Харизма,chimera,6,"Хроматический шар: холод, ячейка I",12.925000,12.925000
7,Харизма,chuul,4,"Хроматический шар: холод, ячейка I",11.175000,11.175000
7,Харизма,clay-golem,9,"Хроматический шар: холод, ячейка I",12.925000,12.925000
7,Харизма,cloaker,8,"Хроматический шар: холод, ячейка I",12.925000,12.925000
7,Харизма,cloud-giant,9,"Хроматический шар: холод, ячейка I",12.925000,12.925000
7,Харизма,couatl,4,"Хроматический шар: холод, ячейка I",8.550000,8.550000
7,Харизма,deva,10,"Хроматический шар: холод, ячейка I",10.300000,10.300000
7,Харизма,djinni,11,"Хроматический шар: холод, ячейка I",10.300000,10.300000
7,Харизма,drider,6,"Хроматический шар: холод, ячейка I",8.550000,8.550000
7,Харизма,earth-elemental,5,"Хроматический шар: холод, ячейка I",10.300000,10.300000
7,Харизма,efreeti,11,"Хроматический шар: холод, ячейка I",10.300000,10.300000
7,Харизма,elephant,4,"Хроматический шар: холод, ячейка I",14.675000,14.675000
7,Харизма,erinyes,12,"Хроматический шар: холод, ячейка I",4.587500,4.587500
7,Харизма,ettin,4,"Хроматический шар: холод, ячейка I",14.675000,14.675000
7,Харизма,fire-elemental,5,"Хроматический шар: холод, ячейка I",13.800000,13.800000
7,Харизма,fire-giant,9,"Хроматический шар: холод, ячейка I",9.425000,9.425000
7,Харизма,flesh-golem,5,"Хроматический шар: холод, ячейка I",17.300000,17.300000
7,Харизма,frost-giant,8,"Хроматический шар: холод, ячейка I",0.000000,0.000000
7,Харизма,ghost,4,"Хроматический шар: холод, ячейка I",0.000000,0.000000
7,Харизма,giant-ape,7,"Хроматический шар: холод, ячейка I",14.675000,14.675000
7,Харизма,giant-crocodile,5,"Хроматический шар: холод, ячейка I",12.925000,12.925000
7,Харизма,giant-shark,5,"Хроматический шар: холод, ячейка I",13.800000,13.800000
7,Харизма,glabrezu,9,"Хроматический шар: холод, ячейка I",5.012500,5.012500
7,Харизма,gladiator,5,"Хроматический шар: холод, ячейка I",11.175000,11.175000
7,Харизма,gorgon,5,"Хроматический шар: холод, ячейка I",8.550000,8.550000
7,Харизма,guardian-naga,10,"Хроматический шар: холод, ячейка I",9.425000,9.425000
7,Харизма,gynosphinx,11,"Хроматический шар: холод, ячейка I",10.300000,10.300000
7,Харизма,half-red-dragon-veteran,5,"Хроматический шар: холод, ячейка I",9.425000,9.425000
7,Харизма,hezrou,8,"Хроматический шар: холод, ячейка I",5.437500,5.437500
7,Харизма,hill-giant,5,"Хроматический шар: холод, ячейка I",13.800000,13.800000
7,Харизма,horned-devil,11,"Хроматический шар: холод, ячейка I",4.587500,4.587500
7,Харизма,hydra,8,"Хроматический шар: холод, ячейка I",12.050000,12.050000
7,Харизма,invisible-stalker,6,"Хроматический шар: холод, ячейка I",12.925000,12.925000
7,Харизма,lamia,4,"Хроматический шар: холод, ячейка I",13.800000,13.800000
7,Харизма,mage,6,"Хроматический шар: холод, ячейка I",12.050000,12.050000
7,Харизма,mammoth,6,"Хроматический шар: холод, ячейка I",13.800000,13.800000
7,Харизма,medusa,6,"Хроматический шар: холод, ячейка I",12.050000,12.050000
7,Харизма,night-hag,5,"Хроматический шар: холод, ячейка I",5.012500,5.012500
7,Харизма,oni,7,"Хроматический шар: холод, ячейка I",11.175000,11.175000
7,Харизма,otyugh,5,"Хроматический шар: холод, ячейка I",12.925000,12.925000
7,Харизма,red-dragon-wyrmling,4,"Хроматический шар: холод, ячейка I",10.300000,10.300000
7,Харизма,remorhaz,11,"Хроматический шар: холод, ячейка I",0.000000,0.000000
7,Харизма,roc,11,"Хроматический шар: холод, ячейка I",12.050000,12.050000
7,Харизма,roper,5,"Хроматический шар: холод, ячейка I",7.675000,7.675000
7,Харизма,salamander,5,"Хроматический шар: холод, ячейка I",24.100000,24.100000
7,Харизма,shambling-mound,5,"Хроматический шар: холод, ячейка I",5.862500,5.862500
7,Харизма,shield-guardian,7,"Хроматический шар: холод, ячейка I",10.300000,10.300000
7,Харизма,spirit-naga,8,"Хроматический шар: холод, ячейка I",12.050000,12.050000
7,Харизма,stone-giant,7,"Хроматический шар: холод, ячейка I",10.300000,10.300000
7,Харизма,stone-golem,10,"Хроматический шар: холод, ячейка I",10.300000,10.300000
7,Харизма,succubus-incubus,4,"Хроматический шар: холод, ячейка I",5.862500,5.862500
7,Харизма,treant,9,"Хроматический шар: холод, ячейка I",11.175000,11.175000
7,Харизма,triceratops,5,"Хроматический шар: холод, ячейка I",13.800000,13.800000
7,Харизма,troll,5,"Хроматический шар: холод, ячейка I",12.050000,12.050000
7,Харизма,tyrannosaurus-rex,8,"Хроматический шар: холод, ячейка I",13.800000,13.800000
7,Харизма,unicorn,5,"Хроматический шар: холод, ячейка I",14.675000,14.675000
7,Харизма,vampire-spawn,5,"Хроматический шар: холод, ячейка I",12.050000,12.050000
7,Харизма,vrock,6,"Хроматический шар: холод, ячейка I",5.862500,5.862500
7,Харизма,water-elemental,5,"Хроматический шар: холод, ячейка I",12.925000,12.925000
7,Харизма,werebear-bear,5,"Хроматический шар: холод, ячейка I",15.550000,15.550000
7,Харизма,werebear-human,5,"Хроматический шар: холод, ячейка I",16.425000,16.425000
7,Харизма,werebear-hybrid,5,"Хроматический шар: холод, ячейка I",15.550000,15.550000
7,Харизма,wereboar-boar,4,"Хроматический шар: холод, ячейка I",15.550000,15.550000
7,Харизма,wereboar-human,4,"Хроматический шар: холод, ячейка I",16.425000,16.425000
7,Харизма,wereboar-hybrid,4,"Хроматический шар: холод, ячейка I",15.550000,15.550000
7,Харизма,weretiger-human,4,"Хроматический шар: холод, ячейка I",14.675000,14.675000
7,Харизма,weretiger-hybrid,4,"Хроматический шар: холод, ячейка I",14.675000,14.675000
7,Харизма,weretiger-tiger,4,"Хроматический шар: холод, ячейка I",14.675000,14.675000
7,Харизма,wraith,5,"Хроматический шар: холод, ячейка I",6.712500,6.712500
7,Харизма,wyvern,6,"Хроматический шар: холод, ячейка I",13.800000,13.800000
7,Харизма,xorn,5,"Хроматический шар: холод, ячейка I",8.550000,8.550000
7,Харизма,young-black-dragon,7,"Хроматический шар: холод, ячейка I",9.425000,9.425000
7,Харизма,young-blue-dragon,9,"Хроматический шар: холод, ячейка I",9.425000,9.425000
7,Харизма,young-brass-dragon,6,"Хроматический шар: холод, ячейка I",10.300000,10.300000
7,Харизма,young-bronze-dragon,8,"Хроматический шар: холод, ячейка I",9.425000,9.425000
7,Харизма,young-copper-dragon,7,"Хроматический шар: холод, ячейка I",10.300000,10.300000
7,Харизма,young-gold-dragon,10,"Хроматический шар: холод, ячейка I",9.425000,9.425000
7,Харизма,young-green-dragon,8,"Хроматический шар: холод, ячейка I",9.425000,9.425000
7,Харизма,young-red-dragon,10,"Хроматический шар: холод, ячейка I",9.425000,9.425000
7,Харизма,young-silver-dragon,9,"Хроматический шар: холод, ячейка I",0.000000,0.000000
7,Харизма,young-white-dragon,6,"Хроматический шар: холод, ячейка I",0.000000,0.000000
7,Харизма,aboleth,10,Психическая плеть Таши,6.650000,6.650000
7,Харизма,air-elemental,5,Психическая плеть Таши,9.400000,9.400000
7,Харизма,archmage,12,Психическая плеть Таши,5.343750,5.343750
7,Харизма,assassin,8,Психическая плеть Таши,7.750000,7.750000
7,Харизма,barbed-devil,5,Психическая плеть Таши,7.323750,7.323750
7,Харизма,behir,11,Психическая плеть Таши,9.400000,9.400000
7,Харизма,black-pudding,4,Психическая плеть Таши,10.225000,10.225000
7,Харизма,bone-devil,9,Психическая плеть Таши,6.113750,6.113750
7,Харизма,bulette,5,Психическая плеть Таши,9.950000,9.950000
7,Харизма,chain-devil,8,Психическая плеть Таши,7.695000,7.695000
7,Харизма,chimera,6,Психическая плеть Таши,9.950000,9.950000
7,Харизма,chuul,4,Психическая плеть Таши,9.675000,9.675000
7,Харизма,clay-golem,9,Психическая плеть Таши,0.000000,0.000000
7,Харизма,cloaker,8,Психическая плеть Таши,8.575000,8.575000
7,Харизма,cloud-giant,9,Психическая плеть Таши,8.575000,8.575000
7,Харизма,couatl,4,Психическая плеть Таши,0.000000,0.000000
7,Харизма,deva,10,Психическая плеть Таши,6.663750,6.663750
7,Харизма,djinni,11,Психическая плеть Таши,8.300000,8.300000
7,Харизма,drider,6,Психическая плеть Таши,8.575000,8.575000
7,Харизма,earth-elemental,5,Психическая плеть Таши,9.675000,9.675000
7,Харизма,efreeti,11,Психическая плеть Таши,6.925000,6.925000
7,Харизма,elephant,4,Психическая плеть Таши,9.950000,9.950000
7,Харизма,erinyes,12,Психическая плеть Таши,6.980000,6.980000
7,Харизма,ettin,4,Психическая плеть Таши,9.400000,9.400000
7,Харизма,fire-elemental,5,Психическая плеть Таши,9.400000,9.400000
7,Харизма,fire-giant,9,Психическая плеть Таши,8.850000,8.850000
7,Харизма,flesh-golem,5,Психическая плеть Таши,8.520000,8.520000
7,Харизма,frost-giant,8,Психическая плеть Таши,9.125000,9.125000
7,Харизма,ghost,4,Психическая плеть Таши,8.850000,8.850000
7,Харизма,giant-ape,7,Психическая плеть Таши,9.400000,9.400000
7,Харизма,giant-crocodile,5,Психическая плеть Таши,9.950000,9.950000
7,Харизма,giant-shark,5,Психическая плеть Таши,10.225000,10.225000
7,Харизма,glabrezu,9,Психическая плеть Таши,6.375000,6.375000
7,Харизма,gladiator,5,Психическая плеть Таши,8.850000,8.850000
7,Харизма,gorgon,5,Психическая плеть Таши,9.950000,9.950000
7,Харизма,guardian-naga,10,Психическая плеть Таши,6.925000,6.925000
7,Харизма,gynosphinx,11,Психическая плеть Таши,0.000000,0.000000
7,Харизма,half-red-dragon-veteran,5,Психическая плеть Таши,8.850000,8.850000
7,Харизма,hezrou,8,Психическая плеть Таши,8.973750,8.973750
7,Харизма,hill-giant,5,Психическая плеть Таши,9.675000,9.675000
7,Харизма,horned-devil,11,Психическая плеть Таши,7.323750,7.323750
7,Харизма,hydra,8,Психическая плеть Таши,9.950000,9.950000
7,Харизма,invisible-stalker,6,Психическая плеть Таши,8.850000,8.850000
7,Харизма,lamia,4,Психическая плеть Таши,8.300000,8.300000
7,Харизма,mage,6,Психическая плеть Таши,7.200000,7.200000
7,Харизма,mammoth,6,Психическая плеть Таши,9.950000,9.950000
7,Харизма,medusa,6,Психическая плеть Таши,8.575000,8.575000
7,Харизма,night-hag,5,Психическая плеть Таши,6.663750,6.663750
7,Харизма,oni,7,Психическая плеть Таши,8.300000,8.300000
7,Харизма,otyugh,5,Психическая плеть Таши,9.400000,9.400000
7,Харизма,red-dragon-wyrmling,4,Психическая плеть Таши,8.575000,8.575000
7,Харизма,remorhaz,11,Психическая плеть Таши,9.675000,9.675000
7,Харизма,roc,11,Психическая плеть Таши,9.950000,9.950000
7,Харизма,roper,5,Психическая плеть Таши,9.400000,9.400000
7,Харизма,salamander,5,Психическая плеть Таши,8.850000,8.850000
7,Харизма,shambling-mound,5,Психическая плеть Таши,9.675000,9.675000
7,Харизма,shield-guardian,7,Психическая плеть Таши,9.400000,9.400000
7,Харизма,spirit-naga,8,Психическая плеть Таши,8.025000,8.025000
7,Харизма,stone-giant,7,Психическая плеть Таши,8.850000,8.850000
7,Харизма,stone-golem,10,Психическая плеть Таши,0.000000,0.000000
7,Харизма,succubus-incubus,4,Психическая плеть Таши,8.300000,8.300000
7,Харизма,treant,9,Психическая плеть Таши,8.575000,8.575000
7,Харизма,triceratops,5,Психическая плеть Таши,9.950000,9.950000
7,Харизма,troll,5,Психическая плеть Таши,9.400000,9.400000
7,Харизма,tyrannosaurus-rex,8,Психическая плеть Таши,9.950000,9.950000
7,Харизма,unicorn,5,Психическая плеть Таши,7.695000,7.695000
7,Харизма,vampire-spawn,5,Психическая плеть Таши,8.850000,8.850000
7,Харизма,vrock,6,Психическая плеть Таши,8.093750,8.093750
7,Харизма,water-elemental,5,Психическая плеть Таши,9.675000,9.675000
7,Харизма,werebear-bear,5,Психическая плеть Таши,8.850000,8.850000
7,Харизма,werebear-human,5,Психическая плеть Таши,8.850000,8.850000
7,Харизма,werebear-hybrid,5,Психическая плеть Таши,8.850000,8.850000
7,Харизма,wereboar-boar,4,Психическая плеть Таши,8.850000,8.850000
7,Харизма,wereboar-human,4,Психическая плеть Таши,8.850000,8.850000
7,Харизма,wereboar-hybrid,4,Психическая плеть Таши,8.850000,8.850000
7,Харизма,weretiger-human,4,Психическая плеть Таши,8.850000,8.850000
7,Харизма,weretiger-hybrid,4,Психическая плеть Таши,8.850000,8.850000
7,Харизма,weretiger-tiger,4,Психическая плеть Таши,8.850000,8.850000
7,Харизма,wraith,5,Психическая плеть Таши,8.575000,8.575000
7,Харизма,wyvern,6,Психическая плеть Таши,9.675000,9.675000
7,Харизма,xorn,5,Психическая плеть Таши,8.850000,8.850000
7,Харизма,young-black-dragon,7,Психическая плеть Таши,8.575000,8.575000
7,Харизма,young-blue-dragon,9,Психическая плеть Таши,8.300000,8.300000
7,Харизма,young-brass-dragon,6,Психическая плеть Таши,8.575000,8.575000
7,Харизма,young-bronze-dragon,8,Психическая плеть Таши,8.300000,8.300000
7,Харизма,young-copper-dragon,7,Психическая плеть Таши,8.025000,8.025000
7,Харизма,young-gold-dragon,10,Психическая плеть Таши,8.025000,8.025000
7,Харизма,young-green-dragon,8,Психическая плеть Таши,8.025000,8.025000
7,Харизма,young-red-dragon,10,Психическая плеть Таши,8.300000,8.300000
7,Харизма,young-silver-dragon,9,Психическая плеть Таши,8.300000,8.300000
7,Харизма,young-white-dragon,6,Психическая плеть Таши,9.400000,9.400000
7,Харизма,aboleth,10,Псионический заряд,19.625000,19.625000
7,Харизма,air-elemental,5,Псионический заряд,16.175000,16.175000
7,Харизма,archmage,12,Псионический заряд,15.140000,15.140000
7,Харизма,assassin,8,Псионический заряд,15.600000,15.600000
7,Харизма,barbed-devil,5,Псионический заряд,14.478750,14.478750
7,Харизма,behir,11,Псионический заряд,17.325000,17.325000
7,Харизма,black-pudding,4,Псионический заряд,20.775000,20.775000
7,Харизма,bone-devil,9,Псионический заряд,14.478750,14.478750
7,Харизма,bulette,5,Псионический заряд,19.050000,19.050000
7,Харизма,chain-devil,8,Псионический заряд,15.140000,15.140000
7,Харизма,chimera,6,Псионический заряд,19.050000,19.050000
7,Харизма,chuul,4,Псионический заряд,19.050000,19.050000
7,Харизма,clay-golem,9,Псионический заряд,17.468750,17.468750
7,Харизма,cloaker,8,Псионический заряд,17.900000,17.900000
7,Харизма,cloud-giant,9,Псионический заряд,19.050000,19.050000
7,Харизма,couatl,4,Псионический заряд,16.175000,16.175000
7,Харизма,deva,10,Псионический заряд,13.875000,13.875000
7,Харизма,djinni,11,Псионический заряд,15.600000,15.600000
7,Харизма,drider,6,Псионический заряд,17.325000,17.325000
7,Харизма,earth-elemental,5,Псионический заряд,19.625000,19.625000
7,Харизма,efreeti,11,Псионический заряд,18.475000,18.475000
7,Харизма,elephant,4,Псионический заряд,19.625000,19.625000
7,Харизма,erinyes,12,Псионический заряд,12.408750,12.408750
7,Харизма,ettin,4,Псионический заряд,19.625000,19.625000
7,Харизма,fire-elemental,5,Псионический заряд,17.325000,17.325000
7,Харизма,fire-giant,9,Псионический заряд,17.325000,17.325000
7,Харизма,flesh-golem,5,Псионический заряд,17.468750,17.468750
7,Харизма,frost-giant,8,Псионический заряд,19.625000,19.625000
7,Харизма,ghost,4,Псионический заряд,18.475000,18.475000
7,Харизма,giant-ape,7,Псионический заряд,17.900000,17.900000
7,Харизма,giant-crocodile,5,Псионический заряд,19.625000,19.625000
7,Харизма,giant-shark,5,Псионический заряд,19.050000,19.050000
7,Харизма,glabrezu,9,Псионический заряд,15.140000,15.140000
7,Харизма,gladiator,5,Псионический заряд,16.175000,16.175000
7,Харизма,gorgon,5,Псионический заряд,19.050000,19.050000
7,Харизма,guardian-naga,10,Псионический заряд,14.450000,14.450000
7,Харизма,gynosphinx,11,Псионический заряд,17.900000,17.900000
7,Харизма,half-red-dragon-veteran,5,Псионический заряд,18.475000,18.475000
7,Харизма,hezrou,8,Псионический заряд,14.478750,14.478750
7,Харизма,hill-giant,5,Псионический заряд,19.625000,19.625000
7,Харизма,horned-devil,11,Псионический заряд,12.408750,12.408750
7,Харизма,hydra,8,Псионический заряд,18.475000,18.475000
7,Харизма,invisible-stalker,6,Псионический заряд,16.750000,16.750000
7,Харизма,lamia,4,Псионический заряд,18.475000,18.475000
7,Харизма,mage,6,Псионический заряд,17.900000,17.900000
7,Харизма,mammoth,6,Псионический заряд,19.625000,19.625000
7,Харизма,medusa,6,Псионический заряд,17.900000,17.900000
7,Харизма,night-hag,5,Псионический заряд,15.140000,15.140000
7,Харизма,oni,7,Псионический заряд,17.325000,17.325000
7,Харизма,otyugh,5,Псионический заряд,19.050000,19.050000
7,Харизма,red-dragon-wyrmling,4,Псионический заряд,17.900000,17.900000
7,Харизма,remorhaz,11,Псионический заряд,18.475000,18.475000
7,Харизма,roc,11,Псионический заряд,16.750000,16.750000
7,Харизма,roper,5,Псионический заряд,19.625000,19.625000
7,Харизма,salamander,5,Псионический заряд,17.900000,17.900000
7,Харизма,shambling-mound,5,Псионический заряд,19.625000,19.625000
7,Харизма,shield-guardian,7,Псионический заряд,19.625000,19.625000
7,Харизма,spirit-naga,8,Псионический заряд,15.600000,15.600000
7,Харизма,stone-giant,7,Псионический заряд,16.175000,16.175000
7,Харизма,stone-golem,10,Псионический заряд,17.468750,17.468750
7,Харизма,succubus-incubus,4,Псионический заряд,17.325000,17.325000
7,Харизма,treant,9,Псионический заряд,19.625000,19.625000
7,Харизма,triceratops,5,Псионический заряд,19.625000,19.625000
7,Харизма,troll,5,Псионический заряд,18.475000,18.475000
7,Харизма,tyrannosaurus-rex,8,Псионический заряд,19.050000,19.050000
7,Харизма,unicorn,5,Псионический заряд,15.140000,15.140000
7,Харизма,vampire-spawn,5,Псионический заряд,15.600000,15.600000
7,Харизма,vrock,6,Псионический заряд,13.328750,13.328750
7,Харизма,water-elemental,5,Псионический заряд,17.900000,17.900000
7,Харизма,werebear-bear,5,Псионический заряд,19.050000,19.050000
7,Харизма,werebear-human,5,Псионический заряд,19.050000,19.050000
7,Харизма,werebear-hybrid,5,Псионический заряд,19.050000,19.050000
7,Харизма,wereboar-boar,4,Псионический заряд,19.050000,19.050000
7,Харизма,wereboar-human,4,Псионический заряд,19.050000,19.050000
7,Харизма,wereboar-hybrid,4,Псионический заряд,19.050000,19.050000
7,Харизма,weretiger-human,4,Псионический заряд,17.900000,17.900000
7,Харизма,weretiger-hybrid,4,Псионический заряд,17.900000,17.900000
7,Харизма,weretiger-tiger,4,Псионический заряд,17.900000,17.900000
7,Харизма,wraith,5,Псионический заряд,17.325000,17.325000
7,Харизма,wyvern,6,Псионический заряд,19.050000,19.050000
7,Харизма,xorn,5,Псионический заряд,19.050000,19.050000
7,Харизма,young-black-dragon,7,Псионический заряд,16.175000,16.175000
7,Харизма,young-blue-dragon,9,Псионический заряд,16.750000,16.750000
7,Харизма,young-brass-dragon,6,Псионический заряд,17.325000,17.325000
7,Харизма,young-bronze-dragon,8,Псионический заряд,17.325000,17.325000
7,Харизма,young-copper-dragon,7,Псионический заряд,16.750000,16.750000
7,Харизма,young-gold-dragon,10,Псионический заряд,15.600000,15.600000
7,Харизма,young-green-dragon,8,Псионический заряд,16.750000,16.750000
7,Харизма,young-red-dragon,10,Псионический заряд,16.750000,16.750000
7,Харизма,young-silver-dragon,9,Псионический заряд,16.750000,16.750000
7,Харизма,young-white-dragon,6,Псионический заряд,17.325000,17.325000
7,Харизма,aboleth,10,Застывшие лезвия: одно срабатывание,18.687500,18.687500
7,Харизма,air-elemental,5,Застывшие лезвия: одно срабатывание,15.312500,15.312500
7,Харизма,archmage,12,Застывшие лезвия: одно срабатывание,14.300000,14.300000
7,Харизма,assassin,8,Застывшие лезвия: одно срабатывание,14.750000,14.750000
7,Харизма,barbed-devil,5,Застывшие лезвия: одно срабатывание,8.771979,8.771979
7,Харизма,behir,11,Застывшие лезвия: одно срабатывание,16.437500,16.437500
7,Харизма,black-pudding,4,Застывшие лезвия: одно срабатывание,0.000000,0.000000
7,Харизма,bone-devil,9,Застывшие лезвия: одно срабатывание,8.771979,8.771979
7,Харизма,bulette,5,Застывшие лезвия: одно срабатывание,18.125000,18.125000
7,Харизма,chain-devil,8,Застывшие лезвия: одно срабатывание,9.202963,9.202963
7,Харизма,chimera,6,Застывшие лезвия: одно срабатывание,18.125000,18.125000
7,Харизма,chuul,4,Застывшие лезвия: одно срабатывание,18.125000,18.125000
7,Харизма,clay-golem,9,Застывшие лезвия: одно срабатывание,16.578125,16.578125
7,Харизма,cloaker,8,Застывшие лезвия: одно срабатывание,17.000000,17.000000
7,Харизма,cloud-giant,9,Застывшие лезвия: одно срабатывание,18.125000,18.125000
7,Харизма,couatl,4,Застывшие лезвия: одно срабатывание,15.312500,15.312500
7,Харизма,deva,10,Застывшие лезвия: одно срабатывание,13.062500,13.062500
7,Харизма,djinni,11,Застывшие лезвия: одно срабатывание,14.750000,14.750000
7,Харизма,drider,6,Застывшие лезвия: одно срабатывание,16.437500,16.437500
7,Харизма,earth-elemental,5,Застывшие лезвия: одно срабатывание,18.687500,18.687500
7,Харизма,efreeti,11,Застывшие лезвия: одно срабатывание,17.562500,17.562500
7,Харизма,elephant,4,Застывшие лезвия: одно срабатывание,18.687500,18.687500
7,Харизма,erinyes,12,Застывшие лезвия: одно срабатывание,7.422812,7.422812
7,Харизма,ettin,4,Застывшие лезвия: одно срабатывание,18.687500,18.687500
7,Харизма,fire-elemental,5,Застывшие лезвия: одно срабатывание,16.437500,16.437500
7,Харизма,fire-giant,9,Застывшие лезвия: одно срабатывание,16.437500,16.437500
7,Харизма,flesh-golem,5,Застывшие лезвия: одно срабатывание,16.578125,16.578125
7,Харизма,frost-giant,8,Застывшие лезвия: одно срабатывание,6.062500,6.062500
7,Харизма,ghost,4,Застывшие лезвия: одно срабатывание,5.687500,5.687500
7,Харизма,giant-ape,7,Застывшие лезвия: одно срабатывание,17.000000,17.000000
7,Харизма,giant-crocodile,5,Застывшие лезвия: одно срабатывание,18.687500,18.687500
7,Харизма,giant-shark,5,Застывшие лезвия: одно срабатывание,18.125000,18.125000
7,Харизма,glabrezu,9,Застывшие лезвия: одно срабатывание,9.202963,9.202963
7,Харизма,gladiator,5,Застывшие лезвия: одно срабатывание,15.312500,15.312500
7,Харизма,gorgon,5,Застывшие лезвия: одно срабатывание,18.125000,18.125000
7,Харизма,guardian-naga,10,Застывшие лезвия: одно срабатывание,13.625000,13.625000
7,Харизма,gynosphinx,11,Застывшие лезвия: одно срабатывание,17.000000,17.000000
7,Харизма,half-red-dragon-veteran,5,Застывшие лезвия: одно срабатывание,17.562500,17.562500
7,Харизма,hezrou,8,Застывшие лезвия: одно срабатывание,8.771979,8.771979
7,Харизма,hill-giant,5,Застывшие лезвия: одно срабатывание,18.687500,18.687500
7,Харизма,horned-devil,11,Застывшие лезвия: одно срабатывание,7.422812,7.422812
7,Харизма,hydra,8,Застывшие лезвия: одно срабатывание,17.562500,17.562500
7,Харизма,invisible-stalker,6,Застывшие лезвия: одно срабатывание,15.875000,15.875000
7,Харизма,lamia,4,Застывшие лезвия: одно срабатывание,17.562500,17.562500
7,Харизма,mage,6,Застывшие лезвия: одно срабатывание,17.000000,17.000000
7,Харизма,mammoth,6,Застывшие лезвия: одно срабатывание,18.687500,18.687500
7,Харизма,medusa,6,Застывшие лезвия: одно срабатывание,17.000000,17.000000
7,Харизма,night-hag,5,Застывшие лезвия: одно срабатывание,9.202963,9.202963
7,Харизма,oni,7,Застывшие лезвия: одно срабатывание,16.437500,16.437500
7,Харизма,otyugh,5,Застывшие лезвия: одно срабатывание,18.125000,18.125000
7,Харизма,red-dragon-wyrmling,4,Застывшие лезвия: одно срабатывание,17.000000,17.000000
7,Харизма,remorhaz,11,Застывшие лезвия: одно срабатывание,5.687500,5.687500
7,Харизма,roc,11,Застывшие лезвия: одно срабатывание,15.875000,15.875000
7,Харизма,roper,5,Застывшие лезвия: одно срабатывание,18.687500,18.687500
7,Харизма,salamander,5,Застывшие лезвия: одно срабатывание,28.500000,28.500000
7,Харизма,shambling-mound,5,Застывшие лезвия: одно срабатывание,12.126157,12.126157
7,Харизма,shield-guardian,7,Застывшие лезвия: одно срабатывание,18.687500,18.687500
7,Харизма,spirit-naga,8,Застывшие лезвия: одно срабатывание,14.750000,14.750000
7,Харизма,stone-giant,7,Застывшие лезвия: одно срабатывание,15.312500,15.312500
7,Харизма,stone-golem,10,Застывшие лезвия: одно срабатывание,16.578125,16.578125
7,Харизма,succubus-incubus,4,Застывшие лезвия: одно срабатывание,10.627083,10.627083
7,Харизма,treant,9,Застывшие лезвия: одно срабатывание,18.687500,18.687500
7,Харизма,triceratops,5,Застывшие лезвия: одно срабатывание,18.687500,18.687500
7,Харизма,troll,5,Застывшие лезвия: одно срабатывание,17.562500,17.562500
7,Харизма,tyrannosaurus-rex,8,Застывшие лезвия: одно срабатывание,18.125000,18.125000
7,Харизма,unicorn,5,Застывшие лезвия: одно срабатывание,14.300000,14.300000
7,Харизма,vampire-spawn,5,Застывшие лезвия: одно срабатывание,14.750000,14.750000
7,Харизма,vrock,6,Застывшие лезвия: одно срабатывание,8.022442,8.022442
7,Харизма,water-elemental,5,Застывшие лезвия: одно срабатывание,17.000000,17.000000
7,Харизма,werebear-bear,5,Застывшие лезвия: одно срабатывание,18.125000,18.125000
7,Харизма,werebear-human,5,Застывшие лезвия: одно срабатывание,18.125000,18.125000
7,Харизма,werebear-hybrid,5,Застывшие лезвия: одно срабатывание,18.125000,18.125000
7,Харизма,wereboar-boar,4,Застывшие лезвия: одно срабатывание,18.125000,18.125000
7,Харизма,wereboar-human,4,Застывшие лезвия: одно срабатывание,18.125000,18.125000
7,Харизма,wereboar-hybrid,4,Застывшие лезвия: одно срабатывание,18.125000,18.125000
7,Харизма,weretiger-human,4,Застывшие лезвия: одно срабатывание,17.000000,17.000000
7,Харизма,weretiger-hybrid,4,Застывшие лезвия: одно срабатывание,17.000000,17.000000
7,Харизма,weretiger-tiger,4,Застывшие лезвия: одно срабатывание,17.000000,17.000000
7,Харизма,wraith,5,Застывшие лезвия: одно срабатывание,10.627083,10.627083
7,Харизма,wyvern,6,Застывшие лезвия: одно срабатывание,18.125000,18.125000
7,Харизма,xorn,5,Застывшие лезвия: одно срабатывание,18.125000,18.125000
7,Харизма,young-black-dragon,7,Застывшие лезвия: одно срабатывание,15.312500,15.312500
7,Харизма,young-blue-dragon,9,Застывшие лезвия: одно срабатывание,15.875000,15.875000
7,Харизма,young-brass-dragon,6,Застывшие лезвия: одно срабатывание,16.437500,16.437500
7,Харизма,young-bronze-dragon,8,Застывшие лезвия: одно срабатывание,16.437500,16.437500
7,Харизма,young-copper-dragon,7,Застывшие лезвия: одно срабатывание,15.875000,15.875000
7,Харизма,young-gold-dragon,10,Застывшие лезвия: одно срабатывание,14.750000,14.750000
7,Харизма,young-green-dragon,8,Застывшие лезвия: одно срабатывание,15.875000,15.875000
7,Харизма,young-red-dragon,10,Застывшие лезвия: одно срабатывание,15.875000,15.875000
7,Харизма,young-silver-dragon,9,Застывшие лезвия: одно срабатывание,5.125000,5.125000
7,Харизма,young-white-dragon,6,Застывшие лезвия: одно срабатывание,5.312500,5.312500
7,Харизма,aboleth,10,"Огненный шар: альтернатива, не выбор игрока",24.437500,24.437500
7,Харизма,air-elemental,5,"Огненный шар: альтернатива, не выбор игрока",20.162500,20.162500
7,Харизма,archmage,12,"Огненный шар: альтернатива, не выбор игрока",18.880000,18.880000
7,Харизма,assassin,8,"Огненный шар: альтернатива, не выбор игрока",19.450000,19.450000
7,Харизма,barbed-devil,5,"Огненный шар: альтернатива, не выбор игрока",0.000000,0.000000
7,Харизма,behir,11,"Огненный шар: альтернатива, не выбор игрока",21.587500,21.587500
7,Харизма,black-pudding,4,"Огненный шар: альтернатива, не выбор игрока",25.862500,25.862500
7,Харизма,bone-devil,9,"Огненный шар: альтернатива, не выбор игрока",0.000000,0.000000
7,Харизма,bulette,5,"Огненный шар: альтернатива, не выбор игрока",23.725000,23.725000
7,Харизма,chain-devil,8,"Огненный шар: альтернатива, не выбор игрока",0.000000,0.000000
7,Харизма,chimera,6,"Огненный шар: альтернатива, не выбор игрока",23.725000,23.725000
7,Харизма,chuul,4,"Огненный шар: альтернатива, не выбор игрока",23.725000,23.725000
7,Харизма,clay-golem,9,"Огненный шар: альтернатива, не выбор игрока",21.765625,21.765625
7,Харизма,cloaker,8,"Огненный шар: альтернатива, не выбор игрока",22.300000,22.300000
7,Харизма,cloud-giant,9,"Огненный шар: альтернатива, не выбор игрока",23.725000,23.725000
7,Харизма,couatl,4,"Огненный шар: альтернатива, не выбор игрока",20.162500,20.162500
7,Харизма,deva,10,"Огненный шар: альтернатива, не выбор игрока",17.312500,17.312500
7,Харизма,djinni,11,"Огненный шар: альтернатива, не выбор игрока",19.450000,19.450000
7,Харизма,drider,6,"Огненный шар: альтернатива, не выбор игрока",21.587500,21.587500
7,Харизма,earth-elemental,5,"Огненный шар: альтернатива, не выбор игрока",24.437500,24.437500
7,Харизма,efreeti,11,"Огненный шар: альтернатива, не выбор игрока",0.000000,0.000000
7,Харизма,elephant,4,"Огненный шар: альтернатива, не выбор игрока",24.437500,24.437500
7,Харизма,erinyes,12,"Огненный шар: альтернатива, не выбор игрока",0.000000,0.000000
7,Харизма,ettin,4,"Огненный шар: альтернатива, не выбор игрока",24.437500,24.437500
7,Харизма,fire-elemental,5,"Огненный шар: альтернатива, не выбор игрока",0.000000,0.000000
7,Харизма,fire-giant,9,"Огненный шар: альтернатива, не выбор игрока",0.000000,0.000000
7,Харизма,flesh-golem,5,"Огненный шар: альтернатива, не выбор игрока",21.765625,21.765625
7,Харизма,frost-giant,8,"Огненный шар: альтернатива, не выбор игрока",24.437500,24.437500
7,Харизма,ghost,4,"Огненный шар: альтернатива, не выбор игрока",11.256251,11.256251
7,Харизма,giant-ape,7,"Огненный шар: альтернатива, не выбор игрока",22.300000,22.300000
7,Харизма,giant-crocodile,5,"Огненный шар: альтернатива, не выбор игрока",24.437500,24.437500
7,Харизма,giant-shark,5,"Огненный шар: альтернатива, не выбор игрока",23.725000,23.725000
7,Харизма,glabrezu,9,"Огненный шар: альтернатива, не выбор игрока",9.190002,9.190002
7,Харизма,gladiator,5,"Огненный шар: альтернатива, не выбор игрока",20.162500,20.162500
7,Харизма,gorgon,5,"Огненный шар: альтернатива, не выбор игрока",23.725000,23.725000
7,Харизма,guardian-naga,10,"Огненный шар: альтернатива, не выбор игрока",18.025000,18.025000
7,Харизма,gynosphinx,11,"Огненный шар: альтернатива, не выбор игрока",22.300000,22.300000
7,Харизма,half-red-dragon-veteran,5,"Огненный шар: альтернатива, не выбор игрока",11.256251,11.256251
7,Харизма,hezrou,8,"Огненный шар: альтернатива, не выбор игрока",8.780314,8.780314
7,Харизма,hill-giant,5,"Огненный шар: альтернатива, не выбор игрока",24.437500,24.437500
7,Харизма,horned-devil,11,"Огненный шар: альтернатива, не выбор игрока",0.000000,0.000000
7,Харизма,hydra,8,"Огненный шар: альтернатива, не выбор игрока",23.012500,23.012500
7,Харизма,invisible-stalker,6,"Огненный шар: альтернатива, не выбор игрока",20.875000,20.875000
7,Харизма,lamia,4,"Огненный шар: альтернатива, не выбор игрока",23.012500,23.012500
7,Харизма,mage,6,"Огненный шар: альтернатива, не выбор игрока",22.300000,22.300000
7,Харизма,mammoth,6,"Огненный шар: альтернатива, не выбор игрока",24.437500,24.437500
7,Харизма,medusa,6,"Огненный шар: альтернатива, не выбор игрока",22.300000,22.300000
7,Харизма,night-hag,5,"Огненный шар: альтернатива, не выбор игрока",9.190002,9.190002
7,Харизма,oni,7,"Огненный шар: альтернатива, не выбор игрока",21.587500,21.587500
7,Харизма,otyugh,5,"Огненный шар: альтернатива, не выбор игрока",23.725000,23.725000
7,Харизма,red-dragon-wyrmling,4,"Огненный шар: альтернатива, не выбор игрока",0.000000,0.000000
7,Харизма,remorhaz,11,"Огненный шар: альтернатива, не выбор игрока",0.000000,0.000000
7,Харизма,roc,11,"Огненный шар: альтернатива, не выбор игрока",20.875000,20.875000
7,Харизма,roper,5,"Огненный шар: альтернатива, не выбор игрока",24.437500,24.437500
7,Харизма,salamander,5,"Огненный шар: альтернатива, не выбор игрока",0.000000,0.000000
7,Харизма,shambling-mound,5,"Огненный шар: альтернатива, не выбор игрока",11.968751,11.968751
7,Харизма,shield-guardian,7,"Огненный шар: альтернатива, не выбор игрока",24.437500,24.437500
7,Харизма,spirit-naga,8,"Огненный шар: альтернатива, не выбор игрока",19.450000,19.450000
7,Харизма,stone-giant,7,"Огненный шар: альтернатива, не выбор игрока",20.162500,20.162500
7,Харизма,stone-golem,10,"Огненный шар: альтернатива, не выбор игрока",21.765625,21.765625
7,Харизма,succubus-incubus,4,"Огненный шар: альтернатива, не выбор игрока",10.543751,10.543751
7,Харизма,treant,9,"Огненный шар: альтернатива, не выбор игрока",48.875000,48.875000
7,Харизма,triceratops,5,"Огненный шар: альтернатива, не выбор игрока",24.437500,24.437500
7,Харизма,troll,5,"Огненный шар: альтернатива, не выбор игрока",23.012500,23.012500
7,Харизма,tyrannosaurus-rex,8,"Огненный шар: альтернатива, не выбор игрока",23.725000,23.725000
7,Харизма,unicorn,5,"Огненный шар: альтернатива, не выбор игрока",18.880000,18.880000
7,Харизма,vampire-spawn,5,"Огненный шар: альтернатива, не выбор игрока",19.450000,19.450000
7,Харизма,vrock,6,"Огненный шар: альтернатива, не выбор игрока",8.067814,8.067814
7,Харизма,water-elemental,5,"Огненный шар: альтернатива, не выбор игрока",22.300000,22.300000
7,Харизма,werebear-bear,5,"Огненный шар: альтернатива, не выбор игрока",23.725000,23.725000
7,Харизма,werebear-human,5,"Огненный шар: альтернатива, не выбор игрока",23.725000,23.725000
7,Харизма,werebear-hybrid,5,"Огненный шар: альтернатива, не выбор игрока",23.725000,23.725000
7,Харизма,wereboar-boar,4,"Огненный шар: альтернатива, не выбор игрока",23.725000,23.725000
7,Харизма,wereboar-human,4,"Огненный шар: альтернатива, не выбор игрока",23.725000,23.725000
7,Харизма,wereboar-hybrid,4,"Огненный шар: альтернатива, не выбор игрока",23.725000,23.725000
7,Харизма,weretiger-human,4,"Огненный шар: альтернатива, не выбор игрока",22.300000,22.300000
7,Харизма,weretiger-hybrid,4,"Огненный шар: альтернатива, не выбор игрока",22.300000,22.300000
7,Харизма,weretiger-tiger,4,"Огненный шар: альтернатива, не выбор игрока",22.300000,22.300000
7,Харизма,wraith,5,"Огненный шар: альтернатива, не выбор игрока",10.543751,10.543751
7,Харизма,wyvern,6,"Огненный шар: альтернатива, не выбор игрока",23.725000,23.725000
7,Харизма,xorn,5,"Огненный шар: альтернатива, не выбор игрока",23.725000,23.725000
7,Харизма,young-black-dragon,7,"Огненный шар: альтернатива, не выбор игрока",20.162500,20.162500
7,Харизма,young-blue-dragon,9,"Огненный шар: альтернатива, не выбор игрока",20.875000,20.875000
7,Харизма,young-brass-dragon,6,"Огненный шар: альтернатива, не выбор игрока",0.000000,0.000000
7,Харизма,young-bronze-dragon,8,"Огненный шар: альтернатива, не выбор игрока",21.587500,21.587500
7,Харизма,young-copper-dragon,7,"Огненный шар: альтернатива, не выбор игрока",20.875000,20.875000
7,Харизма,young-gold-dragon,10,"Огненный шар: альтернатива, не выбор игрока",0.000000,0.000000
7,Харизма,young-green-dragon,8,"Огненный шар: альтернатива, не выбор игрока",20.875000,20.875000
7,Харизма,young-red-dragon,10,"Огненный шар: альтернатива, не выбор игрока",0.000000,0.000000
7,Харизма,young-silver-dragon,9,"Огненный шар: альтернатива, не выбор игрока",20.875000,20.875000
7,Харизма,young-white-dragon,6,"Огненный шар: альтернатива, не выбор игрока",21.587500,21.587500
7,Харизма,aboleth,10,Мистическое копьё Раулотима,15.750000,15.750000
7,Харизма,air-elemental,5,Мистическое копьё Раулотима,22.000000,22.000000
7,Харизма,archmage,12,Мистическое копьё Раулотима,12.781250,12.781250
7,Харизма,assassin,8,Мистическое копьё Раулотима,18.250000,18.250000
7,Харизма,barbed-devil,5,Мистическое копьё Раулотима,17.281250,17.281250
7,Харизма,behir,11,Мистическое копьё Раулотима,22.000000,22.000000
7,Харизма,black-pudding,4,Мистическое копьё Раулотима,23.875000,23.875000
7,Харизма,bone-devil,9,Мистическое копьё Раулотима,14.531250,14.531250
7,Харизма,bulette,5,Мистическое копьё Раулотима,23.250000,23.250000
7,Харизма,chain-devil,8,Мистическое копьё Раулотима,18.125000,18.125000
7,Харизма,chimera,6,Мистическое копьё Раулотима,23.250000,23.250000
7,Харизма,chuul,4,Мистическое копьё Раулотима,22.625000,22.625000
7,Харизма,clay-golem,9,Мистическое копьё Раулотима,0.000000,0.000000
7,Харизма,cloaker,8,Мистическое копьё Раулотима,20.125000,20.125000
7,Харизма,cloud-giant,9,Мистическое копьё Раулотима,20.125000,20.125000
7,Харизма,couatl,4,Мистическое копьё Раулотима,0.000000,0.000000
7,Харизма,deva,10,Мистическое копьё Раулотима,15.781250,15.781250
7,Харизма,djinni,11,Мистическое копьё Раулотима,19.500000,19.500000
7,Харизма,drider,6,Мистическое копьё Раулотима,20.125000,20.125000
7,Харизма,earth-elemental,5,Мистическое копьё Раулотима,22.625000,22.625000
7,Харизма,efreeti,11,Мистическое копьё Раулотима,16.375000,16.375000
7,Харизма,elephant,4,Мистическое копьё Раулотима,23.250000,23.250000
7,Харизма,erinyes,12,Мистическое копьё Раулотима,16.500000,16.500000
7,Харизма,ettin,4,Мистическое копьё Раулотима,22.000000,22.000000
7,Харизма,fire-elemental,5,Мистическое копьё Раулотима,22.000000,22.000000
7,Харизма,fire-giant,9,Мистическое копьё Раулотима,20.750000,20.750000
7,Харизма,flesh-golem,5,Мистическое копьё Раулотима,20.000000,20.000000
7,Харизма,frost-giant,8,Мистическое копьё Раулотима,21.375000,21.375000
7,Харизма,ghost,4,Мистическое копьё Раулотима,20.750000,20.750000
7,Харизма,giant-ape,7,Мистическое копьё Раулотима,22.000000,22.000000
7,Харизма,giant-crocodile,5,Мистическое копьё Раулотима,23.250000,23.250000
7,Харизма,giant-shark,5,Мистическое копьё Раулотима,23.875000,23.875000
7,Харизма,glabrezu,9,Мистическое копьё Раулотима,15.125000,15.125000
7,Харизма,gladiator,5,Мистическое копьё Раулотима,20.750000,20.750000
7,Харизма,gorgon,5,Мистическое копьё Раулотима,23.250000,23.250000
7,Харизма,guardian-naga,10,Мистическое копьё Раулотима,16.375000,16.375000
7,Харизма,gynosphinx,11,Мистическое копьё Раулотима,0.000000,0.000000
7,Харизма,half-red-dragon-veteran,5,Мистическое копьё Раулотима,20.750000,20.750000
7,Харизма,hezrou,8,Мистическое копьё Раулотима,21.031250,21.031250
7,Харизма,hill-giant,5,Мистическое копьё Раулотима,22.625000,22.625000
7,Харизма,horned-devil,11,Мистическое копьё Раулотима,17.281250,17.281250
7,Харизма,hydra,8,Мистическое копьё Раулотима,23.250000,23.250000
7,Харизма,invisible-stalker,6,Мистическое копьё Раулотима,20.750000,20.750000
7,Харизма,lamia,4,Мистическое копьё Раулотима,19.500000,19.500000
7,Харизма,mage,6,Мистическое копьё Раулотима,17.000000,17.000000
7,Харизма,mammoth,6,Мистическое копьё Раулотима,23.250000,23.250000
7,Харизма,medusa,6,Мистическое копьё Раулотима,20.125000,20.125000
7,Харизма,night-hag,5,Мистическое копьё Раулотима,15.781250,15.781250
7,Харизма,oni,7,Мистическое копьё Раулотима,19.500000,19.500000
7,Харизма,otyugh,5,Мистическое копьё Раулотима,22.000000,22.000000
7,Харизма,red-dragon-wyrmling,4,Мистическое копьё Раулотима,20.125000,20.125000
7,Харизма,remorhaz,11,Мистическое копьё Раулотима,22.625000,22.625000
7,Харизма,roc,11,Мистическое копьё Раулотима,23.250000,23.250000
7,Харизма,roper,5,Мистическое копьё Раулотима,22.000000,22.000000
7,Харизма,salamander,5,Мистическое копьё Раулотима,20.750000,20.750000
7,Харизма,shambling-mound,5,Мистическое копьё Раулотима,22.625000,22.625000
7,Харизма,shield-guardian,7,Мистическое копьё Раулотима,22.000000,22.000000
7,Харизма,spirit-naga,8,Мистическое копьё Раулотима,18.875000,18.875000
7,Харизма,stone-giant,7,Мистическое копьё Раулотима,20.750000,20.750000
7,Харизма,stone-golem,10,Мистическое копьё Раулотима,0.000000,0.000000
7,Харизма,succubus-incubus,4,Мистическое копьё Раулотима,19.500000,19.500000
7,Харизма,treant,9,Мистическое копьё Раулотима,20.125000,20.125000
7,Харизма,triceratops,5,Мистическое копьё Раулотима,23.250000,23.250000
7,Харизма,troll,5,Мистическое копьё Раулотима,22.000000,22.000000
7,Харизма,tyrannosaurus-rex,8,Мистическое копьё Раулотима,23.250000,23.250000
7,Харизма,unicorn,5,Мистическое копьё Раулотима,18.125000,18.125000
7,Харизма,vampire-spawn,5,Мистическое копьё Раулотима,20.750000,20.750000
7,Харизма,vrock,6,Мистическое копьё Раулотима,19.031250,19.031250
7,Харизма,water-elemental,5,Мистическое копьё Раулотима,22.625000,22.625000
7,Харизма,werebear-bear,5,Мистическое копьё Раулотима,20.750000,20.750000
7,Харизма,werebear-human,5,Мистическое копьё Раулотима,20.750000,20.750000
7,Харизма,werebear-hybrid,5,Мистическое копьё Раулотима,20.750000,20.750000
7,Харизма,wereboar-boar,4,Мистическое копьё Раулотима,20.750000,20.750000
7,Харизма,wereboar-human,4,Мистическое копьё Раулотима,20.750000,20.750000
7,Харизма,wereboar-hybrid,4,Мистическое копьё Раулотима,20.750000,20.750000
7,Харизма,weretiger-human,4,Мистическое копьё Раулотима,20.750000,20.750000
7,Харизма,weretiger-hybrid,4,Мистическое копьё Раулотима,20.750000,20.750000
7,Харизма,weretiger-tiger,4,Мистическое копьё Раулотима,20.750000,20.750000
7,Харизма,wraith,5,Мистическое копьё Раулотима,20.125000,20.125000
7,Харизма,wyvern,6,Мистическое копьё Раулотима,22.625000,22.625000
7,Харизма,xorn,5,Мистическое копьё Раулотима,20.750000,20.750000
7,Харизма,young-black-dragon,7,Мистическое копьё Раулотима,20.125000,20.125000
7,Харизма,young-blue-dragon,9,Мистическое копьё Раулотима,19.500000,19.500000
7,Харизма,young-brass-dragon,6,Мистическое копьё Раулотима,20.125000,20.125000
7,Харизма,young-bronze-dragon,8,Мистическое копьё Раулотима,19.500000,19.500000
7,Харизма,young-copper-dragon,7,Мистическое копьё Раулотима,18.875000,18.875000
7,Харизма,young-gold-dragon,10,Мистическое копьё Раулотима,18.875000,18.875000
7,Харизма,young-green-dragon,8,Мистическое копьё Раулотима,18.875000,18.875000
7,Харизма,young-red-dragon,10,Мистическое копьё Раулотима,19.500000,19.500000
7,Харизма,young-silver-dragon,9,Мистическое копьё Раулотима,19.500000,19.500000
7,Харизма,young-white-dragon,6,Мистическое копьё Раулотима,22.000000,22.000000
7,Харизма,aboleth,10,Ледяная буря: дар IV,23.500000,23.500000
7,Харизма,air-elemental,5,Ледяная буря: дар IV,19.300000,19.300000
7,Харизма,archmage,12,Ледяная буря: дар IV,18.040000,18.040000
7,Харизма,assassin,8,Ледяная буря: дар IV,18.600000,18.600000
7,Харизма,barbed-devil,5,Ледяная буря: дар IV,11.210399,11.210399
7,Харизма,behir,11,Ледяная буря: дар IV,20.700000,20.700000
7,Харизма,black-pudding,4,Ледяная буря: дар IV,8.287500,8.287500
7,Харизма,bone-devil,9,Ледяная буря: дар IV,11.210399,11.210399
7,Харизма,bulette,5,Ледяная буря: дар IV,22.800000,22.800000
7,Харизма,chain-devil,8,Ледяная буря: дар IV,11.749506,11.749506
7,Харизма,chimera,6,Ледяная буря: дар IV,22.800000,22.800000
7,Харизма,chuul,4,Ледяная буря: дар IV,22.800000,22.800000
7,Харизма,clay-golem,9,Ледяная буря: дар IV,20.875000,20.875000
7,Харизма,cloaker,8,Ледяная буря: дар IV,21.400000,21.400000
7,Харизма,cloud-giant,9,Ледяная буря: дар IV,22.800000,22.800000
7,Харизма,couatl,4,Ледяная буря: дар IV,19.300000,19.300000
7,Харизма,deva,10,Ледяная буря: дар IV,16.500000,16.500000
7,Харизма,djinni,11,Ледяная буря: дар IV,18.600000,18.600000
7,Харизма,drider,6,Ледяная буря: дар IV,20.700000,20.700000
7,Харизма,earth-elemental,5,Ледяная буря: дар IV,23.500000,23.500000
7,Харизма,efreeti,11,Ледяная буря: дар IV,22.100000,22.100000
7,Харизма,elephant,4,Ледяная буря: дар IV,23.500000,23.500000
7,Харизма,erinyes,12,Ледяная буря: дар IV,9.522760,9.522760
7,Харизма,ettin,4,Ледяная буря: дар IV,23.500000,23.500000
7,Харизма,fire-elemental,5,Ледяная буря: дар IV,20.700000,20.700000
7,Харизма,fire-giant,9,Ледяная буря: дар IV,20.700000,20.700000
7,Харизма,flesh-golem,5,Ледяная буря: дар IV,20.875000,20.875000
7,Харизма,frost-giant,8,Ледяная буря: дар IV,7.812500,7.812500
7,Харизма,ghost,4,Ледяная буря: дар IV,7.337500,7.337500
7,Харизма,giant-ape,7,Ледяная буря: дар IV,21.400000,21.400000
7,Харизма,giant-crocodile,5,Ледяная буря: дар IV,23.500000,23.500000
7,Харизма,giant-shark,5,Ледяная буря: дар IV,22.800000,22.800000
7,Харизма,glabrezu,9,Ледяная буря: дар IV,11.749506,11.749506
7,Харизма,gladiator,5,Ледяная буря: дар IV,19.300000,19.300000
7,Харизма,gorgon,5,Ледяная буря: дар IV,22.800000,22.800000
7,Харизма,guardian-naga,10,Ледяная буря: дар IV,17.200000,17.200000
7,Харизма,gynosphinx,11,Ледяная буря: дар IV,21.400000,21.400000
7,Харизма,half-red-dragon-veteran,5,Ледяная буря: дар IV,22.100000,22.100000
7,Харизма,hezrou,8,Ледяная буря: дар IV,11.210399,11.210399
7,Харизма,hill-giant,5,Ледяная буря: дар IV,23.500000,23.500000
7,Харизма,horned-devil,11,Ледяная буря: дар IV,9.522760,9.522760
7,Харизма,hydra,8,Ледяная буря: дар IV,22.100000,22.100000
7,Харизма,invisible-stalker,6,Ледяная буря: дар IV,20.000000,20.000000
7,Харизма,lamia,4,Ледяная буря: дар IV,22.100000,22.100000
7,Харизма,mage,6,Ледяная буря: дар IV,21.400000,21.400000
7,Харизма,mammoth,6,Ледяная буря: дар IV,23.500000,23.500000
7,Харизма,medusa,6,Ледяная буря: дар IV,21.400000,21.400000
7,Харизма,night-hag,5,Ледяная буря: дар IV,11.749506,11.749506
7,Харизма,oni,7,Ледяная буря: дар IV,20.700000,20.700000
7,Харизма,otyugh,5,Ледяная буря: дар IV,22.800000,22.800000
7,Харизма,red-dragon-wyrmling,4,Ледяная буря: дар IV,21.400000,21.400000
7,Харизма,remorhaz,11,Ледяная буря: дар IV,7.337500,7.337500
7,Харизма,roc,11,Ледяная буря: дар IV,20.000000,20.000000
7,Харизма,roper,5,Ледяная буря: дар IV,23.500000,23.500000
7,Харизма,salamander,5,Ледяная буря: дар IV,35.700000,35.700000
7,Харизма,shambling-mound,5,Ледяная буря: дар IV,15.406057,15.406057
7,Харизма,shield-guardian,7,Ледяная буря: дар IV,23.500000,23.500000
7,Харизма,spirit-naga,8,Ледяная буря: дар IV,18.600000,18.600000
7,Харизма,stone-giant,7,Ледяная буря: дар IV,19.300000,19.300000
7,Харизма,stone-golem,10,Ледяная буря: дар IV,20.875000,20.875000
7,Харизма,succubus-incubus,4,Ледяная буря: дар IV,13.530903,13.530903
7,Харизма,treant,9,Ледяная буря: дар IV,19.343750,19.343750
7,Харизма,triceratops,5,Ледяная буря: дар IV,23.500000,23.500000
7,Харизма,troll,5,Ледяная буря: дар IV,22.100000,22.100000
7,Харизма,tyrannosaurus-rex,8,Ледяная буря: дар IV,22.800000,22.800000
7,Харизма,unicorn,5,Ледяная буря: дар IV,18.040000,18.040000
7,Харизма,vampire-spawn,5,Ледяная буря: дар IV,18.600000,18.600000
7,Харизма,vrock,6,Ледяная буря: дар IV,10.272822,10.272822
7,Харизма,water-elemental,5,Ледяная буря: дар IV,21.400000,21.400000
7,Харизма,werebear-bear,5,Ледяная буря: дар IV,22.800000,22.800000
7,Харизма,werebear-human,5,Ледяная буря: дар IV,22.800000,22.800000
7,Харизма,werebear-hybrid,5,Ледяная буря: дар IV,22.800000,22.800000
7,Харизма,wereboar-boar,4,Ледяная буря: дар IV,22.800000,22.800000
7,Харизма,wereboar-human,4,Ледяная буря: дар IV,22.800000,22.800000
7,Харизма,wereboar-hybrid,4,Ледяная буря: дар IV,22.800000,22.800000
7,Харизма,weretiger-human,4,Ледяная буря: дар IV,21.400000,21.400000
7,Харизма,weretiger-hybrid,4,Ледяная буря: дар IV,21.400000,21.400000
7,Харизма,weretiger-tiger,4,Ледяная буря: дар IV,21.400000,21.400000
7,Харизма,wraith,5,Ледяная буря: дар IV,13.530903,13.530903
7,Харизма,wyvern,6,Ледяная буря: дар IV,22.800000,22.800000
7,Харизма,xorn,5,Ледяная буря: дар IV,22.800000,22.800000
7,Харизма,young-black-dragon,7,Ледяная буря: дар IV,19.300000,19.300000
7,Харизма,young-blue-dragon,9,Ледяная буря: дар IV,20.000000,20.000000
7,Харизма,young-brass-dragon,6,Ледяная буря: дар IV,20.700000,20.700000
7,Харизма,young-bronze-dragon,8,Ледяная буря: дар IV,20.700000,20.700000
7,Харизма,young-copper-dragon,7,Ледяная буря: дар IV,20.000000,20.000000
7,Харизма,young-gold-dragon,10,Ледяная буря: дар IV,18.600000,18.600000
7,Харизма,young-green-dragon,8,Ледяная буря: дар IV,20.000000,20.000000
7,Харизма,young-red-dragon,10,Ледяная буря: дар IV,20.000000,20.000000
7,Харизма,young-silver-dragon,9,Ледяная буря: дар IV,6.625000,6.625000
7,Харизма,young-white-dragon,6,Ледяная буря: дар IV,6.862500,6.862500
8,Харизма,aboleth,10,"Хроматический шар: холод, ячейка I",11.775000,11.775000
8,Харизма,air-elemental,5,"Хроматический шар: холод, ячейка I",13.625000,13.625000
8,Харизма,archmage,12,"Хроматический шар: холод, ячейка I",13.625000,13.625000
8,Харизма,assassin,8,"Хроматический шар: холод, ячейка I",13.625000,13.625000
8,Харизма,barbed-devil,5,"Хроматический шар: холод, ячейка I",6.637500,6.637500
8,Харизма,behir,11,"Хроматический шар: холод, ячейка I",11.775000,11.775000
8,Харизма,black-pudding,4,"Хроматический шар: холод, ячейка I",0.000000,0.000000
8,Харизма,bone-devil,9,"Хроматический шар: холод, ячейка I",4.837500,4.837500
8,Харизма,bulette,5,"Хроматический шар: холод, ячейка I",11.775000,11.775000
8,Харизма,chain-devil,8,"Хроматический шар: холод, ячейка I",6.187500,6.187500
8,Харизма,chimera,6,"Хроматический шар: холод, ячейка I",14.550000,14.550000
8,Харизма,chuul,4,"Хроматический шар: холод, ячейка I",12.700000,12.700000
8,Харизма,clay-golem,9,"Хроматический шар: холод, ячейка I",14.550000,14.550000
8,Харизма,cloaker,8,"Хроматический шар: холод, ячейка I",14.550000,14.550000
8,Харизма,cloud-giant,9,"Хроматический шар: холод, ячейка I",14.550000,14.550000
8,Харизма,couatl,4,"Хроматический шар: холод, ячейка I",9.925000,9.925000
8,Харизма,deva,10,"Хроматический шар: холод, ячейка I",11.775000,11.775000
8,Харизма,djinni,11,"Хроматический шар: холод, ячейка I",11.775000,11.775000
8,Харизма,drider,6,"Хроматический шар: холод, ячейка I",9.925000,9.925000
8,Харизма,earth-elemental,5,"Хроматический шар: холод, ячейка I",11.775000,11.775000
8,Харизма,efreeti,11,"Хроматический шар: холод, ячейка I",11.775000,11.775000
8,Харизма,elephant,4,"Хроматический шар: холод, ячейка I",16.400000,16.400000
8,Харизма,erinyes,12,"Хроматический шар: холод, ячейка I",5.287500,5.287500
8,Харизма,ettin,4,"Хроматический шар: холод, ячейка I",16.400000,16.400000
8,Харизма,fire-elemental,5,"Хроматический шар: холод, ячейка I",15.475000,15.475000
8,Харизма,fire-giant,9,"Хроматический шар: холод, ячейка I",10.850000,10.850000
8,Харизма,flesh-golem,5,"Хроматический шар: холод, ячейка I",18.250000,18.250000
8,Харизма,frost-giant,8,"Хроматический шар: холод, ячейка I",0.000000,0.000000
8,Харизма,ghost,4,"Хроматический шар: холод, ячейка I",0.000000,0.000000
8,Харизма,giant-ape,7,"Хроматический шар: холод, ячейка I",16.400000,16.400000
8,Харизма,giant-crocodile,5,"Хроматический шар: холод, ячейка I",14.550000,14.550000
8,Харизма,giant-shark,5,"Хроматический шар: холод, ячейка I",15.475000,15.475000
8,Харизма,glabrezu,9,"Хроматический шар: холод, ячейка I",5.737500,5.737500
8,Харизма,gladiator,5,"Хроматический шар: холод, ячейка I",12.700000,12.700000
8,Харизма,gorgon,5,"Хроматический шар: холод, ячейка I",9.925000,9.925000
8,Харизма,guardian-naga,10,"Хроматический шар: холод, ячейка I",10.850000,10.850000
8,Харизма,gynosphinx,11,"Хроматический шар: холод, ячейка I",11.775000,11.775000
8,Харизма,half-red-dragon-veteran,5,"Хроматический шар: холод, ячейка I",10.850000,10.850000
8,Харизма,hezrou,8,"Хроматический шар: холод, ячейка I",6.187500,6.187500
8,Харизма,hill-giant,5,"Хроматический шар: холод, ячейка I",15.475000,15.475000
8,Харизма,horned-devil,11,"Хроматический шар: холод, ячейка I",5.287500,5.287500
8,Харизма,hydra,8,"Хроматический шар: холод, ячейка I",13.625000,13.625000
8,Харизма,invisible-stalker,6,"Хроматический шар: холод, ячейка I",14.550000,14.550000
8,Харизма,lamia,4,"Хроматический шар: холод, ячейка I",15.475000,15.475000
8,Харизма,mage,6,"Хроматический шар: холод, ячейка I",13.625000,13.625000
8,Харизма,mammoth,6,"Хроматический шар: холод, ячейка I",15.475000,15.475000
8,Харизма,medusa,6,"Хроматический шар: холод, ячейка I",13.625000,13.625000
8,Харизма,night-hag,5,"Хроматический шар: холод, ячейка I",5.737500,5.737500
8,Харизма,oni,7,"Хроматический шар: холод, ячейка I",12.700000,12.700000
8,Харизма,otyugh,5,"Хроматический шар: холод, ячейка I",14.550000,14.550000
8,Харизма,red-dragon-wyrmling,4,"Хроматический шар: холод, ячейка I",11.775000,11.775000
8,Харизма,remorhaz,11,"Хроматический шар: холод, ячейка I",0.000000,0.000000
8,Харизма,roc,11,"Хроматический шар: холод, ячейка I",13.625000,13.625000
8,Харизма,roper,5,"Хроматический шар: холод, ячейка I",9.000000,9.000000
8,Харизма,salamander,5,"Хроматический шар: холод, ячейка I",27.250000,27.250000
8,Харизма,shambling-mound,5,"Хроматический шар: холод, ячейка I",6.637500,6.637500
8,Харизма,shield-guardian,7,"Хроматический шар: холод, ячейка I",11.775000,11.775000
8,Харизма,spirit-naga,8,"Хроматический шар: холод, ячейка I",13.625000,13.625000
8,Харизма,stone-giant,7,"Хроматический шар: холод, ячейка I",11.775000,11.775000
8,Харизма,stone-golem,10,"Хроматический шар: холод, ячейка I",11.775000,11.775000
8,Харизма,succubus-incubus,4,"Хроматический шар: холод, ячейка I",6.637500,6.637500
8,Харизма,treant,9,"Хроматический шар: холод, ячейка I",12.700000,12.700000
8,Харизма,triceratops,5,"Хроматический шар: холод, ячейка I",15.475000,15.475000
8,Харизма,troll,5,"Хроматический шар: холод, ячейка I",13.625000,13.625000
8,Харизма,tyrannosaurus-rex,8,"Хроматический шар: холод, ячейка I",15.475000,15.475000
8,Харизма,unicorn,5,"Хроматический шар: холод, ячейка I",16.400000,16.400000
8,Харизма,vampire-spawn,5,"Хроматический шар: холод, ячейка I",13.625000,13.625000
8,Харизма,vrock,6,"Хроматический шар: холод, ячейка I",6.637500,6.637500
8,Харизма,water-elemental,5,"Хроматический шар: холод, ячейка I",14.550000,14.550000
8,Харизма,werebear-bear,5,"Хроматический шар: холод, ячейка I",17.325000,17.325000
8,Харизма,werebear-human,5,"Хроматический шар: холод, ячейка I",18.250000,18.250000
8,Харизма,werebear-hybrid,5,"Хроматический шар: холод, ячейка I",17.325000,17.325000
8,Харизма,wereboar-boar,4,"Хроматический шар: холод, ячейка I",17.325000,17.325000
8,Харизма,wereboar-human,4,"Хроматический шар: холод, ячейка I",18.250000,18.250000
8,Харизма,wereboar-hybrid,4,"Хроматический шар: холод, ячейка I",17.325000,17.325000
8,Харизма,weretiger-human,4,"Хроматический шар: холод, ячейка I",16.400000,16.400000
8,Харизма,weretiger-hybrid,4,"Хроматический шар: холод, ячейка I",16.400000,16.400000
8,Харизма,weretiger-tiger,4,"Хроматический шар: холод, ячейка I",16.400000,16.400000
8,Харизма,wraith,5,"Хроматический шар: холод, ячейка I",7.537500,7.537500
8,Харизма,wyvern,6,"Хроматический шар: холод, ячейка I",15.475000,15.475000
8,Харизма,xorn,5,"Хроматический шар: холод, ячейка I",9.925000,9.925000
8,Харизма,young-black-dragon,7,"Хроматический шар: холод, ячейка I",10.850000,10.850000
8,Харизма,young-blue-dragon,9,"Хроматический шар: холод, ячейка I",10.850000,10.850000
8,Харизма,young-brass-dragon,6,"Хроматический шар: холод, ячейка I",11.775000,11.775000
8,Харизма,young-bronze-dragon,8,"Хроматический шар: холод, ячейка I",10.850000,10.850000
8,Харизма,young-copper-dragon,7,"Хроматический шар: холод, ячейка I",11.775000,11.775000
8,Харизма,young-gold-dragon,10,"Хроматический шар: холод, ячейка I",10.850000,10.850000
8,Харизма,young-green-dragon,8,"Хроматический шар: холод, ячейка I",10.850000,10.850000
8,Харизма,young-red-dragon,10,"Хроматический шар: холод, ячейка I",10.850000,10.850000
8,Харизма,young-silver-dragon,9,"Хроматический шар: холод, ячейка I",0.000000,0.000000
8,Харизма,young-white-dragon,6,"Хроматический шар: холод, ячейка I",0.000000,0.000000
8,Харизма,aboleth,10,Психическая плеть Таши,6.925000,6.925000
8,Харизма,air-elemental,5,Психическая плеть Таши,9.675000,9.675000
8,Харизма,archmage,12,Психическая плеть Таши,5.495000,5.495000
8,Харизма,assassin,8,Психическая плеть Таши,8.025000,8.025000
8,Харизма,barbed-devil,5,Психическая плеть Таши,7.695000,7.695000
8,Харизма,behir,11,Психическая плеть Таши,9.675000,9.675000
8,Харизма,black-pudding,4,Психическая плеть Таши,10.500000,10.500000
8,Харизма,bone-devil,9,Психическая плеть Таши,6.375000,6.375000
8,Харизма,bulette,5,Психическая плеть Таши,10.225000,10.225000
8,Харизма,chain-devil,8,Психическая плеть Таши,8.093750,8.093750
8,Харизма,chimera,6,Психическая плеть Таши,10.225000,10.225000
8,Харизма,chuul,4,Психическая плеть Таши,9.950000,9.950000
8,Харизма,clay-golem,9,Психическая плеть Таши,0.000000,0.000000
8,Харизма,cloaker,8,Психическая плеть Таши,8.850000,8.850000
8,Харизма,cloud-giant,9,Психическая плеть Таши,8.850000,8.850000
8,Харизма,couatl,4,Психическая плеть Таши,0.000000,0.000000
8,Харизма,deva,10,Психическая плеть Таши,6.980000,6.980000
8,Харизма,djinni,11,Психическая плеть Таши,8.575000,8.575000
8,Харизма,drider,6,Психическая плеть Таши,8.850000,8.850000
8,Харизма,earth-elemental,5,Психическая плеть Таши,9.950000,9.950000
8,Харизма,efreeti,11,Психическая плеть Таши,7.200000,7.200000
8,Харизма,elephant,4,Психическая плеть Таши,10.225000,10.225000
8,Харизма,erinyes,12,Психическая плеть Таши,7.323750,7.323750
8,Харизма,ettin,4,Психическая плеть Таши,9.675000,9.675000
8,Харизма,fire-elemental,5,Психическая плеть Таши,9.675000,9.675000
8,Харизма,fire-giant,9,Психическая плеть Таши,9.125000,9.125000
8,Харизма,flesh-golem,5,Психическая плеть Таши,8.973750,8.973750
8,Харизма,frost-giant,8,Психическая плеть Таши,9.400000,9.400000
8,Харизма,ghost,4,Психическая плеть Таши,9.125000,9.125000
8,Харизма,giant-ape,7,Психическая плеть Таши,9.675000,9.675000
8,Харизма,giant-crocodile,5,Психическая плеть Таши,10.225000,10.225000
8,Харизма,giant-shark,5,Психическая плеть Таши,10.500000,10.500000
8,Харизма,glabrezu,9,Психическая плеть Таши,6.663750,6.663750
8,Харизма,gladiator,5,Психическая плеть Таши,9.125000,9.125000
8,Харизма,gorgon,5,Психическая плеть Таши,10.225000,10.225000
8,Харизма,guardian-naga,10,Психическая плеть Таши,7.200000,7.200000
8,Харизма,gynosphinx,11,Психическая плеть Таши,0.000000,0.000000
8,Харизма,half-red-dragon-veteran,5,Психическая плеть Таши,9.125000,9.125000
8,Харизма,hezrou,8,Психическая плеть Таши,9.455000,9.455000
8,Харизма,hill-giant,5,Психическая плеть Таши,9.950000,9.950000
8,Харизма,horned-devil,11,Психическая плеть Таши,7.695000,7.695000
8,Харизма,hydra,8,Психическая плеть Таши,10.225000,10.225000
8,Харизма,invisible-stalker,6,Психическая плеть Таши,9.125000,9.125000
8,Харизма,lamia,4,Психическая плеть Таши,8.575000,8.575000
8,Харизма,mage,6,Психическая плеть Таши,7.475000,7.475000
8,Харизма,mammoth,6,Психическая плеть Таши,10.225000,10.225000
8,Харизма,medusa,6,Психическая плеть Таши,8.850000,8.850000
8,Харизма,night-hag,5,Психическая плеть Таши,6.980000,6.980000
8,Харизма,oni,7,Психическая плеть Таши,8.575000,8.575000
8,Харизма,otyugh,5,Психическая плеть Таши,9.675000,9.675000
8,Харизма,red-dragon-wyrmling,4,Психическая плеть Таши,8.850000,8.850000
8,Харизма,remorhaz,11,Психическая плеть Таши,9.950000,9.950000
8,Харизма,roc,11,Психическая плеть Таши,10.225000,10.225000
8,Харизма,roper,5,Психическая плеть Таши,9.675000,9.675000
8,Харизма,salamander,5,Психическая плеть Таши,9.125000,9.125000
8,Харизма,shambling-mound,5,Психическая плеть Таши,9.950000,9.950000
8,Харизма,shield-guardian,7,Психическая плеть Таши,9.675000,9.675000
8,Харизма,spirit-naga,8,Психическая плеть Таши,8.300000,8.300000
8,Харизма,stone-giant,7,Психическая плеть Таши,9.125000,9.125000
8,Харизма,stone-golem,10,Психическая плеть Таши,0.000000,0.000000
8,Харизма,succubus-incubus,4,Психическая плеть Таши,8.575000,8.575000
8,Харизма,treant,9,Психическая плеть Таши,8.850000,8.850000
8,Харизма,triceratops,5,Психическая плеть Таши,10.225000,10.225000
8,Харизма,troll,5,Психическая плеть Таши,9.675000,9.675000
8,Харизма,tyrannosaurus-rex,8,Психическая плеть Таши,10.225000,10.225000
8,Харизма,unicorn,5,Психическая плеть Таши,8.093750,8.093750
8,Харизма,vampire-spawn,5,Психическая плеть Таши,9.125000,9.125000
8,Харизма,vrock,6,Психическая плеть Таши,8.520000,8.520000
8,Харизма,water-elemental,5,Психическая плеть Таши,9.950000,9.950000
8,Харизма,werebear-bear,5,Психическая плеть Таши,9.125000,9.125000
8,Харизма,werebear-human,5,Психическая плеть Таши,9.125000,9.125000
8,Харизма,werebear-hybrid,5,Психическая плеть Таши,9.125000,9.125000
8,Харизма,wereboar-boar,4,Психическая плеть Таши,9.125000,9.125000
8,Харизма,wereboar-human,4,Психическая плеть Таши,9.125000,9.125000
8,Харизма,wereboar-hybrid,4,Психическая плеть Таши,9.125000,9.125000
8,Харизма,weretiger-human,4,Психическая плеть Таши,9.125000,9.125000
8,Харизма,weretiger-hybrid,4,Психическая плеть Таши,9.125000,9.125000
8,Харизма,weretiger-tiger,4,Психическая плеть Таши,9.125000,9.125000
8,Харизма,wraith,5,Психическая плеть Таши,8.850000,8.850000
8,Харизма,wyvern,6,Психическая плеть Таши,9.950000,9.950000
8,Харизма,xorn,5,Психическая плеть Таши,9.125000,9.125000
8,Харизма,young-black-dragon,7,Психическая плеть Таши,8.850000,8.850000
8,Харизма,young-blue-dragon,9,Психическая плеть Таши,8.575000,8.575000
8,Харизма,young-brass-dragon,6,Психическая плеть Таши,8.850000,8.850000
8,Харизма,young-bronze-dragon,8,Психическая плеть Таши,8.575000,8.575000
8,Харизма,young-copper-dragon,7,Психическая плеть Таши,8.300000,8.300000
8,Харизма,young-gold-dragon,10,Психическая плеть Таши,8.300000,8.300000
8,Харизма,young-green-dragon,8,Психическая плеть Таши,8.300000,8.300000
8,Харизма,young-red-dragon,10,Психическая плеть Таши,8.575000,8.575000
8,Харизма,young-silver-dragon,9,Психическая плеть Таши,8.575000,8.575000
8,Харизма,young-white-dragon,6,Психическая плеть Таши,9.675000,9.675000
8,Харизма,aboleth,10,Псионический заряд,20.200000,20.200000
8,Харизма,air-elemental,5,Псионический заряд,16.750000,16.750000
8,Харизма,archmage,12,Псионический заряд,15.858750,15.858750
8,Харизма,assassin,8,Псионический заряд,16.175000,16.175000
8,Харизма,barbed-devil,5,Псионический заряд,15.140000,15.140000
8,Харизма,behir,11,Псионический заряд,17.900000,17.900000
8,Харизма,black-pudding,4,Псионический заряд,21.350000,21.350000
8,Харизма,bone-devil,9,Псионический заряд,15.140000,15.140000
8,Харизма,bulette,5,Псионический заряд,19.625000,19.625000
8,Харизма,chain-devil,8,Псионический заряд,15.858750,15.858750
8,Харизма,chimera,6,Псионический заряд,19.625000,19.625000
8,Харизма,chuul,4,Псионический заряд,19.625000,19.625000
8,Харизма,clay-golem,9,Псионический заряд,18.360000,18.360000
8,Харизма,cloaker,8,Псионический заряд,18.475000,18.475000
8,Харизма,cloud-giant,9,Псионический заряд,19.625000,19.625000
8,Харизма,couatl,4,Псионический заряд,16.750000,16.750000
8,Харизма,deva,10,Псионический заряд,14.478750,14.478750
8,Харизма,djinni,11,Псионический заряд,16.175000,16.175000
8,Харизма,drider,6,Псионический заряд,17.900000,17.900000
8,Харизма,earth-elemental,5,Псионический заряд,20.200000,20.200000
8,Харизма,efreeti,11,Псионический заряд,19.050000,19.050000
8,Харизма,elephant,4,Псионический заряд,20.200000,20.200000
8,Харизма,erinyes,12,Псионический заряд,12.840000,12.840000
8,Харизма,ettin,4,Псионический заряд,20.200000,20.200000
8,Харизма,fire-elemental,5,Псионический заряд,17.900000,17.900000
8,Харизма,fire-giant,9,Псионический заряд,17.900000,17.900000
8,Харизма,flesh-golem,5,Псионический заряд,18.360000,18.360000
8,Харизма,frost-giant,8,Псионический заряд,20.200000,20.200000
8,Харизма,ghost,4,Псионический заряд,19.050000,19.050000
8,Харизма,giant-ape,7,Псионический заряд,18.475000,18.475000
8,Харизма,giant-crocodile,5,Псионический заряд,20.200000,20.200000
8,Харизма,giant-shark,5,Псионический заряд,19.625000,19.625000
8,Харизма,glabrezu,9,Псионический заряд,15.858750,15.858750
8,Харизма,gladiator,5,Псионический заряд,16.750000,16.750000
8,Харизма,gorgon,5,Псионический заряд,19.625000,19.625000
8,Харизма,guardian-naga,10,Псионический заряд,15.025000,15.025000
8,Харизма,gynosphinx,11,Псионический заряд,18.475000,18.475000
8,Харизма,half-red-dragon-veteran,5,Псионический заряд,19.050000,19.050000
8,Харизма,hezrou,8,Псионический заряд,15.140000,15.140000
8,Харизма,hill-giant,5,Псионический заряд,20.200000,20.200000
8,Харизма,horned-devil,11,Псионический заряд,12.840000,12.840000
8,Харизма,hydra,8,Псионический заряд,19.050000,19.050000
8,Харизма,invisible-stalker,6,Псионический заряд,17.325000,17.325000
8,Харизма,lamia,4,Псионический заряд,19.050000,19.050000
8,Харизма,mage,6,Псионический заряд,18.475000,18.475000
8,Харизма,mammoth,6,Псионический заряд,20.200000,20.200000
8,Харизма,medusa,6,Псионический заряд,18.475000,18.475000
8,Харизма,night-hag,5,Псионический заряд,15.858750,15.858750
8,Харизма,oni,7,Псионический заряд,17.900000,17.900000
8,Харизма,otyugh,5,Псионический заряд,19.625000,19.625000
8,Харизма,red-dragon-wyrmling,4,Псионический заряд,18.475000,18.475000
8,Харизма,remorhaz,11,Псионический заряд,19.050000,19.050000
8,Харизма,roc,11,Псионический заряд,17.325000,17.325000
8,Харизма,roper,5,Псионический заряд,20.200000,20.200000
8,Харизма,salamander,5,Псионический заряд,18.475000,18.475000
8,Харизма,shambling-mound,5,Псионический заряд,20.200000,20.200000
8,Харизма,shield-guardian,7,Псионический заряд,20.200000,20.200000
8,Харизма,spirit-naga,8,Псионический заряд,16.175000,16.175000
8,Харизма,stone-giant,7,Псионический заряд,16.750000,16.750000
8,Харизма,stone-golem,10,Псионический заряд,18.360000,18.360000
8,Харизма,succubus-incubus,4,Псионический заряд,17.900000,17.900000
8,Харизма,treant,9,Псионический заряд,20.200000,20.200000
8,Харизма,triceratops,5,Псионический заряд,20.200000,20.200000
8,Харизма,troll,5,Псионический заряд,19.050000,19.050000
8,Харизма,tyrannosaurus-rex,8,Псионический заряд,19.625000,19.625000
8,Харизма,unicorn,5,Псионический заряд,15.858750,15.858750
8,Харизма,vampire-spawn,5,Псионический заряд,16.175000,16.175000
8,Харизма,vrock,6,Псионический заряд,13.875000,13.875000
8,Харизма,water-elemental,5,Псионический заряд,18.475000,18.475000
8,Харизма,werebear-bear,5,Псионический заряд,19.625000,19.625000
8,Харизма,werebear-human,5,Псионический заряд,19.625000,19.625000
8,Харизма,werebear-hybrid,5,Псионический заряд,19.625000,19.625000
8,Харизма,wereboar-boar,4,Псионический заряд,19.625000,19.625000
8,Харизма,wereboar-human,4,Псионический заряд,19.625000,19.625000
8,Харизма,wereboar-hybrid,4,Псионический заряд,19.625000,19.625000
8,Харизма,weretiger-human,4,Псионический заряд,18.475000,18.475000
8,Харизма,weretiger-hybrid,4,Псионический заряд,18.475000,18.475000
8,Харизма,weretiger-tiger,4,Псионический заряд,18.475000,18.475000
8,Харизма,wraith,5,Псионический заряд,17.900000,17.900000
8,Харизма,wyvern,6,Псионический заряд,19.625000,19.625000
8,Харизма,xorn,5,Псионический заряд,19.625000,19.625000
8,Харизма,young-black-dragon,7,Псионический заряд,16.750000,16.750000
8,Харизма,young-blue-dragon,9,Псионический заряд,17.325000,17.325000
8,Харизма,young-brass-dragon,6,Псионический заряд,17.900000,17.900000
8,Харизма,young-bronze-dragon,8,Псионический заряд,17.900000,17.900000
8,Харизма,young-copper-dragon,7,Псионический заряд,17.325000,17.325000
8,Харизма,young-gold-dragon,10,Псионический заряд,16.175000,16.175000
8,Харизма,young-green-dragon,8,Псионический заряд,17.325000,17.325000
8,Харизма,young-red-dragon,10,Псионический заряд,17.325000,17.325000
8,Харизма,young-silver-dragon,9,Псионический заряд,17.325000,17.325000
8,Харизма,young-white-dragon,6,Псионический заряд,17.900000,17.900000
8,Харизма,aboleth,10,Застывшие лезвия: одно срабатывание,20.150000,20.150000
8,Харизма,air-elemental,5,Застывшие лезвия: одно срабатывание,16.625000,16.625000
8,Харизма,archmage,12,Застывшие лезвия: одно срабатывание,15.714375,15.714375
8,Харизма,assassin,8,Застывшие лезвия: одно срабатывание,16.037500,16.037500
8,Харизма,barbed-devil,5,Застывшие лезвия: одно срабатывание,9.540000,9.540000
8,Харизма,behir,11,Застывшие лезвия: одно срабатывание,17.800000,17.800000
8,Харизма,black-pudding,4,Застывшие лезвия: одно срабатывание,0.000000,0.000000
8,Харизма,bone-devil,9,Застывшие лезвия: одно срабатывание,9.540000,9.540000
8,Харизма,bulette,5,Застывшие лезвия: одно срабатывание,19.562500,19.562500
8,Харизма,chain-devil,8,Застывшие лезвия: одно срабатывание,10.024375,10.024375
8,Харизма,chimera,6,Застывшие лезвия: одно срабатывание,19.562500,19.562500
8,Харизма,chuul,4,Застывшие лезвия: одно срабатывание,19.562500,19.562500
8,Харизма,clay-golem,9,Застывшие лезвия: одно срабатывание,18.270000,18.270000
8,Харизма,cloaker,8,Застывшие лезвия: одно срабатывание,18.387500,18.387500
8,Харизма,cloud-giant,9,Застывшие лезвия: одно срабатывание,19.562500,19.562500
8,Харизма,couatl,4,Застывшие лезвия: одно срабатывание,16.625000,16.625000
8,Харизма,deva,10,Застывшие лезвия: одно срабатывание,14.304375,14.304375
8,Харизма,djinni,11,Застывшие лезвия: одно срабатывание,16.037500,16.037500
8,Харизма,drider,6,Застывшие лезвия: одно срабатывание,17.800000,17.800000
8,Харизма,earth-elemental,5,Застывшие лезвия: одно срабатывание,20.150000,20.150000
8,Харизма,efreeti,11,Застывшие лезвия: одно срабатывание,18.975000,18.975000
8,Харизма,elephant,4,Застывшие лезвия: одно срабатывание,20.150000,20.150000
8,Харизма,erinyes,12,Застывшие лезвия: одно срабатывание,7.990000,7.990000
8,Харизма,ettin,4,Застывшие лезвия: одно срабатывание,20.150000,20.150000
8,Харизма,fire-elemental,5,Застывшие лезвия: одно срабатывание,17.800000,17.800000
8,Харизма,fire-giant,9,Застывшие лезвия: одно срабатывание,17.800000,17.800000
8,Харизма,flesh-golem,5,Застывшие лезвия: одно срабатывание,18.270000,18.270000
8,Харизма,frost-giant,8,Застывшие лезвия: одно срабатывание,6.250000,6.250000
8,Харизма,ghost,4,Застывшие лезвия: одно срабатывание,5.875000,5.875000
8,Харизма,giant-ape,7,Застывшие лезвия: одно срабатывание,18.387500,18.387500
8,Харизма,giant-crocodile,5,Застывшие лезвия: одно срабатывание,20.150000,20.150000
8,Харизма,giant-shark,5,Застывшие лезвия: одно срабатывание,19.562500,19.562500
8,Харизма,glabrezu,9,Застывшие лезвия: одно срабатывание,10.024375,10.024375
8,Харизма,gladiator,5,Застывшие лезвия: одно срабатывание,16.625000,16.625000
8,Харизма,gorgon,5,Застывшие лезвия: одно срабатывание,19.562500,19.562500
8,Харизма,guardian-naga,10,Застывшие лезвия: одно срабатывание,14.862500,14.862500
8,Харизма,gynosphinx,11,Застывшие лезвия: одно срабатывание,18.387500,18.387500
8,Харизма,half-red-dragon-veteran,5,Застывшие лезвия: одно срабатывание,18.975000,18.975000
8,Харизма,hezrou,8,Застывшие лезвия: одно срабатывание,9.540000,9.540000
8,Харизма,hill-giant,5,Застывшие лезвия: одно срабатывание,20.150000,20.150000
8,Харизма,horned-devil,11,Застывшие лезвия: одно срабатывание,7.990000,7.990000
8,Харизма,hydra,8,Застывшие лезвия: одно срабатывание,18.975000,18.975000
8,Харизма,invisible-stalker,6,Застывшие лезвия: одно срабатывание,17.212500,17.212500
8,Харизма,lamia,4,Застывшие лезвия: одно срабатывание,18.975000,18.975000
8,Харизма,mage,6,Застывшие лезвия: одно срабатывание,18.387500,18.387500
8,Харизма,mammoth,6,Застывшие лезвия: одно срабатывание,20.150000,20.150000
8,Харизма,medusa,6,Застывшие лезвия: одно срабатывание,18.387500,18.387500
8,Харизма,night-hag,5,Застывшие лезвия: одно срабатывание,10.024375,10.024375
8,Харизма,oni,7,Застывшие лезвия: одно срабатывание,17.800000,17.800000
8,Харизма,otyugh,5,Застывшие лезвия: одно срабатывание,19.562500,19.562500
8,Харизма,red-dragon-wyrmling,4,Застывшие лезвия: одно срабатывание,18.387500,18.387500
8,Харизма,remorhaz,11,Застывшие лезвия: одно срабатывание,5.875000,5.875000
8,Харизма,roc,11,Застывшие лезвия: одно срабатывание,17.212500,17.212500
8,Харизма,roper,5,Застывшие лезвия: одно срабатывание,20.150000,20.150000
8,Харизма,salamander,5,Застывшие лезвия: одно срабатывание,31.087500,31.087500
8,Харизма,shambling-mound,5,Застывшие лезвия: одно срабатывание,12.950000,12.950000
8,Харизма,shield-guardian,7,Застывшие лезвия: одно срабатывание,20.150000,20.150000
8,Харизма,spirit-naga,8,Застывшие лезвия: одно срабатывание,16.037500,16.037500
8,Харизма,stone-giant,7,Застывшие лезвия: одно срабатывание,16.625000,16.625000
8,Харизма,stone-golem,10,Застывшие лезвия: одно срабатывание,18.270000,18.270000
8,Харизма,succubus-incubus,4,Застывшие лезвия: одно срабатывание,11.400000,11.400000
8,Харизма,treant,9,Застывшие лезвия: одно срабатывание,20.150000,20.150000
8,Харизма,triceratops,5,Застывшие лезвия: одно срабатывание,20.150000,20.150000
8,Харизма,troll,5,Застывшие лезвия: одно срабатывание,18.975000,18.975000
8,Харизма,tyrannosaurus-rex,8,Застывшие лезвия: одно срабатывание,19.562500,19.562500
8,Харизма,unicorn,5,Застывшие лезвия: одно срабатывание,15.714375,15.714375
8,Харизма,vampire-spawn,5,Застывшие лезвия: одно срабатывание,16.037500,16.037500
8,Харизма,vrock,6,Застывшие лезвия: одно срабатывание,8.687500,8.687500
8,Харизма,water-elemental,5,Застывшие лезвия: одно срабатывание,18.387500,18.387500
8,Харизма,werebear-bear,5,Застывшие лезвия: одно срабатывание,19.562500,19.562500
8,Харизма,werebear-human,5,Застывшие лезвия: одно срабатывание,19.562500,19.562500
8,Харизма,werebear-hybrid,5,Застывшие лезвия: одно срабатывание,19.562500,19.562500
8,Харизма,wereboar-boar,4,Застывшие лезвия: одно срабатывание,19.562500,19.562500
8,Харизма,wereboar-human,4,Застывшие лезвия: одно срабатывание,19.562500,19.562500
8,Харизма,wereboar-hybrid,4,Застывшие лезвия: одно срабатывание,19.562500,19.562500
8,Харизма,weretiger-human,4,Застывшие лезвия: одно срабатывание,18.387500,18.387500
8,Харизма,weretiger-hybrid,4,Застывшие лезвия: одно срабатывание,18.387500,18.387500
8,Харизма,weretiger-tiger,4,Застывшие лезвия: одно срабатывание,18.387500,18.387500
8,Харизма,wraith,5,Застывшие лезвия: одно срабатывание,11.400000,11.400000
8,Харизма,wyvern,6,Застывшие лезвия: одно срабатывание,19.562500,19.562500
8,Харизма,xorn,5,Застывшие лезвия: одно срабатывание,19.562500,19.562500
8,Харизма,young-black-dragon,7,Застывшие лезвия: одно срабатывание,16.625000,16.625000
8,Харизма,young-blue-dragon,9,Застывшие лезвия: одно срабатывание,17.212500,17.212500
8,Харизма,young-brass-dragon,6,Застывшие лезвия: одно срабатывание,17.800000,17.800000
8,Харизма,young-bronze-dragon,8,Застывшие лезвия: одно срабатывание,17.800000,17.800000
8,Харизма,young-copper-dragon,7,Застывшие лезвия: одно срабатывание,17.212500,17.212500
8,Харизма,young-gold-dragon,10,Застывшие лезвия: одно срабатывание,16.037500,16.037500
8,Харизма,young-green-dragon,8,Застывшие лезвия: одно срабатывание,17.212500,17.212500
8,Харизма,young-red-dragon,10,Застывшие лезвия: одно срабатывание,17.212500,17.212500
8,Харизма,young-silver-dragon,9,Застывшие лезвия: одно срабатывание,5.312500,5.312500
8,Харизма,young-white-dragon,6,Застывшие лезвия: одно срабатывание,5.500000,5.500000
8,Харизма,aboleth,10,"Огненный шар: альтернатива, не выбор игрока",25.150000,25.150000
8,Харизма,air-elemental,5,"Огненный шар: альтернатива, не выбор игрока",20.875000,20.875000
8,Харизма,archmage,12,"Огненный шар: альтернатива, не выбор игрока",19.770625,19.770625
8,Харизма,assassin,8,"Огненный шар: альтернатива, не выбор игрока",20.162500,20.162500
8,Харизма,barbed-devil,5,"Огненный шар: альтернатива, не выбор игрока",0.000000,0.000000
8,Харизма,behir,11,"Огненный шар: альтернатива, не выбор игрока",22.300000,22.300000
8,Харизма,black-pudding,4,"Огненный шар: альтернатива, не выбор игрока",26.575000,26.575000
8,Харизма,bone-devil,9,"Огненный шар: альтернатива, не выбор игрока",0.000000,0.000000
8,Харизма,bulette,5,"Огненный шар: альтернатива, не выбор игрока",24.437500,24.437500
8,Харизма,chain-devil,8,"Огненный шар: альтернатива, не выбор игрока",0.000000,0.000000
8,Харизма,chimera,6,"Огненный шар: альтернатива, не выбор игрока",24.437500,24.437500
8,Харизма,chuul,4,"Огненный шар: альтернатива, не выбор игрока",24.437500,24.437500
8,Харизма,clay-golem,9,"Огненный шар: альтернатива, не выбор игрока",22.870000,22.870000
8,Харизма,cloaker,8,"Огненный шар: альтернатива, не выбор игрока",23.012500,23.012500
8,Харизма,cloud-giant,9,"Огненный шар: альтернатива, не выбор игрока",24.437500,24.437500
8,Харизма,couatl,4,"Огненный шар: альтернатива, не выбор игрока",20.875000,20.875000
8,Харизма,deva,10,"Огненный шар: альтернатива, не выбор игрока",18.060625,18.060625
8,Харизма,djinni,11,"Огненный шар: альтернатива, не выбор игрока",20.162500,20.162500
8,Харизма,drider,6,"Огненный шар: альтернатива, не выбор игрока",22.300000,22.300000
8,Харизма,earth-elemental,5,"Огненный шар: альтернатива, не выбор игрока",25.150000,25.150000
8,Харизма,efreeti,11,"Огненный шар: альтернатива, не выбор игрока",0.000000,0.000000
8,Харизма,elephant,4,"Огненный шар: альтернатива, не выбор игрока",25.150000,25.150000
8,Харизма,erinyes,12,"Огненный шар: альтернатива, не выбор игрока",0.000000,0.000000
8,Харизма,ettin,4,"Огненный шар: альтернатива, не выбор игрока",25.150000,25.150000
8,Харизма,fire-elemental,5,"Огненный шар: альтернатива, не выбор игрока",0.000000,0.000000
8,Харизма,fire-giant,9,"Огненный шар: альтернатива, не выбор игрока",0.000000,0.000000
8,Харизма,flesh-golem,5,"Огненный шар: альтернатива, не выбор игрока",22.870000,22.870000
8,Харизма,frost-giant,8,"Огненный шар: альтернатива, не выбор игрока",25.150000,25.150000
8,Харизма,ghost,4,"Огненный шар: альтернатива, не выбор игрока",11.612501,11.612501
8,Харизма,giant-ape,7,"Огненный шар: альтернатива, не выбор игрока",23.012500,23.012500
8,Харизма,giant-crocodile,5,"Огненный шар: альтернатива, не выбор игрока",25.150000,25.150000
8,Харизма,giant-shark,5,"Огненный шар: альтернатива, не выбор игрока",24.437500,24.437500
8,Харизма,glabrezu,9,"Огненный шар: альтернатива, не выбор игрока",9.635314,9.635314
8,Харизма,gladiator,5,"Огненный шар: альтернатива, не выбор игрока",20.875000,20.875000
8,Харизма,gorgon,5,"Огненный шар: альтернатива, не выбор игрока",24.437500,24.437500
8,Харизма,guardian-naga,10,"Огненный шар: альтернатива, не выбор игрока",18.737500,18.737500
8,Харизма,gynosphinx,11,"Огненный шар: альтернатива, не выбор игрока",23.012500,23.012500
8,Харизма,half-red-dragon-veteran,5,"Огненный шар: альтернатива, не выбор игрока",11.612501,11.612501
8,Харизма,hezrou,8,"Огненный шар: альтернатива, не выбор игрока",9.190002,9.190002
8,Харизма,hill-giant,5,"Огненный шар: альтернатива, не выбор игрока",25.150000,25.150000
8,Харизма,horned-devil,11,"Огненный шар: альтернатива, не выбор игрока",0.000000,0.000000
8,Харизма,hydra,8,"Огненный шар: альтернатива, не выбор игрока",23.725000,23.725000
8,Харизма,invisible-stalker,6,"Огненный шар: альтернатива, не выбор игрока",21.587500,21.587500
8,Харизма,lamia,4,"Огненный шар: альтернатива, не выбор игрока",23.725000,23.725000
8,Харизма,mage,6,"Огненный шар: альтернатива, не выбор игрока",23.012500,23.012500
8,Харизма,mammoth,6,"Огненный шар: альтернатива, не выбор игрока",25.150000,25.150000
8,Харизма,medusa,6,"Огненный шар: альтернатива, не выбор игрока",23.012500,23.012500
8,Харизма,night-hag,5,"Огненный шар: альтернатива, не выбор игрока",9.635314,9.635314
8,Харизма,oni,7,"Огненный шар: альтернатива, не выбор игрока",22.300000,22.300000
8,Харизма,otyugh,5,"Огненный шар: альтернатива, не выбор игрока",24.437500,24.437500
8,Харизма,red-dragon-wyrmling,4,"Огненный шар: альтернатива, не выбор игрока",0.000000,0.000000
8,Харизма,remorhaz,11,"Огненный шар: альтернатива, не выбор игрока",0.000000,0.000000
8,Харизма,roc,11,"Огненный шар: альтернатива, не выбор игрока",21.587500,21.587500
8,Харизма,roper,5,"Огненный шар: альтернатива, не выбор игрока",25.150000,25.150000
8,Харизма,salamander,5,"Огненный шар: альтернатива, не выбор игрока",0.000000,0.000000
8,Харизма,shambling-mound,5,"Огненный шар: альтернатива, не выбор игрока",12.325000,12.325000
8,Харизма,shield-guardian,7,"Огненный шар: альтернатива, не выбор игрока",25.150000,25.150000
8,Харизма,spirit-naga,8,"Огненный шар: альтернатива, не выбор игрока",20.162500,20.162500
8,Харизма,stone-giant,7,"Огненный шар: альтернатива, не выбор игрока",20.875000,20.875000
8,Харизма,stone-golem,10,"Огненный шар: альтернатива, не выбор игрока",22.870000,22.870000
8,Харизма,succubus-incubus,4,"Огненный шар: альтернатива, не выбор игрока",10.900001,10.900001
8,Харизма,treant,9,"Огненный шар: альтернатива, не выбор игрока",50.300000,50.300000
8,Харизма,triceratops,5,"Огненный шар: альтернатива, не выбор игрока",25.150000,25.150000
8,Харизма,troll,5,"Огненный шар: альтернатива, не выбор игрока",23.725000,23.725000
8,Харизма,tyrannosaurus-rex,8,"Огненный шар: альтернатива, не выбор игрока",24.437500,24.437500
8,Харизма,unicorn,5,"Огненный шар: альтернатива, не выбор игрока",19.770625,19.770625
8,Харизма,vampire-spawn,5,"Огненный шар: альтернатива, не выбор игрока",20.162500,20.162500
8,Харизма,vrock,6,"Огненный шар: альтернатива, не выбор игрока",8.406252,8.406252
8,Харизма,water-elemental,5,"Огненный шар: альтернатива, не выбор игрока",23.012500,23.012500
8,Харизма,werebear-bear,5,"Огненный шар: альтернатива, не выбор игрока",24.437500,24.437500
8,Харизма,werebear-human,5,"Огненный шар: альтернатива, не выбор игрока",24.437500,24.437500
8,Харизма,werebear-hybrid,5,"Огненный шар: альтернатива, не выбор игрока",24.437500,24.437500
8,Харизма,wereboar-boar,4,"Огненный шар: альтернатива, не выбор игрока",24.437500,24.437500
8,Харизма,wereboar-human,4,"Огненный шар: альтернатива, не выбор игрока",24.437500,24.437500
8,Харизма,wereboar-hybrid,4,"Огненный шар: альтернатива, не выбор игрока",24.437500,24.437500
8,Харизма,weretiger-human,4,"Огненный шар: альтернатива, не выбор игрока",23.012500,23.012500
8,Харизма,weretiger-hybrid,4,"Огненный шар: альтернатива, не выбор игрока",23.012500,23.012500
8,Харизма,weretiger-tiger,4,"Огненный шар: альтернатива, не выбор игрока",23.012500,23.012500
8,Харизма,wraith,5,"Огненный шар: альтернатива, не выбор игрока",10.900001,10.900001
8,Харизма,wyvern,6,"Огненный шар: альтернатива, не выбор игрока",24.437500,24.437500
8,Харизма,xorn,5,"Огненный шар: альтернатива, не выбор игрока",24.437500,24.437500
8,Харизма,young-black-dragon,7,"Огненный шар: альтернатива, не выбор игрока",20.875000,20.875000
8,Харизма,young-blue-dragon,9,"Огненный шар: альтернатива, не выбор игрока",21.587500,21.587500
8,Харизма,young-brass-dragon,6,"Огненный шар: альтернатива, не выбор игрока",0.000000,0.000000
8,Харизма,young-bronze-dragon,8,"Огненный шар: альтернатива, не выбор игрока",22.300000,22.300000
8,Харизма,young-copper-dragon,7,"Огненный шар: альтернатива, не выбор игрока",21.587500,21.587500
8,Харизма,young-gold-dragon,10,"Огненный шар: альтернатива, не выбор игрока",0.000000,0.000000
8,Харизма,young-green-dragon,8,"Огненный шар: альтернатива, не выбор игрока",21.587500,21.587500
8,Харизма,young-red-dragon,10,"Огненный шар: альтернатива, не выбор игрока",0.000000,0.000000
8,Харизма,young-silver-dragon,9,"Огненный шар: альтернатива, не выбор игрока",21.587500,21.587500
8,Харизма,young-white-dragon,6,"Огненный шар: альтернатива, не выбор игрока",22.300000,22.300000
8,Харизма,aboleth,10,Мистическое копьё Раулотима,16.375000,16.375000
8,Харизма,air-elemental,5,Мистическое копьё Раулотима,22.625000,22.625000
8,Харизма,archmage,12,Мистическое копьё Раулотима,13.125000,13.125000
8,Харизма,assassin,8,Мистическое копьё Раулотима,18.875000,18.875000
8,Харизма,barbed-devil,5,Мистическое копьё Раулотима,18.125000,18.125000
8,Харизма,behir,11,Мистическое копьё Раулотима,22.625000,22.625000
8,Харизма,black-pudding,4,Мистическое копьё Раулотима,24.500000,24.500000
8,Харизма,bone-devil,9,Мистическое копьё Раулотима,15.125000,15.125000
8,Харизма,bulette,5,Мистическое копьё Раулотима,23.875000,23.875000
8,Харизма,chain-devil,8,Мистическое копьё Раулотима,19.031250,19.031250
8,Харизма,chimera,6,Мистическое копьё Раулотима,23.875000,23.875000
8,Харизма,chuul,4,Мистическое копьё Раулотима,23.250000,23.250000
8,Харизма,clay-golem,9,Мистическое копьё Раулотима,0.000000,0.000000
8,Харизма,cloaker,8,Мистическое копьё Раулотима,20.750000,20.750000
8,Харизма,cloud-giant,9,Мистическое копьё Раулотима,20.750000,20.750000
8,Харизма,couatl,4,Мистическое копьё Раулотима,0.000000,0.000000
8,Харизма,deva,10,Мистическое копьё Раулотима,16.500000,16.500000
8,Харизма,djinni,11,Мистическое копьё Раулотима,20.125000,20.125000
8,Харизма,drider,6,Мистическое копьё Раулотима,20.750000,20.750000
8,Харизма,earth-elemental,5,Мистическое копьё Раулотима,23.250000,23.250000
8,Харизма,efreeti,11,Мистическое копьё Раулотима,17.000000,17.000000
8,Харизма,elephant,4,Мистическое копьё Раулотима,23.875000,23.875000
8,Харизма,erinyes,12,Мистическое копьё Раулотима,17.281250,17.281250
8,Харизма,ettin,4,Мистическое копьё Раулотима,22.625000,22.625000
8,Харизма,fire-elemental,5,Мистическое копьё Раулотима,22.625000,22.625000
8,Харизма,fire-giant,9,Мистическое копьё Раулотима,21.375000,21.375000
8,Харизма,flesh-golem,5,Мистическое копьё Раулотима,21.031250,21.031250
8,Харизма,frost-giant,8,Мистическое копьё Раулотима,22.000000,22.000000
8,Харизма,ghost,4,Мистическое копьё Раулотима,21.375000,21.375000
8,Харизма,giant-ape,7,Мистическое копьё Раулотима,22.625000,22.625000
8,Харизма,giant-crocodile,5,Мистическое копьё Раулотима,23.875000,23.875000
8,Харизма,giant-shark,5,Мистическое копьё Раулотима,24.500000,24.500000
8,Харизма,glabrezu,9,Мистическое копьё Раулотима,15.781250,15.781250
8,Харизма,gladiator,5,Мистическое копьё Раулотима,21.375000,21.375000
8,Харизма,gorgon,5,Мистическое копьё Раулотима,23.875000,23.875000
8,Харизма,guardian-naga,10,Мистическое копьё Раулотима,17.000000,17.000000
8,Харизма,gynosphinx,11,Мистическое копьё Раулотима,0.000000,0.000000
8,Харизма,half-red-dragon-veteran,5,Мистическое копьё Раулотима,21.375000,21.375000
8,Харизма,hezrou,8,Мистическое копьё Раулотима,22.125000,22.125000
8,Харизма,hill-giant,5,Мистическое копьё Раулотима,23.250000,23.250000
8,Харизма,horned-devil,11,Мистическое копьё Раулотима,18.125000,18.125000
8,Харизма,hydra,8,Мистическое копьё Раулотима,23.875000,23.875000
8,Харизма,invisible-stalker,6,Мистическое копьё Раулотима,21.375000,21.375000
8,Харизма,lamia,4,Мистическое копьё Раулотима,20.125000,20.125000
8,Харизма,mage,6,Мистическое копьё Раулотима,17.625000,17.625000
8,Харизма,mammoth,6,Мистическое копьё Раулотима,23.875000,23.875000
8,Харизма,medusa,6,Мистическое копьё Раулотима,20.750000,20.750000
8,Харизма,night-hag,5,Мистическое копьё Раулотима,16.500000,16.500000
8,Харизма,oni,7,Мистическое копьё Раулотима,20.125000,20.125000
8,Харизма,otyugh,5,Мистическое копьё Раулотима,22.625000,22.625000
8,Харизма,red-dragon-wyrmling,4,Мистическое копьё Раулотима,20.750000,20.750000
8,Харизма,remorhaz,11,Мистическое копьё Раулотима,23.250000,23.250000
8,Харизма,roc,11,Мистическое копьё Раулотима,23.875000,23.875000
8,Харизма,roper,5,Мистическое копьё Раулотима,22.625000,22.625000
8,Харизма,salamander,5,Мистическое копьё Раулотима,21.375000,21.375000
8,Харизма,shambling-mound,5,Мистическое копьё Раулотима,23.250000,23.250000
8,Харизма,shield-guardian,7,Мистическое копьё Раулотима,22.625000,22.625000
8,Харизма,spirit-naga,8,Мистическое копьё Раулотима,19.500000,19.500000
8,Харизма,stone-giant,7,Мистическое копьё Раулотима,21.375000,21.375000
8,Харизма,stone-golem,10,Мистическое копьё Раулотима,0.000000,0.000000
8,Харизма,succubus-incubus,4,Мистическое копьё Раулотима,20.125000,20.125000
8,Харизма,treant,9,Мистическое копьё Раулотима,20.750000,20.750000
8,Харизма,triceratops,5,Мистическое копьё Раулотима,23.875000,23.875000
8,Харизма,troll,5,Мистическое копьё Раулотима,22.625000,22.625000
8,Харизма,tyrannosaurus-rex,8,Мистическое копьё Раулотима,23.875000,23.875000
8,Харизма,unicorn,5,Мистическое копьё Раулотима,19.031250,19.031250
8,Харизма,vampire-spawn,5,Мистическое копьё Раулотима,21.375000,21.375000
8,Харизма,vrock,6,Мистическое копьё Раулотима,20.000000,20.000000
8,Харизма,water-elemental,5,Мистическое копьё Раулотима,23.250000,23.250000
8,Харизма,werebear-bear,5,Мистическое копьё Раулотима,21.375000,21.375000
8,Харизма,werebear-human,5,Мистическое копьё Раулотима,21.375000,21.375000
8,Харизма,werebear-hybrid,5,Мистическое копьё Раулотима,21.375000,21.375000
8,Харизма,wereboar-boar,4,Мистическое копьё Раулотима,21.375000,21.375000
8,Харизма,wereboar-human,4,Мистическое копьё Раулотима,21.375000,21.375000
8,Харизма,wereboar-hybrid,4,Мистическое копьё Раулотима,21.375000,21.375000
8,Харизма,weretiger-human,4,Мистическое копьё Раулотима,21.375000,21.375000
8,Харизма,weretiger-hybrid,4,Мистическое копьё Раулотима,21.375000,21.375000
8,Харизма,weretiger-tiger,4,Мистическое копьё Раулотима,21.375000,21.375000
8,Харизма,wraith,5,Мистическое копьё Раулотима,20.750000,20.750000
8,Харизма,wyvern,6,Мистическое копьё Раулотима,23.250000,23.250000
8,Харизма,xorn,5,Мистическое копьё Раулотима,21.375000,21.375000
8,Харизма,young-black-dragon,7,Мистическое копьё Раулотима,20.750000,20.750000
8,Харизма,young-blue-dragon,9,Мистическое копьё Раулотима,20.125000,20.125000
8,Харизма,young-brass-dragon,6,Мистическое копьё Раулотима,20.750000,20.750000
8,Харизма,young-bronze-dragon,8,Мистическое копьё Раулотима,20.125000,20.125000
8,Харизма,young-copper-dragon,7,Мистическое копьё Раулотима,19.500000,19.500000
8,Харизма,young-gold-dragon,10,Мистическое копьё Раулотима,19.500000,19.500000
8,Харизма,young-green-dragon,8,Мистическое копьё Раулотима,19.500000,19.500000
8,Харизма,young-red-dragon,10,Мистическое копьё Раулотима,20.125000,20.125000
8,Харизма,young-silver-dragon,9,Мистическое копьё Раулотима,20.125000,20.125000
8,Харизма,young-white-dragon,6,Мистическое копьё Раулотима,22.625000,22.625000
8,Харизма,aboleth,10,Ледяная буря: дар IV,25.100000,25.100000
8,Харизма,air-elemental,5,Ледяная буря: дар IV,20.750000,20.750000
8,Харизма,archmage,12,Ледяная буря: дар IV,19.626250,19.626250
8,Харизма,assassin,8,Ледяная буря: дар IV,20.025000,20.025000
8,Харизма,barbed-devil,5,Ледяная буря: дар IV,12.089506,12.089506
8,Харизма,behir,11,Ледяная буря: дар IV,22.200000,22.200000
8,Харизма,black-pudding,4,Ледяная буря: дар IV,8.525000,8.525000
8,Харизма,bone-devil,9,Ледяная буря: дар IV,12.089506,12.089506
8,Харизма,bulette,5,Ледяная буря: дар IV,24.375000,24.375000
8,Харизма,chain-devil,8,Ледяная буря: дар IV,12.691117,12.691117
8,Харизма,chimera,6,Ледяная буря: дар IV,24.375000,24.375000
8,Харизма,chuul,4,Ледяная буря: дар IV,24.375000,24.375000
8,Харизма,clay-golem,9,Ледяная буря: дар IV,22.780000,22.780000
8,Харизма,cloaker,8,Ледяная буря: дар IV,22.925000,22.925000
8,Харизма,cloud-giant,9,Ледяная буря: дар IV,24.375000,24.375000
8,Харизма,couatl,4,Ледяная буря: дар IV,20.750000,20.750000
8,Харизма,deva,10,Ледяная буря: дар IV,17.886250,17.886250
8,Харизма,djinni,11,Ледяная буря: дар IV,20.025000,20.025000
8,Харизма,drider,6,Ледяная буря: дар IV,22.200000,22.200000
8,Харизма,earth-elemental,5,Ледяная буря: дар IV,25.100000,25.100000
8,Харизма,efreeti,11,Ледяная буря: дар IV,23.650000,23.650000
8,Харизма,elephant,4,Ледяная буря: дар IV,25.100000,25.100000
8,Харизма,erinyes,12,Ледяная буря: дар IV,10.164352,10.164352
8,Харизма,ettin,4,Ледяная буря: дар IV,25.100000,25.100000
8,Харизма,fire-elemental,5,Ледяная буря: дар IV,22.200000,22.200000
8,Харизма,fire-giant,9,Ледяная буря: дар IV,22.200000,22.200000
8,Харизма,flesh-golem,5,Ледяная буря: дар IV,22.780000,22.780000
8,Харизма,frost-giant,8,Ледяная буря: дар IV,8.050000,8.050000
8,Харизма,ghost,4,Ледяная буря: дар IV,7.575000,7.575000
8,Харизма,giant-ape,7,Ледяная буря: дар IV,22.925000,22.925000
8,Харизма,giant-crocodile,5,Ледяная буря: дар IV,25.100000,25.100000
8,Харизма,giant-shark,5,Ледяная буря: дар IV,24.375000,24.375000
8,Харизма,glabrezu,9,Ледяная буря: дар IV,12.691117,12.691117
8,Харизма,gladiator,5,Ледяная буря: дар IV,20.750000,20.750000
8,Харизма,gorgon,5,Ледяная буря: дар IV,24.375000,24.375000
8,Харизма,guardian-naga,10,Ледяная буря: дар IV,18.575000,18.575000
8,Харизма,gynosphinx,11,Ледяная буря: дар IV,22.925000,22.925000
8,Харизма,half-red-dragon-veteran,5,Ледяная буря: дар IV,23.650000,23.650000
8,Харизма,hezrou,8,Ледяная буря: дар IV,12.089506,12.089506
8,Харизма,hill-giant,5,Ледяная буря: дар IV,25.100000,25.100000
8,Харизма,horned-devil,11,Ледяная буря: дар IV,10.164352,10.164352
8,Харизма,hydra,8,Ледяная буря: дар IV,23.650000,23.650000
8,Харизма,invisible-stalker,6,Ледяная буря: дар IV,21.475000,21.475000
8,Харизма,lamia,4,Ледяная буря: дар IV,23.650000,23.650000
8,Харизма,mage,6,Ледяная буря: дар IV,22.925000,22.925000
8,Харизма,mammoth,6,Ледяная буря: дар IV,25.100000,25.100000
8,Харизма,medusa,6,Ледяная буря: дар IV,22.925000,22.925000
8,Харизма,night-hag,5,Ледяная буря: дар IV,12.691117,12.691117
8,Харизма,oni,7,Ледяная буря: дар IV,22.200000,22.200000
8,Харизма,otyugh,5,Ледяная буря: дар IV,24.375000,24.375000
8,Харизма,red-dragon-wyrmling,4,Ледяная буря: дар IV,22.925000,22.925000
8,Харизма,remorhaz,11,Ледяная буря: дар IV,7.575000,7.575000
8,Харизма,roc,11,Ледяная буря: дар IV,21.475000,21.475000
8,Харизма,roper,5,Ледяная буря: дар IV,25.100000,25.100000
8,Харизма,salamander,5,Ледяная буря: дар IV,38.512500,38.512500
8,Харизма,shambling-mound,5,Ледяная буря: дар IV,16.324846,16.324846
8,Харизма,shield-guardian,7,Ледяная буря: дар IV,25.100000,25.100000
8,Харизма,spirit-naga,8,Ледяная буря: дар IV,20.025000,20.025000
8,Харизма,stone-giant,7,Ледяная буря: дар IV,20.750000,20.750000
8,Харизма,stone-golem,10,Ледяная буря: дар IV,22.780000,22.780000
8,Харизма,succubus-incubus,4,Ледяная буря: дар IV,14.399691,14.399691
8,Харизма,treant,9,Ледяная буря: дар IV,20.825000,20.825000
8,Харизма,triceratops,5,Ледяная буря: дар IV,25.100000,25.100000
8,Харизма,troll,5,Ледяная буря: дар IV,23.650000,23.650000
8,Харизма,tyrannosaurus-rex,8,Ледяная буря: дар IV,24.375000,24.375000
8,Харизма,unicorn,5,Ледяная буря: дар IV,19.626250,19.626250
8,Харизма,vampire-spawn,5,Ледяная буря: дар IV,20.025000,20.025000
8,Харизма,vrock,6,Ледяная буря: дар IV,11.030671,11.030671
8,Харизма,water-elemental,5,Ледяная буря: дар IV,22.925000,22.925000
8,Харизма,werebear-bear,5,Ледяная буря: дар IV,24.375000,24.375000
8,Харизма,werebear-human,5,Ледяная буря: дар IV,24.375000,24.375000
8,Харизма,werebear-hybrid,5,Ледяная буря: дар IV,24.375000,24.375000
8,Харизма,wereboar-boar,4,Ледяная буря: дар IV,24.375000,24.375000
8,Харизма,wereboar-human,4,Ледяная буря: дар IV,24.375000,24.375000
8,Харизма,wereboar-hybrid,4,Ледяная буря: дар IV,24.375000,24.375000
8,Харизма,weretiger-human,4,Ледяная буря: дар IV,22.925000,22.925000
8,Харизма,weretiger-hybrid,4,Ледяная буря: дар IV,22.925000,22.925000
8,Харизма,weretiger-tiger,4,Ледяная буря: дар IV,22.925000,22.925000
8,Харизма,wraith,5,Ледяная буря: дар IV,14.399691,14.399691
8,Харизма,wyvern,6,Ледяная буря: дар IV,24.375000,24.375000
8,Харизма,xorn,5,Ледяная буря: дар IV,24.375000,24.375000
8,Харизма,young-black-dragon,7,Ледяная буря: дар IV,20.750000,20.750000
8,Харизма,young-blue-dragon,9,Ледяная буря: дар IV,21.475000,21.475000
8,Харизма,young-brass-dragon,6,Ледяная буря: дар IV,22.200000,22.200000
8,Харизма,young-bronze-dragon,8,Ледяная буря: дар IV,22.200000,22.200000
8,Харизма,young-copper-dragon,7,Ледяная буря: дар IV,21.475000,21.475000
8,Харизма,young-gold-dragon,10,Ледяная буря: дар IV,20.025000,20.025000
8,Харизма,young-green-dragon,8,Ледяная буря: дар IV,21.475000,21.475000
8,Харизма,young-red-dragon,10,Ледяная буря: дар IV,21.475000,21.475000
8,Харизма,young-silver-dragon,9,Ледяная буря: дар IV,6.862500,6.862500
8,Харизма,young-white-dragon,6,Ледяная буря: дар IV,7.100000,7.100000
8,Харизма,aboleth,10,Болезненное сияние: один контакт,9.900000,9.900000
8,Харизма,air-elemental,5,Болезненное сияние: один контакт,14.300000,14.300000
8,Харизма,archmage,12,Болезненное сияние: один контакт,10.780000,10.780000
8,Харизма,assassin,8,Болезненное сияние: один контакт,14.300000,14.300000
8,Харизма,barbed-devil,5,Болезненное сияние: один контакт,3.520000,3.520000
8,Харизма,behir,11,Болезненное сияние: один контакт,12.100000,12.100000
8,Харизма,black-pudding,4,Болезненное сияние: один контакт,13.200000,13.200000
8,Харизма,bone-devil,9,Болезненное сияние: один контакт,6.655000,6.655000
8,Харизма,bulette,5,Болезненное сияние: один контакт,11.000000,11.000000
8,Харизма,chain-devil,8,Болезненное сияние: один контакт,3.520000,3.520000
8,Харизма,chimera,6,Болезненное сияние: один контакт,12.100000,12.100000
8,Харизма,chuul,4,Болезненное сияние: один контакт,13.200000,13.200000
8,Харизма,clay-golem,9,Болезненное сияние: один контакт,6.655000,6.655000
8,Харизма,cloaker,8,Болезненное сияние: один контакт,15.400000,15.400000
8,Харизма,cloud-giant,9,Болезненное сияние: один контакт,5.500000,5.500000
8,Харизма,couatl,4,Болезненное сияние: один контакт,5.375000,5.375000
8,Харизма,deva,10,Болезненное сияние: один контакт,3.251875,3.251875
8,Харизма,djinni,11,Болезненное сияние: один контакт,9.900000,9.900000
8,Харизма,drider,6,Болезненное сияние: один контакт,12.100000,12.100000
8,Харизма,earth-elemental,5,Болезненное сияние: один контакт,11.000000,11.000000
8,Харизма,efreeti,11,Болезненное сияние: один контакт,8.800000,8.800000
8,Харизма,elephant,4,Болезненное сияние: один контакт,13.200000,13.200000
8,Харизма,erinyes,12,Болезненное сияние: один контакт,2.695000,2.695000
8,Харизма,ettin,4,Болезненное сияние: один контакт,13.200000,13.200000
8,Харизма,fire-elemental,5,Болезненное сияние: один контакт,13.200000,13.200000
8,Харизма,fire-giant,9,Болезненное сияние: один контакт,5.500000,5.500000
8,Харизма,flesh-golem,5,Болезненное сияние: один контакт,6.655000,6.655000
8,Харизма,frost-giant,8,Болезненное сияние: один контакт,7.700000,7.700000
8,Харизма,ghost,4,Болезненное сияние: один контакт,16.500000,16.500000
8,Харизма,giant-ape,7,Болезненное сияние: один контакт,12.100000,12.100000
8,Харизма,giant-crocodile,5,Болезненное сияние: один контакт,13.200000,13.200000
8,Харизма,giant-shark,5,Болезненное сияние: один контакт,11.000000,11.000000
8,Харизма,glabrezu,9,Болезненное сияние: один контакт,1.980000,1.980000
8,Харизма,gladiator,5,Болезненное сияние: один контакт,9.900000,9.900000
8,Харизма,gorgon,5,Болезненное сияние: один контакт,12.100000,12.100000
8,Харизма,guardian-naga,10,Болезненное сияние: один контакт,8.800000,8.800000
8,Харизма,gynosphinx,11,Болезненное сияние: один контакт,13.200000,13.200000
8,Харизма,half-red-dragon-veteran,5,Болезненное сияние: один контакт,14.300000,14.300000
8,Харизма,hezrou,8,Болезненное сияние: один контакт,2.695000,2.695000
8,Харизма,hill-giant,5,Болезненное сияние: один контакт,12.100000,12.100000
8,Харизма,horned-devil,11,Болезненное сияние: один контакт,5.500000,5.500000
8,Харизма,hydra,8,Болезненное сияние: один контакт,11.000000,11.000000
8,Харизма,invisible-stalker,6,Болезненное сияние: один контакт,14.300000,14.300000
8,Харизма,lamia,4,Болезненное сияние: один контакт,14.300000,14.300000
8,Харизма,mage,6,Болезненное сияние: один контакт,16.500000,16.500000
8,Харизма,mammoth,6,Болезненное сияние: один контакт,11.000000,11.000000
8,Харизма,medusa,6,Болезненное сияние: один контакт,13.200000,13.200000
8,Харизма,night-hag,5,Болезненное сияние: один контакт,7.920000,7.920000
8,Харизма,oni,7,Болезненное сияние: один контакт,9.900000,9.900000
8,Харизма,otyugh,5,Болезненное сияние: один контакт,8.800000,8.800000
8,Харизма,red-dragon-wyrmling,4,Болезненное сияние: один контакт,11.000000,11.000000
8,Харизма,remorhaz,11,Болезненное сияние: один контакт,11.000000,11.000000
8,Харизма,roc,11,Болезненное сияние: один контакт,6.600000,6.600000
8,Харизма,roper,5,Болезненное сияние: один контакт,13.200000,13.200000
8,Харизма,salamander,5,Болезненное сияние: один контакт,14.300000,14.300000
8,Харизма,shambling-mound,5,Болезненное сияние: один контакт,13.200000,13.200000
8,Харизма,shield-guardian,7,Болезненное сияние: один контакт,12.100000,12.100000
8,Харизма,spirit-naga,8,Болезненное сияние: один контакт,11.000000,11.000000
8,Харизма,stone-giant,7,Болезненное сияние: один контакт,7.700000,7.700000
8,Харизма,stone-golem,10,Болезненное сияние: один контакт,5.500000,5.500000
8,Харизма,succubus-incubus,4,Болезненное сияние: один контакт,15.400000,15.400000
8,Харизма,treant,9,Болезненное сияние: один контакт,11.000000,11.000000
8,Харизма,triceratops,5,Болезненное сияние: один контакт,13.200000,13.200000
8,Харизма,troll,5,Болезненное сияние: один контакт,11.000000,11.000000
8,Харизма,tyrannosaurus-rex,8,Болезненное сияние: один контакт,12.100000,12.100000
8,Харизма,unicorn,5,Болезненное сияние: один контакт,9.295000,9.295000
8,Харизма,vampire-spawn,5,Болезненное сияние: один контакт,13.200000,13.200000
8,Харизма,vrock,6,Болезненное сияние: один контакт,6.655000,6.655000
8,Харизма,water-elemental,5,Болезненное сияние: один контакт,12.100000,12.100000
8,Харизма,werebear-bear,5,Болезненное сияние: один контакт,13.200000,13.200000
8,Харизма,werebear-human,5,Болезненное сияние: один контакт,13.200000,13.200000
8,Харизма,werebear-hybrid,5,Болезненное сияние: один контакт,13.200000,13.200000
8,Харизма,wereboar-boar,4,Болезненное сияние: один контакт,14.300000,14.300000
8,Харизма,wereboar-human,4,Болезненное сияние: один контакт,14.300000,14.300000
8,Харизма,wereboar-hybrid,4,Болезненное сияние: один контакт,14.300000,14.300000
8,Харизма,weretiger-human,4,Болезненное сияние: один контакт,13.200000,13.200000
8,Харизма,weretiger-hybrid,4,Болезненное сияние: один контакт,13.200000,13.200000
8,Харизма,weretiger-tiger,4,Болезненное сияние: один контакт,13.200000,13.200000
8,Харизма,wraith,5,Болезненное сияние: один контакт,13.200000,13.200000
8,Харизма,wyvern,6,Болезненное сияние: один контакт,13.200000,13.200000
8,Харизма,xorn,5,Болезненное сияние: один контакт,9.900000,9.900000
8,Харизма,young-black-dragon,7,Болезненное сияние: один контакт,9.900000,9.900000
8,Харизма,young-blue-dragon,9,Болезненное сияние: один контакт,7.700000,7.700000
8,Харизма,young-brass-dragon,6,Болезненное сияние: один контакт,9.900000,9.900000
8,Харизма,young-bronze-dragon,8,Болезненное сияние: один контакт,8.800000,8.800000
8,Харизма,young-copper-dragon,7,Болезненное сияние: один контакт,9.900000,9.900000
8,Харизма,young-gold-dragon,10,Болезненное сияние: один контакт,6.600000,6.600000
8,Харизма,young-green-dragon,8,Болезненное сияние: один контакт,9.900000,9.900000
8,Харизма,young-red-dragon,10,Болезненное сияние: один контакт,6.600000,6.600000
8,Харизма,young-silver-dragon,9,Болезненное сияние: один контакт,6.600000,6.600000
8,Харизма,young-white-dragon,6,Болезненное сияние: один контакт,8.800000,8.800000
8,Адепт,aboleth,10,"Хроматический шар: холод, ячейка I",10.525000,10.525000
8,Адепт,air-elemental,5,"Хроматический шар: холод, ячейка I",12.312500,12.312500
8,Адепт,archmage,12,"Хроматический шар: холод, ячейка I",12.312500,12.312500
8,Адепт,assassin,8,"Хроматический шар: холод, ячейка I",12.312500,12.312500
8,Адепт,barbed-devil,5,"Хроматический шар: холод, ячейка I",12.312500,12.312500
8,Адепт,behir,11,"Хроматический шар: холод, ячейка I",10.525000,10.525000
8,Адепт,black-pudding,4,"Хроматический шар: холод, ячейка I",0.000000,0.000000
8,Адепт,bone-devil,9,"Хроматический шар: холод, ячейка I",8.737500,8.737500
8,Адепт,bulette,5,"Хроматический шар: холод, ячейка I",10.525000,10.525000
8,Адепт,chain-devil,8,"Хроматический шар: холод, ячейка I",11.418750,11.418750
8,Адепт,chimera,6,"Хроматический шар: холод, ячейка I",13.206250,13.206250
8,Адепт,chuul,4,"Хроматический шар: холод, ячейка I",11.418750,11.418750
8,Адепт,clay-golem,9,"Хроматический шар: холод, ячейка I",13.206250,13.206250
8,Адепт,cloaker,8,"Хроматический шар: холод, ячейка I",13.206250,13.206250
8,Адепт,cloud-giant,9,"Хроматический шар: холод, ячейка I",13.206250,13.206250
8,Адепт,couatl,4,"Хроматический шар: холод, ячейка I",8.737500,8.737500
8,Адепт,deva,10,"Хроматический шар: холод, ячейка I",10.525000,10.525000
8,Адепт,djinni,11,"Хроматический шар: холод, ячейка I",10.525000,10.525000
8,Адепт,drider,6,"Хроматический шар: холод, ячейка I",8.737500,8.737500
8,Адепт,earth-elemental,5,"Хроматический шар: холод, ячейка I",10.525000,10.525000
8,Адепт,efreeti,11,"Хроматический шар: холод, ячейка I",10.525000,10.525000
8,Адепт,elephant,4,"Хроматический шар: холод, ячейка I",14.993750,14.993750
8,Адепт,erinyes,12,"Хроматический шар: холод, ячейка I",9.631250,9.631250
8,Адепт,ettin,4,"Хроматический шар: холод, ячейка I",14.993750,14.993750
8,Адепт,fire-elemental,5,"Хроматический шар: холод, ячейка I",14.100000,14.100000
8,Адепт,fire-giant,9,"Хроматический шар: холод, ячейка I",9.631250,9.631250
8,Адепт,flesh-golem,5,"Хроматический шар: холод, ячейка I",17.675000,17.675000
8,Адепт,frost-giant,8,"Хроматический шар: холод, ячейка I",0.000000,0.000000
8,Адепт,ghost,4,"Хроматический шар: холод, ячейка I",0.000000,0.000000
8,Адепт,giant-ape,7,"Хроматический шар: холод, ячейка I",14.993750,14.993750
8,Адепт,giant-crocodile,5,"Хроматический шар: холод, ячейка I",13.206250,13.206250
8,Адепт,giant-shark,5,"Хроматический шар: холод, ячейка I",14.100000,14.100000
8,Адепт,glabrezu,9,"Хроматический шар: холод, ячейка I",10.525000,10.525000
8,Адепт,gladiator,5,"Хроматический шар: холод, ячейка I",11.418750,11.418750
8,Адепт,gorgon,5,"Хроматический шар: холод, ячейка I",8.737500,8.737500
8,Адепт,guardian-naga,10,"Хроматический шар: холод, ячейка I",9.631250,9.631250
8,Адепт,gynosphinx,11,"Хроматический шар: холод, ячейка I",10.525000,10.525000
8,Адепт,half-red-dragon-veteran,5,"Хроматический шар: холод, ячейка I",9.631250,9.631250
8,Адепт,hezrou,8,"Хроматический шар: холод, ячейка I",11.418750,11.418750
8,Адепт,hill-giant,5,"Хроматический шар: холод, ячейка I",14.100000,14.100000
8,Адепт,horned-devil,11,"Хроматический шар: холод, ячейка I",9.631250,9.631250
8,Адепт,hydra,8,"Хроматический шар: холод, ячейка I",12.312500,12.312500
8,Адепт,invisible-stalker,6,"Хроматический шар: холод, ячейка I",13.206250,13.206250
8,Адепт,lamia,4,"Хроматический шар: холод, ячейка I",14.100000,14.100000
8,Адепт,mage,6,"Хроматический шар: холод, ячейка I",12.312500,12.312500
8,Адепт,mammoth,6,"Хроматический шар: холод, ячейка I",14.100000,14.100000
8,Адепт,medusa,6,"Хроматический шар: холод, ячейка I",12.312500,12.312500
8,Адепт,night-hag,5,"Хроматический шар: холод, ячейка I",10.525000,10.525000
8,Адепт,oni,7,"Хроматический шар: холод, ячейка I",11.418750,11.418750
8,Адепт,otyugh,5,"Хроматический шар: холод, ячейка I",13.206250,13.206250
8,Адепт,red-dragon-wyrmling,4,"Хроматический шар: холод, ячейка I",10.525000,10.525000
8,Адепт,remorhaz,11,"Хроматический шар: холод, ячейка I",0.000000,0.000000
8,Адепт,roc,11,"Хроматический шар: холод, ячейка I",12.312500,12.312500
8,Адепт,roper,5,"Хроматический шар: холод, ячейка I",7.843750,7.843750
8,Адепт,salamander,5,"Хроматический шар: холод, ячейка I",24.625000,24.625000
8,Адепт,shambling-mound,5,"Хроматический шар: холод, ячейка I",12.312500,12.312500
8,Адепт,shield-guardian,7,"Хроматический шар: холод, ячейка I",10.525000,10.525000
8,Адепт,spirit-naga,8,"Хроматический шар: холод, ячейка I",12.312500,12.312500
8,Адепт,stone-giant,7,"Хроматический шар: холод, ячейка I",10.525000,10.525000
8,Адепт,stone-golem,10,"Хроматический шар: холод, ячейка I",10.525000,10.525000
8,Адепт,succubus-incubus,4,"Хроматический шар: холод, ячейка I",12.312500,12.312500
8,Адепт,treant,9,"Хроматический шар: холод, ячейка I",11.418750,11.418750
8,Адепт,triceratops,5,"Хроматический шар: холод, ячейка I",14.100000,14.100000
8,Адепт,troll,5,"Хроматический шар: холод, ячейка I",12.312500,12.312500
8,Адепт,tyrannosaurus-rex,8,"Хроматический шар: холод, ячейка I",14.100000,14.100000
8,Адепт,unicorn,5,"Хроматический шар: холод, ячейка I",14.993750,14.993750
8,Адепт,vampire-spawn,5,"Хроматический шар: холод, ячейка I",12.312500,12.312500
8,Адепт,vrock,6,"Хроматический шар: холод, ячейка I",12.312500,12.312500
8,Адепт,water-elemental,5,"Хроматический шар: холод, ячейка I",13.206250,13.206250
8,Адепт,werebear-bear,5,"Хроматический шар: холод, ячейка I",15.887500,15.887500
8,Адепт,werebear-human,5,"Хроматический шар: холод, ячейка I",16.781250,16.781250
8,Адепт,werebear-hybrid,5,"Хроматический шар: холод, ячейка I",15.887500,15.887500
8,Адепт,wereboar-boar,4,"Хроматический шар: холод, ячейка I",15.887500,15.887500
8,Адепт,wereboar-human,4,"Хроматический шар: холод, ячейка I",16.781250,16.781250
8,Адепт,wereboar-hybrid,4,"Хроматический шар: холод, ячейка I",15.887500,15.887500
8,Адепт,weretiger-human,4,"Хроматический шар: холод, ячейка I",14.993750,14.993750
8,Адепт,weretiger-hybrid,4,"Хроматический шар: холод, ячейка I",14.993750,14.993750
8,Адепт,weretiger-tiger,4,"Хроматический шар: холод, ячейка I",14.993750,14.993750
8,Адепт,wraith,5,"Хроматический шар: холод, ячейка I",14.100000,14.100000
8,Адепт,wyvern,6,"Хроматический шар: холод, ячейка I",14.100000,14.100000
8,Адепт,xorn,5,"Хроматический шар: холод, ячейка I",8.737500,8.737500
8,Адепт,young-black-dragon,7,"Хроматический шар: холод, ячейка I",9.631250,9.631250
8,Адепт,young-blue-dragon,9,"Хроматический шар: холод, ячейка I",9.631250,9.631250
8,Адепт,young-brass-dragon,6,"Хроматический шар: холод, ячейка I",10.525000,10.525000
8,Адепт,young-bronze-dragon,8,"Хроматический шар: холод, ячейка I",9.631250,9.631250
8,Адепт,young-copper-dragon,7,"Хроматический шар: холод, ячейка I",10.525000,10.525000
8,Адепт,young-gold-dragon,10,"Хроматический шар: холод, ячейка I",9.631250,9.631250
8,Адепт,young-green-dragon,8,"Хроматический шар: холод, ячейка I",9.631250,9.631250
8,Адепт,young-red-dragon,10,"Хроматический шар: холод, ячейка I",9.631250,9.631250
8,Адепт,young-silver-dragon,9,"Хроматический шар: холод, ячейка I",0.000000,0.000000
8,Адепт,young-white-dragon,6,"Хроматический шар: холод, ячейка I",0.000000,0.000000
8,Адепт,aboleth,10,Психическая плеть Таши,6.650000,6.650000
8,Адепт,air-elemental,5,Психическая плеть Таши,9.400000,9.400000
8,Адепт,archmage,12,Психическая плеть Таши,5.343750,5.343750
8,Адепт,assassin,8,Психическая плеть Таши,7.750000,7.750000
8,Адепт,barbed-devil,5,Психическая плеть Таши,7.323750,7.323750
8,Адепт,behir,11,Психическая плеть Таши,9.400000,9.400000
8,Адепт,black-pudding,4,Психическая плеть Таши,10.225000,10.225000
8,Адепт,bone-devil,9,Психическая плеть Таши,6.113750,6.113750
8,Адепт,bulette,5,Психическая плеть Таши,9.950000,9.950000
8,Адепт,chain-devil,8,Психическая плеть Таши,7.695000,7.695000
8,Адепт,chimera,6,Психическая плеть Таши,9.950000,9.950000
8,Адепт,chuul,4,Психическая плеть Таши,9.675000,9.675000
8,Адепт,clay-golem,9,Психическая плеть Таши,0.000000,0.000000
8,Адепт,cloaker,8,Психическая плеть Таши,8.575000,8.575000
8,Адепт,cloud-giant,9,Психическая плеть Таши,8.575000,8.575000
8,Адепт,couatl,4,Психическая плеть Таши,0.000000,0.000000
8,Адепт,deva,10,Психическая плеть Таши,6.663750,6.663750
8,Адепт,djinni,11,Психическая плеть Таши,8.300000,8.300000
8,Адепт,drider,6,Психическая плеть Таши,8.575000,8.575000
8,Адепт,earth-elemental,5,Психическая плеть Таши,9.675000,9.675000
8,Адепт,efreeti,11,Психическая плеть Таши,6.925000,6.925000
8,Адепт,elephant,4,Психическая плеть Таши,9.950000,9.950000
8,Адепт,erinyes,12,Психическая плеть Таши,6.980000,6.980000
8,Адепт,ettin,4,Психическая плеть Таши,9.400000,9.400000
8,Адепт,fire-elemental,5,Психическая плеть Таши,9.400000,9.400000
8,Адепт,fire-giant,9,Психическая плеть Таши,8.850000,8.850000
8,Адепт,flesh-golem,5,Психическая плеть Таши,8.520000,8.520000
8,Адепт,frost-giant,8,Психическая плеть Таши,9.125000,9.125000
8,Адепт,ghost,4,Психическая плеть Таши,8.850000,8.850000
8,Адепт,giant-ape,7,Психическая плеть Таши,9.400000,9.400000
8,Адепт,giant-crocodile,5,Психическая плеть Таши,9.950000,9.950000
8,Адепт,giant-shark,5,Психическая плеть Таши,10.225000,10.225000
8,Адепт,glabrezu,9,Психическая плеть Таши,6.375000,6.375000
8,Адепт,gladiator,5,Психическая плеть Таши,8.850000,8.850000
8,Адепт,gorgon,5,Психическая плеть Таши,9.950000,9.950000
8,Адепт,guardian-naga,10,Психическая плеть Таши,6.925000,6.925000
8,Адепт,gynosphinx,11,Психическая плеть Таши,0.000000,0.000000
8,Адепт,half-red-dragon-veteran,5,Психическая плеть Таши,8.850000,8.850000
8,Адепт,hezrou,8,Психическая плеть Таши,8.973750,8.973750
8,Адепт,hill-giant,5,Психическая плеть Таши,9.675000,9.675000
8,Адепт,horned-devil,11,Психическая плеть Таши,7.323750,7.323750
8,Адепт,hydra,8,Психическая плеть Таши,9.950000,9.950000
8,Адепт,invisible-stalker,6,Психическая плеть Таши,8.850000,8.850000
8,Адепт,lamia,4,Психическая плеть Таши,8.300000,8.300000
8,Адепт,mage,6,Психическая плеть Таши,7.200000,7.200000
8,Адепт,mammoth,6,Психическая плеть Таши,9.950000,9.950000
8,Адепт,medusa,6,Психическая плеть Таши,8.575000,8.575000
8,Адепт,night-hag,5,Психическая плеть Таши,6.663750,6.663750
8,Адепт,oni,7,Психическая плеть Таши,8.300000,8.300000
8,Адепт,otyugh,5,Психическая плеть Таши,9.400000,9.400000
8,Адепт,red-dragon-wyrmling,4,Психическая плеть Таши,8.575000,8.575000
8,Адепт,remorhaz,11,Психическая плеть Таши,9.675000,9.675000
8,Адепт,roc,11,Психическая плеть Таши,9.950000,9.950000
8,Адепт,roper,5,Психическая плеть Таши,9.400000,9.400000
8,Адепт,salamander,5,Психическая плеть Таши,8.850000,8.850000
8,Адепт,shambling-mound,5,Психическая плеть Таши,9.675000,9.675000
8,Адепт,shield-guardian,7,Психическая плеть Таши,9.400000,9.400000
8,Адепт,spirit-naga,8,Психическая плеть Таши,8.025000,8.025000
8,Адепт,stone-giant,7,Психическая плеть Таши,8.850000,8.850000
8,Адепт,stone-golem,10,Психическая плеть Таши,0.000000,0.000000
8,Адепт,succubus-incubus,4,Психическая плеть Таши,8.300000,8.300000
8,Адепт,treant,9,Психическая плеть Таши,8.575000,8.575000
8,Адепт,triceratops,5,Психическая плеть Таши,9.950000,9.950000
8,Адепт,troll,5,Психическая плеть Таши,9.400000,9.400000
8,Адепт,tyrannosaurus-rex,8,Психическая плеть Таши,9.950000,9.950000
8,Адепт,unicorn,5,Психическая плеть Таши,7.695000,7.695000
8,Адепт,vampire-spawn,5,Психическая плеть Таши,8.850000,8.850000
8,Адепт,vrock,6,Психическая плеть Таши,8.093750,8.093750
8,Адепт,water-elemental,5,Психическая плеть Таши,9.675000,9.675000
8,Адепт,werebear-bear,5,Психическая плеть Таши,8.850000,8.850000
8,Адепт,werebear-human,5,Психическая плеть Таши,8.850000,8.850000
8,Адепт,werebear-hybrid,5,Психическая плеть Таши,8.850000,8.850000
8,Адепт,wereboar-boar,4,Психическая плеть Таши,8.850000,8.850000
8,Адепт,wereboar-human,4,Психическая плеть Таши,8.850000,8.850000
8,Адепт,wereboar-hybrid,4,Психическая плеть Таши,8.850000,8.850000
8,Адепт,weretiger-human,4,Психическая плеть Таши,8.850000,8.850000
8,Адепт,weretiger-hybrid,4,Психическая плеть Таши,8.850000,8.850000
8,Адепт,weretiger-tiger,4,Психическая плеть Таши,8.850000,8.850000
8,Адепт,wraith,5,Психическая плеть Таши,8.575000,8.575000
8,Адепт,wyvern,6,Психическая плеть Таши,9.675000,9.675000
8,Адепт,xorn,5,Психическая плеть Таши,8.850000,8.850000
8,Адепт,young-black-dragon,7,Психическая плеть Таши,8.575000,8.575000
8,Адепт,young-blue-dragon,9,Психическая плеть Таши,8.300000,8.300000
8,Адепт,young-brass-dragon,6,Психическая плеть Таши,8.575000,8.575000
8,Адепт,young-bronze-dragon,8,Психическая плеть Таши,8.300000,8.300000
8,Адепт,young-copper-dragon,7,Психическая плеть Таши,8.025000,8.025000
8,Адепт,young-gold-dragon,10,Психическая плеть Таши,8.025000,8.025000
8,Адепт,young-green-dragon,8,Психическая плеть Таши,8.025000,8.025000
8,Адепт,young-red-dragon,10,Психическая плеть Таши,8.300000,8.300000
8,Адепт,young-silver-dragon,9,Психическая плеть Таши,8.300000,8.300000
8,Адепт,young-white-dragon,6,Психическая плеть Таши,9.400000,9.400000
8,Адепт,aboleth,10,Псионический заряд,19.625000,19.625000
8,Адепт,air-elemental,5,Псионический заряд,16.175000,16.175000
8,Адепт,archmage,12,Псионический заряд,15.140000,15.140000
8,Адепт,assassin,8,Псионический заряд,15.600000,15.600000
8,Адепт,barbed-devil,5,Псионический заряд,14.478750,14.478750
8,Адепт,behir,11,Псионический заряд,17.325000,17.325000
8,Адепт,black-pudding,4,Псионический заряд,20.775000,20.775000
8,Адепт,bone-devil,9,Псионический заряд,14.478750,14.478750
8,Адепт,bulette,5,Псионический заряд,19.050000,19.050000
8,Адепт,chain-devil,8,Псионический заряд,15.140000,15.140000
8,Адепт,chimera,6,Псионический заряд,19.050000,19.050000
8,Адепт,chuul,4,Псионический заряд,19.050000,19.050000
8,Адепт,clay-golem,9,Псионический заряд,17.468750,17.468750
8,Адепт,cloaker,8,Псионический заряд,17.900000,17.900000
8,Адепт,cloud-giant,9,Псионический заряд,19.050000,19.050000
8,Адепт,couatl,4,Псионический заряд,16.175000,16.175000
8,Адепт,deva,10,Псионический заряд,13.875000,13.875000
8,Адепт,djinni,11,Псионический заряд,15.600000,15.600000
8,Адепт,drider,6,Псионический заряд,17.325000,17.325000
8,Адепт,earth-elemental,5,Псионический заряд,19.625000,19.625000
8,Адепт,efreeti,11,Псионический заряд,18.475000,18.475000
8,Адепт,elephant,4,Псионический заряд,19.625000,19.625000
8,Адепт,erinyes,12,Псионический заряд,12.408750,12.408750
8,Адепт,ettin,4,Псионический заряд,19.625000,19.625000
8,Адепт,fire-elemental,5,Псионический заряд,17.325000,17.325000
8,Адепт,fire-giant,9,Псионический заряд,17.325000,17.325000
8,Адепт,flesh-golem,5,Псионический заряд,17.468750,17.468750
8,Адепт,frost-giant,8,Псионический заряд,19.625000,19.625000
8,Адепт,ghost,4,Псионический заряд,18.475000,18.475000
8,Адепт,giant-ape,7,Псионический заряд,17.900000,17.900000
8,Адепт,giant-crocodile,5,Псионический заряд,19.625000,19.625000
8,Адепт,giant-shark,5,Псионический заряд,19.050000,19.050000
8,Адепт,glabrezu,9,Псионический заряд,15.140000,15.140000
8,Адепт,gladiator,5,Псионический заряд,16.175000,16.175000
8,Адепт,gorgon,5,Псионический заряд,19.050000,19.050000
8,Адепт,guardian-naga,10,Псионический заряд,14.450000,14.450000
8,Адепт,gynosphinx,11,Псионический заряд,17.900000,17.900000
8,Адепт,half-red-dragon-veteran,5,Псионический заряд,18.475000,18.475000
8,Адепт,hezrou,8,Псионический заряд,14.478750,14.478750
8,Адепт,hill-giant,5,Псионический заряд,19.625000,19.625000
8,Адепт,horned-devil,11,Псионический заряд,12.408750,12.408750
8,Адепт,hydra,8,Псионический заряд,18.475000,18.475000
8,Адепт,invisible-stalker,6,Псионический заряд,16.750000,16.750000
8,Адепт,lamia,4,Псионический заряд,18.475000,18.475000
8,Адепт,mage,6,Псионический заряд,17.900000,17.900000
8,Адепт,mammoth,6,Псионический заряд,19.625000,19.625000
8,Адепт,medusa,6,Псионический заряд,17.900000,17.900000
8,Адепт,night-hag,5,Псионический заряд,15.140000,15.140000
8,Адепт,oni,7,Псионический заряд,17.325000,17.325000
8,Адепт,otyugh,5,Псионический заряд,19.050000,19.050000
8,Адепт,red-dragon-wyrmling,4,Псионический заряд,17.900000,17.900000
8,Адепт,remorhaz,11,Псионический заряд,18.475000,18.475000
8,Адепт,roc,11,Псионический заряд,16.750000,16.750000
8,Адепт,roper,5,Псионический заряд,19.625000,19.625000
8,Адепт,salamander,5,Псионический заряд,17.900000,17.900000
8,Адепт,shambling-mound,5,Псионический заряд,19.625000,19.625000
8,Адепт,shield-guardian,7,Псионический заряд,19.625000,19.625000
8,Адепт,spirit-naga,8,Псионический заряд,15.600000,15.600000
8,Адепт,stone-giant,7,Псионический заряд,16.175000,16.175000
8,Адепт,stone-golem,10,Псионический заряд,17.468750,17.468750
8,Адепт,succubus-incubus,4,Псионический заряд,17.325000,17.325000
8,Адепт,treant,9,Псионический заряд,19.625000,19.625000
8,Адепт,triceratops,5,Псионический заряд,19.625000,19.625000
8,Адепт,troll,5,Псионический заряд,18.475000,18.475000
8,Адепт,tyrannosaurus-rex,8,Псионический заряд,19.050000,19.050000
8,Адепт,unicorn,5,Псионический заряд,15.140000,15.140000
8,Адепт,vampire-spawn,5,Псионический заряд,15.600000,15.600000
8,Адепт,vrock,6,Псионический заряд,13.328750,13.328750
8,Адепт,water-elemental,5,Псионический заряд,17.900000,17.900000
8,Адепт,werebear-bear,5,Псионический заряд,19.050000,19.050000
8,Адепт,werebear-human,5,Псионический заряд,19.050000,19.050000
8,Адепт,werebear-hybrid,5,Псионический заряд,19.050000,19.050000
8,Адепт,wereboar-boar,4,Псионический заряд,19.050000,19.050000
8,Адепт,wereboar-human,4,Псионический заряд,19.050000,19.050000
8,Адепт,wereboar-hybrid,4,Псионический заряд,19.050000,19.050000
8,Адепт,weretiger-human,4,Псионический заряд,17.900000,17.900000
8,Адепт,weretiger-hybrid,4,Псионический заряд,17.900000,17.900000
8,Адепт,weretiger-tiger,4,Псионический заряд,17.900000,17.900000
8,Адепт,wraith,5,Псионический заряд,17.325000,17.325000
8,Адепт,wyvern,6,Псионический заряд,19.050000,19.050000
8,Адепт,xorn,5,Псионический заряд,19.050000,19.050000
8,Адепт,young-black-dragon,7,Псионический заряд,16.175000,16.175000
8,Адепт,young-blue-dragon,9,Псионический заряд,16.750000,16.750000
8,Адепт,young-brass-dragon,6,Псионический заряд,17.325000,17.325000
8,Адепт,young-bronze-dragon,8,Псионический заряд,17.325000,17.325000
8,Адепт,young-copper-dragon,7,Псионический заряд,16.750000,16.750000
8,Адепт,young-gold-dragon,10,Псионический заряд,15.600000,15.600000
8,Адепт,young-green-dragon,8,Псионический заряд,16.750000,16.750000
8,Адепт,young-red-dragon,10,Псионический заряд,16.750000,16.750000
8,Адепт,young-silver-dragon,9,Псионический заряд,16.750000,16.750000
8,Адепт,young-white-dragon,6,Псионический заряд,17.325000,17.325000
8,Адепт,aboleth,10,Застывшие лезвия: одно срабатывание,19.127315,19.127315
8,Адепт,air-elemental,5,Застывшие лезвия: одно срабатывание,15.680093,15.680093
8,Адепт,archmage,12,Застывшие лезвия: одно срабатывание,14.645926,14.645926
8,Адепт,assassin,8,Застывшие лезвия: одно срабатывание,15.105556,15.105556
8,Адепт,barbed-devil,5,Застывшие лезвия: одно срабатывание,13.985208,13.985208
8,Адепт,behir,11,Застывшие лезвия: одно срабатывание,16.829167,16.829167
8,Адепт,black-pudding,4,Застывшие лезвия: одно срабатывание,0.000000,0.000000
8,Адепт,bone-devil,9,Застывшие лезвия: одно срабатывание,13.985208,13.985208
8,Адепт,bulette,5,Застывшие лезвия: одно срабатывание,18.552778,18.552778
8,Адепт,chain-devil,8,Застывшие лезвия: одно срабатывание,14.645926,14.645926
8,Адепт,chimera,6,Застывшие лезвия: одно срабатывание,18.552778,18.552778
8,Адепт,chuul,4,Застывшие лезвия: одно срабатывание,18.552778,18.552778
8,Адепт,clay-golem,9,Застывшие лезвия: одно срабатывание,16.972801,16.972801
8,Адепт,cloaker,8,Застывшие лезвия: одно срабатывание,17.403704,17.403704
8,Адепт,cloud-giant,9,Застывшие лезвия: одно срабатывание,18.552778,18.552778
8,Адепт,couatl,4,Застывшие лезвия: одно срабатывание,15.680093,15.680093
8,Адепт,deva,10,Застывшие лезвия: одно срабатывание,13.381944,13.381944
8,Адепт,djinni,11,Застывшие лезвия: одно срабатывание,15.105556,15.105556
8,Адепт,drider,6,Застывшие лезвия: одно срабатывание,16.829167,16.829167
8,Адепт,earth-elemental,5,Застывшие лезвия: одно срабатывание,19.127315,19.127315
8,Адепт,efreeti,11,Застывшие лезвия: одно срабатывание,17.978241,17.978241
8,Адепт,elephant,4,Застывшие лезвия: одно срабатывание,19.127315,19.127315
8,Адепт,erinyes,12,Застывшие лезвия: одно срабатывание,11.916875,11.916875
8,Адепт,ettin,4,Застывшие лезвия: одно срабатывание,19.127315,19.127315
8,Адепт,fire-elemental,5,Застывшие лезвия: одно срабатывание,16.829167,16.829167
8,Адепт,fire-giant,9,Застывшие лезвия: одно срабатывание,16.829167,16.829167
8,Адепт,flesh-golem,5,Застывшие лезвия: одно срабатывание,16.972801,16.972801
8,Адепт,frost-giant,8,Застывшие лезвия: одно срабатывание,6.062500,6.062500
8,Адепт,ghost,4,Застывшие лезвия: одно срабатывание,5.687500,5.687500
8,Адепт,giant-ape,7,Застывшие лезвия: одно срабатывание,17.403704,17.403704
8,Адепт,giant-crocodile,5,Застывшие лезвия: одно срабатывание,19.127315,19.127315
8,Адепт,giant-shark,5,Застывшие лезвия: одно срабатывание,18.552778,18.552778
8,Адепт,glabrezu,9,Застывшие лезвия: одно срабатывание,14.645926,14.645926
8,Адепт,gladiator,5,Застывшие лезвия: одно срабатывание,15.680093,15.680093
8,Адепт,gorgon,5,Застывшие лезвия: одно срабатывание,18.552778,18.552778
8,Адепт,guardian-naga,10,Застывшие лезвия: одно срабатывание,13.956481,13.956481
8,Адепт,gynosphinx,11,Застывшие лезвия: одно срабатывание,17.403704,17.403704
8,Адепт,half-red-dragon-veteran,5,Застывшие лезвия: одно срабатывание,17.978241,17.978241
8,Адепт,hezrou,8,Застывшие лезвия: одно срабатывание,13.985208,13.985208
8,Адепт,hill-giant,5,Застывшие лезвия: одно срабатывание,19.127315,19.127315
8,Адепт,horned-devil,11,Застывшие лезвия: одно срабатывание,11.916875,11.916875
8,Адепт,hydra,8,Застывшие лезвия: одно срабатывание,17.978241,17.978241
8,Адепт,invisible-stalker,6,Застывшие лезвия: одно срабатывание,16.254630,16.254630
8,Адепт,lamia,4,Застывшие лезвия: одно срабатывание,17.978241,17.978241
8,Адепт,mage,6,Застывшие лезвия: одно срабатывание,17.403704,17.403704
8,Адепт,mammoth,6,Застывшие лезвия: одно срабатывание,19.127315,19.127315
8,Адепт,medusa,6,Застывшие лезвия: одно срабатывание,17.403704,17.403704
8,Адепт,night-hag,5,Застывшие лезвия: одно срабатывание,14.645926,14.645926
8,Адепт,oni,7,Застывшие лезвия: одно срабатывание,16.829167,16.829167
8,Адепт,otyugh,5,Застывшие лезвия: одно срабатывание,18.552778,18.552778
8,Адепт,red-dragon-wyrmling,4,Застывшие лезвия: одно срабатывание,17.403704,17.403704
8,Адепт,remorhaz,11,Застывшие лезвия: одно срабатывание,5.687500,5.687500
8,Адепт,roc,11,Застывшие лезвия: одно срабатывание,16.254630,16.254630
8,Адепт,roper,5,Застывшие лезвия: одно срабатывание,19.127315,19.127315
8,Адепт,salamander,5,Застывшие лезвия: одно срабатывание,29.307407,29.307407
8,Адепт,shambling-mound,5,Застывшие лезвия: одно срабатывание,19.127315,19.127315
8,Адепт,shield-guardian,7,Застывшие лезвия: одно срабатывание,19.127315,19.127315
8,Адепт,spirit-naga,8,Застывшие лезвия: одно срабатывание,15.105556,15.105556
8,Адепт,stone-giant,7,Застывшие лезвия: одно срабатывание,15.680093,15.680093
8,Адепт,stone-golem,10,Застывшие лезвия: одно срабатывание,16.972801,16.972801
8,Адепт,succubus-incubus,4,Застывшие лезвия: одно срабатывание,16.829167,16.829167
8,Адепт,treant,9,Застывшие лезвия: одно срабатывание,19.127315,19.127315
8,Адепт,triceratops,5,Застывшие лезвия: одно срабатывание,19.127315,19.127315
8,Адепт,troll,5,Застывшие лезвия: одно срабатывание,17.978241,17.978241
8,Адепт,tyrannosaurus-rex,8,Застывшие лезвия: одно срабатывание,18.552778,18.552778
8,Адепт,unicorn,5,Застывшие лезвия: одно срабатывание,14.645926,14.645926
8,Адепт,vampire-spawn,5,Застывшие лезвия: одно срабатывание,15.105556,15.105556
8,Адепт,vrock,6,Застывшие лезвия: одно срабатывание,12.836134,12.836134
8,Адепт,water-elemental,5,Застывшие лезвия: одно срабатывание,17.403704,17.403704
8,Адепт,werebear-bear,5,Застывшие лезвия: одно срабатывание,18.552778,18.552778
8,Адепт,werebear-human,5,Застывшие лезвия: одно срабатывание,18.552778,18.552778
8,Адепт,werebear-hybrid,5,Застывшие лезвия: одно срабатывание,18.552778,18.552778
8,Адепт,wereboar-boar,4,Застывшие лезвия: одно срабатывание,18.552778,18.552778
8,Адепт,wereboar-human,4,Застывшие лезвия: одно срабатывание,18.552778,18.552778
8,Адепт,wereboar-hybrid,4,Застывшие лезвия: одно срабатывание,18.552778,18.552778
8,Адепт,weretiger-human,4,Застывшие лезвия: одно срабатывание,17.403704,17.403704
8,Адепт,weretiger-hybrid,4,Застывшие лезвия: одно срабатывание,17.403704,17.403704
8,Адепт,weretiger-tiger,4,Застывшие лезвия: одно срабатывание,17.403704,17.403704
8,Адепт,wraith,5,Застывшие лезвия: одно срабатывание,16.829167,16.829167
8,Адепт,wyvern,6,Застывшие лезвия: одно срабатывание,18.552778,18.552778
8,Адепт,xorn,5,Застывшие лезвия: одно срабатывание,18.552778,18.552778
8,Адепт,young-black-dragon,7,Застывшие лезвия: одно срабатывание,15.680093,15.680093
8,Адепт,young-blue-dragon,9,Застывшие лезвия: одно срабатывание,16.254630,16.254630
8,Адепт,young-brass-dragon,6,Застывшие лезвия: одно срабатывание,16.829167,16.829167
8,Адепт,young-bronze-dragon,8,Застывшие лезвия: одно срабатывание,16.829167,16.829167
8,Адепт,young-copper-dragon,7,Застывшие лезвия: одно срабатывание,16.254630,16.254630
8,Адепт,young-gold-dragon,10,Застывшие лезвия: одно срабатывание,15.105556,15.105556
8,Адепт,young-green-dragon,8,Застывшие лезвия: одно срабатывание,16.254630,16.254630
8,Адепт,young-red-dragon,10,Застывшие лезвия: одно срабатывание,16.254630,16.254630
8,Адепт,young-silver-dragon,9,Застывшие лезвия: одно срабатывание,5.125000,5.125000
8,Адепт,young-white-dragon,6,Застывшие лезвия: одно срабатывание,5.312500,5.312500
8,Адепт,aboleth,10,"Огненный шар: альтернатива, не выбор игрока",24.437500,24.437500
8,Адепт,air-elemental,5,"Огненный шар: альтернатива, не выбор игрока",20.162500,20.162500
8,Адепт,archmage,12,"Огненный шар: альтернатива, не выбор игрока",18.880000,18.880000
8,Адепт,assassin,8,"Огненный шар: альтернатива, не выбор игрока",19.450000,19.450000
8,Адепт,barbed-devil,5,"Огненный шар: альтернатива, не выбор игрока",0.000000,0.000000
8,Адепт,behir,11,"Огненный шар: альтернатива, не выбор игрока",21.587500,21.587500
8,Адепт,black-pudding,4,"Огненный шар: альтернатива, не выбор игрока",25.862500,25.862500
8,Адепт,bone-devil,9,"Огненный шар: альтернатива, не выбор игрока",0.000000,0.000000
8,Адепт,bulette,5,"Огненный шар: альтернатива, не выбор игрока",23.725000,23.725000
8,Адепт,chain-devil,8,"Огненный шар: альтернатива, не выбор игрока",0.000000,0.000000
8,Адепт,chimera,6,"Огненный шар: альтернатива, не выбор игрока",23.725000,23.725000
8,Адепт,chuul,4,"Огненный шар: альтернатива, не выбор игрока",23.725000,23.725000
8,Адепт,clay-golem,9,"Огненный шар: альтернатива, не выбор игрока",21.765625,21.765625
8,Адепт,cloaker,8,"Огненный шар: альтернатива, не выбор игрока",22.300000,22.300000
8,Адепт,cloud-giant,9,"Огненный шар: альтернатива, не выбор игрока",23.725000,23.725000
8,Адепт,couatl,4,"Огненный шар: альтернатива, не выбор игрока",20.162500,20.162500
8,Адепт,deva,10,"Огненный шар: альтернатива, не выбор игрока",17.312500,17.312500
8,Адепт,djinni,11,"Огненный шар: альтернатива, не выбор игрока",19.450000,19.450000
8,Адепт,drider,6,"Огненный шар: альтернатива, не выбор игрока",21.587500,21.587500
8,Адепт,earth-elemental,5,"Огненный шар: альтернатива, не выбор игрока",24.437500,24.437500
8,Адепт,efreeti,11,"Огненный шар: альтернатива, не выбор игрока",0.000000,0.000000
8,Адепт,elephant,4,"Огненный шар: альтернатива, не выбор игрока",24.437500,24.437500
8,Адепт,erinyes,12,"Огненный шар: альтернатива, не выбор игрока",0.000000,0.000000
8,Адепт,ettin,4,"Огненный шар: альтернатива, не выбор игрока",24.437500,24.437500
8,Адепт,fire-elemental,5,"Огненный шар: альтернатива, не выбор игрока",0.000000,0.000000
8,Адепт,fire-giant,9,"Огненный шар: альтернатива, не выбор игрока",0.000000,0.000000
8,Адепт,flesh-golem,5,"Огненный шар: альтернатива, не выбор игрока",21.765625,21.765625
8,Адепт,frost-giant,8,"Огненный шар: альтернатива, не выбор игрока",24.437500,24.437500
8,Адепт,ghost,4,"Огненный шар: альтернатива, не выбор игрока",11.256251,11.256251
8,Адепт,giant-ape,7,"Огненный шар: альтернатива, не выбор игрока",22.300000,22.300000
8,Адепт,giant-crocodile,5,"Огненный шар: альтернатива, не выбор игрока",24.437500,24.437500
8,Адепт,giant-shark,5,"Огненный шар: альтернатива, не выбор игрока",23.725000,23.725000
8,Адепт,glabrezu,9,"Огненный шар: альтернатива, не выбор игрока",9.190002,9.190002
8,Адепт,gladiator,5,"Огненный шар: альтернатива, не выбор игрока",20.162500,20.162500
8,Адепт,gorgon,5,"Огненный шар: альтернатива, не выбор игрока",23.725000,23.725000
8,Адепт,guardian-naga,10,"Огненный шар: альтернатива, не выбор игрока",18.025000,18.025000
8,Адепт,gynosphinx,11,"Огненный шар: альтернатива, не выбор игрока",22.300000,22.300000
8,Адепт,half-red-dragon-veteran,5,"Огненный шар: альтернатива, не выбор игрока",11.256251,11.256251
8,Адепт,hezrou,8,"Огненный шар: альтернатива, не выбор игрока",8.780314,8.780314
8,Адепт,hill-giant,5,"Огненный шар: альтернатива, не выбор игрока",24.437500,24.437500
8,Адепт,horned-devil,11,"Огненный шар: альтернатива, не выбор игрока",0.000000,0.000000
8,Адепт,hydra,8,"Огненный шар: альтернатива, не выбор игрока",23.012500,23.012500
8,Адепт,invisible-stalker,6,"Огненный шар: альтернатива, не выбор игрока",20.875000,20.875000
8,Адепт,lamia,4,"Огненный шар: альтернатива, не выбор игрока",23.012500,23.012500
8,Адепт,mage,6,"Огненный шар: альтернатива, не выбор игрока",22.300000,22.300000
8,Адепт,mammoth,6,"Огненный шар: альтернатива, не выбор игрока",24.437500,24.437500
8,Адепт,medusa,6,"Огненный шар: альтернатива, не выбор игрока",22.300000,22.300000
8,Адепт,night-hag,5,"Огненный шар: альтернатива, не выбор игрока",9.190002,9.190002
8,Адепт,oni,7,"Огненный шар: альтернатива, не выбор игрока",21.587500,21.587500
8,Адепт,otyugh,5,"Огненный шар: альтернатива, не выбор игрока",23.725000,23.725000
8,Адепт,red-dragon-wyrmling,4,"Огненный шар: альтернатива, не выбор игрока",0.000000,0.000000
8,Адепт,remorhaz,11,"Огненный шар: альтернатива, не выбор игрока",0.000000,0.000000
8,Адепт,roc,11,"Огненный шар: альтернатива, не выбор игрока",20.875000,20.875000
8,Адепт,roper,5,"Огненный шар: альтернатива, не выбор игрока",24.437500,24.437500
8,Адепт,salamander,5,"Огненный шар: альтернатива, не выбор игрока",0.000000,0.000000
8,Адепт,shambling-mound,5,"Огненный шар: альтернатива, не выбор игрока",11.968751,11.968751
8,Адепт,shield-guardian,7,"Огненный шар: альтернатива, не выбор игрока",24.437500,24.437500
8,Адепт,spirit-naga,8,"Огненный шар: альтернатива, не выбор игрока",19.450000,19.450000
8,Адепт,stone-giant,7,"Огненный шар: альтернатива, не выбор игрока",20.162500,20.162500
8,Адепт,stone-golem,10,"Огненный шар: альтернатива, не выбор игрока",21.765625,21.765625
8,Адепт,succubus-incubus,4,"Огненный шар: альтернатива, не выбор игрока",10.543751,10.543751
8,Адепт,treant,9,"Огненный шар: альтернатива, не выбор игрока",48.875000,48.875000
8,Адепт,triceratops,5,"Огненный шар: альтернатива, не выбор игрока",24.437500,24.437500
8,Адепт,troll,5,"Огненный шар: альтернатива, не выбор игрока",23.012500,23.012500
8,Адепт,tyrannosaurus-rex,8,"Огненный шар: альтернатива, не выбор игрока",23.725000,23.725000
8,Адепт,unicorn,5,"Огненный шар: альтернатива, не выбор игрока",18.880000,18.880000
8,Адепт,vampire-spawn,5,"Огненный шар: альтернатива, не выбор игрока",19.450000,19.450000
8,Адепт,vrock,6,"Огненный шар: альтернатива, не выбор игрока",8.067814,8.067814
8,Адепт,water-elemental,5,"Огненный шар: альтернатива, не выбор игрока",22.300000,22.300000
8,Адепт,werebear-bear,5,"Огненный шар: альтернатива, не выбор игрока",23.725000,23.725000
8,Адепт,werebear-human,5,"Огненный шар: альтернатива, не выбор игрока",23.725000,23.725000
8,Адепт,werebear-hybrid,5,"Огненный шар: альтернатива, не выбор игрока",23.725000,23.725000
8,Адепт,wereboar-boar,4,"Огненный шар: альтернатива, не выбор игрока",23.725000,23.725000
8,Адепт,wereboar-human,4,"Огненный шар: альтернатива, не выбор игрока",23.725000,23.725000
8,Адепт,wereboar-hybrid,4,"Огненный шар: альтернатива, не выбор игрока",23.725000,23.725000
8,Адепт,weretiger-human,4,"Огненный шар: альтернатива, не выбор игрока",22.300000,22.300000
8,Адепт,weretiger-hybrid,4,"Огненный шар: альтернатива, не выбор игрока",22.300000,22.300000
8,Адепт,weretiger-tiger,4,"Огненный шар: альтернатива, не выбор игрока",22.300000,22.300000
8,Адепт,wraith,5,"Огненный шар: альтернатива, не выбор игрока",10.543751,10.543751
8,Адепт,wyvern,6,"Огненный шар: альтернатива, не выбор игрока",23.725000,23.725000
8,Адепт,xorn,5,"Огненный шар: альтернатива, не выбор игрока",23.725000,23.725000
8,Адепт,young-black-dragon,7,"Огненный шар: альтернатива, не выбор игрока",20.162500,20.162500
8,Адепт,young-blue-dragon,9,"Огненный шар: альтернатива, не выбор игрока",20.875000,20.875000
8,Адепт,young-brass-dragon,6,"Огненный шар: альтернатива, не выбор игрока",0.000000,0.000000
8,Адепт,young-bronze-dragon,8,"Огненный шар: альтернатива, не выбор игрока",21.587500,21.587500
8,Адепт,young-copper-dragon,7,"Огненный шар: альтернатива, не выбор игрока",20.875000,20.875000
8,Адепт,young-gold-dragon,10,"Огненный шар: альтернатива, не выбор игрока",0.000000,0.000000
8,Адепт,young-green-dragon,8,"Огненный шар: альтернатива, не выбор игрока",20.875000,20.875000
8,Адепт,young-red-dragon,10,"Огненный шар: альтернатива, не выбор игрока",0.000000,0.000000
8,Адепт,young-silver-dragon,9,"Огненный шар: альтернатива, не выбор игрока",20.875000,20.875000
8,Адепт,young-white-dragon,6,"Огненный шар: альтернатива, не выбор игрока",21.587500,21.587500
8,Адепт,aboleth,10,Мистическое копьё Раулотима,15.750000,15.750000
8,Адепт,air-elemental,5,Мистическое копьё Раулотима,22.000000,22.000000
8,Адепт,archmage,12,Мистическое копьё Раулотима,12.781250,12.781250
8,Адепт,assassin,8,Мистическое копьё Раулотима,18.250000,18.250000
8,Адепт,barbed-devil,5,Мистическое копьё Раулотима,17.281250,17.281250
8,Адепт,behir,11,Мистическое копьё Раулотима,22.000000,22.000000
8,Адепт,black-pudding,4,Мистическое копьё Раулотима,23.875000,23.875000
8,Адепт,bone-devil,9,Мистическое копьё Раулотима,14.531250,14.531250
8,Адепт,bulette,5,Мистическое копьё Раулотима,23.250000,23.250000
8,Адепт,chain-devil,8,Мистическое копьё Раулотима,18.125000,18.125000
8,Адепт,chimera,6,Мистическое копьё Раулотима,23.250000,23.250000
8,Адепт,chuul,4,Мистическое копьё Раулотима,22.625000,22.625000
8,Адепт,clay-golem,9,Мистическое копьё Раулотима,0.000000,0.000000
8,Адепт,cloaker,8,Мистическое копьё Раулотима,20.125000,20.125000
8,Адепт,cloud-giant,9,Мистическое копьё Раулотима,20.125000,20.125000
8,Адепт,couatl,4,Мистическое копьё Раулотима,0.000000,0.000000
8,Адепт,deva,10,Мистическое копьё Раулотима,15.781250,15.781250
8,Адепт,djinni,11,Мистическое копьё Раулотима,19.500000,19.500000
8,Адепт,drider,6,Мистическое копьё Раулотима,20.125000,20.125000
8,Адепт,earth-elemental,5,Мистическое копьё Раулотима,22.625000,22.625000
8,Адепт,efreeti,11,Мистическое копьё Раулотима,16.375000,16.375000
8,Адепт,elephant,4,Мистическое копьё Раулотима,23.250000,23.250000
8,Адепт,erinyes,12,Мистическое копьё Раулотима,16.500000,16.500000
8,Адепт,ettin,4,Мистическое копьё Раулотима,22.000000,22.000000
8,Адепт,fire-elemental,5,Мистическое копьё Раулотима,22.000000,22.000000
8,Адепт,fire-giant,9,Мистическое копьё Раулотима,20.750000,20.750000
8,Адепт,flesh-golem,5,Мистическое копьё Раулотима,20.000000,20.000000
8,Адепт,frost-giant,8,Мистическое копьё Раулотима,21.375000,21.375000
8,Адепт,ghost,4,Мистическое копьё Раулотима,20.750000,20.750000
8,Адепт,giant-ape,7,Мистическое копьё Раулотима,22.000000,22.000000
8,Адепт,giant-crocodile,5,Мистическое копьё Раулотима,23.250000,23.250000
8,Адепт,giant-shark,5,Мистическое копьё Раулотима,23.875000,23.875000
8,Адепт,glabrezu,9,Мистическое копьё Раулотима,15.125000,15.125000
8,Адепт,gladiator,5,Мистическое копьё Раулотима,20.750000,20.750000
8,Адепт,gorgon,5,Мистическое копьё Раулотима,23.250000,23.250000
8,Адепт,guardian-naga,10,Мистическое копьё Раулотима,16.375000,16.375000
8,Адепт,gynosphinx,11,Мистическое копьё Раулотима,0.000000,0.000000
8,Адепт,half-red-dragon-veteran,5,Мистическое копьё Раулотима,20.750000,20.750000
8,Адепт,hezrou,8,Мистическое копьё Раулотима,21.031250,21.031250
8,Адепт,hill-giant,5,Мистическое копьё Раулотима,22.625000,22.625000
8,Адепт,horned-devil,11,Мистическое копьё Раулотима,17.281250,17.281250
8,Адепт,hydra,8,Мистическое копьё Раулотима,23.250000,23.250000
8,Адепт,invisible-stalker,6,Мистическое копьё Раулотима,20.750000,20.750000
8,Адепт,lamia,4,Мистическое копьё Раулотима,19.500000,19.500000
8,Адепт,mage,6,Мистическое копьё Раулотима,17.000000,17.000000
8,Адепт,mammoth,6,Мистическое копьё Раулотима,23.250000,23.250000
8,Адепт,medusa,6,Мистическое копьё Раулотима,20.125000,20.125000
8,Адепт,night-hag,5,Мистическое копьё Раулотима,15.781250,15.781250
8,Адепт,oni,7,Мистическое копьё Раулотима,19.500000,19.500000
8,Адепт,otyugh,5,Мистическое копьё Раулотима,22.000000,22.000000
8,Адепт,red-dragon-wyrmling,4,Мистическое копьё Раулотима,20.125000,20.125000
8,Адепт,remorhaz,11,Мистическое копьё Раулотима,22.625000,22.625000
8,Адепт,roc,11,Мистическое копьё Раулотима,23.250000,23.250000
8,Адепт,roper,5,Мистическое копьё Раулотима,22.000000,22.000000
8,Адепт,salamander,5,Мистическое копьё Раулотима,20.750000,20.750000
8,Адепт,shambling-mound,5,Мистическое копьё Раулотима,22.625000,22.625000
8,Адепт,shield-guardian,7,Мистическое копьё Раулотима,22.000000,22.000000
8,Адепт,spirit-naga,8,Мистическое копьё Раулотима,18.875000,18.875000
8,Адепт,stone-giant,7,Мистическое копьё Раулотима,20.750000,20.750000
8,Адепт,stone-golem,10,Мистическое копьё Раулотима,0.000000,0.000000
8,Адепт,succubus-incubus,4,Мистическое копьё Раулотима,19.500000,19.500000
8,Адепт,treant,9,Мистическое копьё Раулотима,20.125000,20.125000
8,Адепт,triceratops,5,Мистическое копьё Раулотима,23.250000,23.250000
8,Адепт,troll,5,Мистическое копьё Раулотима,22.000000,22.000000
8,Адепт,tyrannosaurus-rex,8,Мистическое копьё Раулотима,23.250000,23.250000
8,Адепт,unicorn,5,Мистическое копьё Раулотима,18.125000,18.125000
8,Адепт,vampire-spawn,5,Мистическое копьё Раулотима,20.750000,20.750000
8,Адепт,vrock,6,Мистическое копьё Раулотима,19.031250,19.031250
8,Адепт,water-elemental,5,Мистическое копьё Раулотима,22.625000,22.625000
8,Адепт,werebear-bear,5,Мистическое копьё Раулотима,20.750000,20.750000
8,Адепт,werebear-human,5,Мистическое копьё Раулотима,20.750000,20.750000
8,Адепт,werebear-hybrid,5,Мистическое копьё Раулотима,20.750000,20.750000
8,Адепт,wereboar-boar,4,Мистическое копьё Раулотима,20.750000,20.750000
8,Адепт,wereboar-human,4,Мистическое копьё Раулотима,20.750000,20.750000
8,Адепт,wereboar-hybrid,4,Мистическое копьё Раулотима,20.750000,20.750000
8,Адепт,weretiger-human,4,Мистическое копьё Раулотима,20.750000,20.750000
8,Адепт,weretiger-hybrid,4,Мистическое копьё Раулотима,20.750000,20.750000
8,Адепт,weretiger-tiger,4,Мистическое копьё Раулотима,20.750000,20.750000
8,Адепт,wraith,5,Мистическое копьё Раулотима,20.125000,20.125000
8,Адепт,wyvern,6,Мистическое копьё Раулотима,22.625000,22.625000
8,Адепт,xorn,5,Мистическое копьё Раулотима,20.750000,20.750000
8,Адепт,young-black-dragon,7,Мистическое копьё Раулотима,20.125000,20.125000
8,Адепт,young-blue-dragon,9,Мистическое копьё Раулотима,19.500000,19.500000
8,Адепт,young-brass-dragon,6,Мистическое копьё Раулотима,20.125000,20.125000
8,Адепт,young-bronze-dragon,8,Мистическое копьё Раулотима,19.500000,19.500000
8,Адепт,young-copper-dragon,7,Мистическое копьё Раулотима,18.875000,18.875000
8,Адепт,young-gold-dragon,10,Мистическое копьё Раулотима,18.875000,18.875000
8,Адепт,young-green-dragon,8,Мистическое копьё Раулотима,18.875000,18.875000
8,Адепт,young-red-dragon,10,Мистическое копьё Раулотима,19.500000,19.500000
8,Адепт,young-silver-dragon,9,Мистическое копьё Раулотима,19.500000,19.500000
8,Адепт,young-white-dragon,6,Мистическое копьё Раулотима,22.000000,22.000000
8,Адепт,aboleth,10,Ледяная буря: дар IV,24.084105,24.084105
8,Адепт,air-elemental,5,Ледяная буря: дар IV,19.785031,19.785031
8,Адепт,archmage,12,Ледяная буря: дар IV,18.495309,18.495309
8,Адепт,assassin,8,Ледяная буря: дар IV,19.068519,19.068519
8,Адепт,barbed-devil,5,Ледяная буря: дар IV,17.671319,17.671319
8,Адепт,behir,11,Ледяная буря: дар IV,21.218056,21.218056
8,Адепт,black-pudding,4,Ледяная буря: дар IV,8.287500,8.287500
8,Адепт,bone-devil,9,Ледяная буря: дар IV,17.671319,17.671319
8,Адепт,bulette,5,Ледяная буря: дар IV,23.367593,23.367593
8,Адепт,chain-devil,8,Ледяная буря: дар IV,18.495309,18.495309
8,Адепт,chimera,6,Ледяная буря: дар IV,23.367593,23.367593
8,Адепт,chuul,4,Ледяная буря: дар IV,23.367593,23.367593
8,Адепт,clay-golem,9,Ледяная буря: дар IV,21.397184,21.397184
8,Адепт,cloaker,8,Ледяная буря: дар IV,21.934568,21.934568
8,Адепт,cloud-giant,9,Ледяная буря: дар IV,23.367593,23.367593
8,Адепт,couatl,4,Ледяная буря: дар IV,19.785031,19.785031
8,Адепт,deva,10,Ледяная буря: дар IV,16.918981,16.918981
8,Адепт,djinni,11,Ледяная буря: дар IV,19.068519,19.068519
8,Адепт,drider,6,Ледяная буря: дар IV,21.218056,21.218056
8,Адепт,earth-elemental,5,Ледяная буря: дар IV,24.084105,24.084105
8,Адепт,efreeti,11,Ледяная буря: дар IV,22.651080,22.651080
8,Адепт,elephant,4,Ледяная буря: дар IV,24.084105,24.084105
8,Адепт,erinyes,12,Ледяная буря: дар IV,15.091875,15.091875
8,Адепт,ettin,4,Ледяная буря: дар IV,24.084105,24.084105
8,Адепт,fire-elemental,5,Ледяная буря: дар IV,21.218056,21.218056
8,Адепт,fire-giant,9,Ледяная буря: дар IV,21.218056,21.218056
8,Адепт,flesh-golem,5,Ледяная буря: дар IV,21.397184,21.397184
8,Адепт,frost-giant,8,Ледяная буря: дар IV,7.812500,7.812500
8,Адепт,ghost,4,Ледяная буря: дар IV,7.337500,7.337500
8,Адепт,giant-ape,7,Ледяная буря: дар IV,21.934568,21.934568
8,Адепт,giant-crocodile,5,Ледяная буря: дар IV,24.084105,24.084105
8,Адепт,giant-shark,5,Ледяная буря: дар IV,23.367593,23.367593
8,Адепт,glabrezu,9,Ледяная буря: дар IV,18.495309,18.495309
8,Адепт,gladiator,5,Ледяная буря: дар IV,19.785031,19.785031
8,Адепт,gorgon,5,Ледяная буря: дар IV,23.367593,23.367593
8,Адепт,guardian-naga,10,Ледяная буря: дар IV,17.635494,17.635494
8,Адепт,gynosphinx,11,Ледяная буря: дар IV,21.934568,21.934568
8,Адепт,half-red-dragon-veteran,5,Ледяная буря: дар IV,22.651080,22.651080
8,Адепт,hezrou,8,Ледяная буря: дар IV,17.671319,17.671319
8,Адепт,hill-giant,5,Ледяная буря: дар IV,24.084105,24.084105
8,Адепт,horned-devil,11,Ледяная буря: дар IV,15.091875,15.091875
8,Адепт,hydra,8,Ледяная буря: дар IV,22.651080,22.651080
8,Адепт,invisible-stalker,6,Ледяная буря: дар IV,20.501543,20.501543
8,Адепт,lamia,4,Ледяная буря: дар IV,22.651080,22.651080
8,Адепт,mage,6,Ледяная буря: дар IV,21.934568,21.934568
8,Адепт,mammoth,6,Ледяная буря: дар IV,24.084105,24.084105
8,Адепт,medusa,6,Ледяная буря: дар IV,21.934568,21.934568
8,Адепт,night-hag,5,Ледяная буря: дар IV,18.495309,18.495309
8,Адепт,oni,7,Ледяная буря: дар IV,21.218056,21.218056
8,Адепт,otyugh,5,Ледяная буря: дар IV,23.367593,23.367593
8,Адепт,red-dragon-wyrmling,4,Ледяная буря: дар IV,21.934568,21.934568
8,Адепт,remorhaz,11,Ледяная буря: дар IV,7.337500,7.337500
8,Адепт,roc,11,Ледяная буря: дар IV,20.501543,20.501543
8,Адепт,roper,5,Ледяная буря: дар IV,24.084105,24.084105
8,Адепт,salamander,5,Ледяная буря: дар IV,36.769136,36.769136
8,Адепт,shambling-mound,5,Ледяная буря: дар IV,24.084105,24.084105
8,Адепт,shield-guardian,7,Ледяная буря: дар IV,24.084105,24.084105
8,Адепт,spirit-naga,8,Ледяная буря: дар IV,19.068519,19.068519
8,Адепт,stone-giant,7,Ледяная буря: дар IV,19.785031,19.785031
8,Адепт,stone-golem,10,Ледяная буря: дар IV,21.397184,21.397184
8,Адепт,succubus-incubus,4,Ледяная буря: дар IV,21.218056,21.218056
8,Адепт,treant,9,Ледяная буря: дар IV,19.927855,19.927855
8,Адепт,triceratops,5,Ледяная буря: дар IV,24.084105,24.084105
8,Адепт,troll,5,Ледяная буря: дар IV,22.651080,22.651080
8,Адепт,tyrannosaurus-rex,8,Ледяная буря: дар IV,23.367593,23.367593
8,Адепт,unicorn,5,Ледяная буря: дар IV,18.495309,18.495309
8,Адепт,vampire-spawn,5,Ледяная буря: дар IV,19.068519,19.068519
8,Адепт,vrock,6,Ледяная буря: дар IV,16.238295,16.238295
8,Адепт,water-elemental,5,Ледяная буря: дар IV,21.934568,21.934568
8,Адепт,werebear-bear,5,Ледяная буря: дар IV,23.367593,23.367593
8,Адепт,werebear-human,5,Ледяная буря: дар IV,23.367593,23.367593
8,Адепт,werebear-hybrid,5,Ледяная буря: дар IV,23.367593,23.367593
8,Адепт,wereboar-boar,4,Ледяная буря: дар IV,23.367593,23.367593
8,Адепт,wereboar-human,4,Ледяная буря: дар IV,23.367593,23.367593
8,Адепт,wereboar-hybrid,4,Ледяная буря: дар IV,23.367593,23.367593
8,Адепт,weretiger-human,4,Ледяная буря: дар IV,21.934568,21.934568
8,Адепт,weretiger-hybrid,4,Ледяная буря: дар IV,21.934568,21.934568
8,Адепт,weretiger-tiger,4,Ледяная буря: дар IV,21.934568,21.934568
8,Адепт,wraith,5,Ледяная буря: дар IV,21.218056,21.218056
8,Адепт,wyvern,6,Ледяная буря: дар IV,23.367593,23.367593
8,Адепт,xorn,5,Ледяная буря: дар IV,23.367593,23.367593
8,Адепт,young-black-dragon,7,Ледяная буря: дар IV,19.785031,19.785031
8,Адепт,young-blue-dragon,9,Ледяная буря: дар IV,20.501543,20.501543
8,Адепт,young-brass-dragon,6,Ледяная буря: дар IV,21.218056,21.218056
8,Адепт,young-bronze-dragon,8,Ледяная буря: дар IV,21.218056,21.218056
8,Адепт,young-copper-dragon,7,Ледяная буря: дар IV,20.501543,20.501543
8,Адепт,young-gold-dragon,10,Ледяная буря: дар IV,19.068519,19.068519
8,Адепт,young-green-dragon,8,Ледяная буря: дар IV,20.501543,20.501543
8,Адепт,young-red-dragon,10,Ледяная буря: дар IV,20.501543,20.501543
8,Адепт,young-silver-dragon,9,Ледяная буря: дар IV,6.625000,6.625000
8,Адепт,young-white-dragon,6,Ледяная буря: дар IV,6.862500,6.862500
8,Адепт,aboleth,10,Болезненное сияние: один контакт,8.800000,8.800000
8,Адепт,air-elemental,5,Болезненное сияние: один контакт,13.200000,13.200000
8,Адепт,archmage,12,Болезненное сияние: один контакт,9.295000,9.295000
8,Адепт,assassin,8,Болезненное сияние: один контакт,13.200000,13.200000
8,Адепт,barbed-devil,5,Болезненное сияние: один контакт,2.695000,2.695000
8,Адепт,behir,11,Болезненное сияние: один контакт,11.000000,11.000000
8,Адепт,black-pudding,4,Болезненное сияние: один контакт,12.100000,12.100000
8,Адепт,bone-devil,9,Болезненное сияние: один контакт,5.500000,5.500000
8,Адепт,bulette,5,Болезненное сияние: один контакт,9.900000,9.900000
8,Адепт,chain-devil,8,Болезненное сияние: один контакт,2.695000,2.695000
8,Адепт,chimera,6,Болезненное сияние: один контакт,11.000000,11.000000
8,Адепт,chuul,4,Болезненное сияние: один контакт,12.100000,12.100000
8,Адепт,clay-golem,9,Болезненное сияние: один контакт,5.500000,5.500000
8,Адепт,cloaker,8,Болезненное сияние: один контакт,14.300000,14.300000
8,Адепт,cloud-giant,9,Болезненное сияние: один контакт,4.400000,4.400000
8,Адепт,couatl,4,Болезненное сияние: один контакт,4.837500,4.837500
8,Адепт,deva,10,Болезненное сияние: один контакт,2.687500,2.687500
8,Адепт,djinni,11,Болезненное сияние: один контакт,8.800000,8.800000
8,Адепт,drider,6,Болезненное сияние: один контакт,11.000000,11.000000
8,Адепт,earth-elemental,5,Болезненное сияние: один контакт,9.900000,9.900000
8,Адепт,efreeti,11,Болезненное сияние: один контакт,7.700000,7.700000
8,Адепт,elephant,4,Болезненное сияние: один контакт,12.100000,12.100000
8,Адепт,erinyes,12,Болезненное сияние: один контакт,1.980000,1.980000
8,Адепт,ettin,4,Болезненное сияние: один контакт,12.100000,12.100000
8,Адепт,fire-elemental,5,Болезненное сияние: один контакт,12.100000,12.100000
8,Адепт,fire-giant,9,Болезненное сияние: один контакт,4.400000,4.400000
8,Адепт,flesh-golem,5,Болезненное сияние: один контакт,5.500000,5.500000
8,Адепт,frost-giant,8,Болезненное сияние: один контакт,6.600000,6.600000
8,Адепт,ghost,4,Болезненное сияние: один контакт,15.400000,15.400000
8,Адепт,giant-ape,7,Болезненное сияние: один контакт,11.000000,11.000000
8,Адепт,giant-crocodile,5,Болезненное сияние: один контакт,12.100000,12.100000
8,Адепт,giant-shark,5,Болезненное сияние: один контакт,9.900000,9.900000
8,Адепт,glabrezu,9,Болезненное сияние: один контакт,1.375000,1.375000
8,Адепт,gladiator,5,Болезненное сияние: один контакт,8.800000,8.800000
8,Адепт,gorgon,5,Болезненное сияние: один контакт,11.000000,11.000000
8,Адепт,guardian-naga,10,Болезненное сияние: один контакт,7.700000,7.700000
8,Адепт,gynosphinx,11,Болезненное сияние: один контакт,12.100000,12.100000
8,Адепт,half-red-dragon-veteran,5,Болезненное сияние: один контакт,13.200000,13.200000
8,Адепт,hezrou,8,Болезненное сияние: один контакт,1.980000,1.980000
8,Адепт,hill-giant,5,Болезненное сияние: один контакт,11.000000,11.000000
8,Адепт,horned-devil,11,Болезненное сияние: один контакт,4.455000,4.455000
8,Адепт,hydra,8,Болезненное сияние: один контакт,9.900000,9.900000
8,Адепт,invisible-stalker,6,Болезненное сияние: один контакт,13.200000,13.200000
8,Адепт,lamia,4,Болезненное сияние: один контакт,13.200000,13.200000
8,Адепт,mage,6,Болезненное сияние: один контакт,15.400000,15.400000
8,Адепт,mammoth,6,Болезненное сияние: один контакт,9.900000,9.900000
8,Адепт,medusa,6,Болезненное сияние: один контакт,12.100000,12.100000
8,Адепт,night-hag,5,Болезненное сияние: один контакт,6.655000,6.655000
8,Адепт,oni,7,Болезненное сияние: один контакт,8.800000,8.800000
8,Адепт,otyugh,5,Болезненное сияние: один контакт,7.700000,7.700000
8,Адепт,red-dragon-wyrmling,4,Болезненное сияние: один контакт,9.900000,9.900000
8,Адепт,remorhaz,11,Болезненное сияние: один контакт,9.900000,9.900000
8,Адепт,roc,11,Болезненное сияние: один контакт,5.500000,5.500000
8,Адепт,roper,5,Болезненное сияние: один контакт,12.100000,12.100000
8,Адепт,salamander,5,Болезненное сияние: один контакт,13.200000,13.200000
8,Адепт,shambling-mound,5,Болезненное сияние: один контакт,12.100000,12.100000
8,Адепт,shield-guardian,7,Болезненное сияние: один контакт,11.000000,11.000000
8,Адепт,spirit-naga,8,Болезненное сияние: один контакт,9.900000,9.900000
8,Адепт,stone-giant,7,Болезненное сияние: один контакт,6.600000,6.600000
8,Адепт,stone-golem,10,Болезненное сияние: один контакт,4.455000,4.455000
8,Адепт,succubus-incubus,4,Болезненное сияние: один контакт,14.300000,14.300000
8,Адепт,treant,9,Болезненное сияние: один контакт,9.900000,9.900000
8,Адепт,triceratops,5,Болезненное сияние: один контакт,12.100000,12.100000
8,Адепт,troll,5,Болезненное сияние: один контакт,9.900000,9.900000
8,Адепт,tyrannosaurus-rex,8,Болезненное сияние: один контакт,11.000000,11.000000
8,Адепт,unicorn,5,Болезненное сияние: один контакт,7.920000,7.920000
8,Адепт,vampire-spawn,5,Болезненное сияние: один контакт,12.100000,12.100000
8,Адепт,vrock,6,Болезненное сияние: один контакт,5.500000,5.500000
8,Адепт,water-elemental,5,Болезненное сияние: один контакт,11.000000,11.000000
8,Адепт,werebear-bear,5,Болезненное сияние: один контакт,12.100000,12.100000
8,Адепт,werebear-human,5,Болезненное сияние: один контакт,12.100000,12.100000
8,Адепт,werebear-hybrid,5,Болезненное сияние: один контакт,12.100000,12.100000
8,Адепт,wereboar-boar,4,Болезненное сияние: один контакт,13.200000,13.200000
8,Адепт,wereboar-human,4,Болезненное сияние: один контакт,13.200000,13.200000
8,Адепт,wereboar-hybrid,4,Болезненное сияние: один контакт,13.200000,13.200000
8,Адепт,weretiger-human,4,Болезненное сияние: один контакт,12.100000,12.100000
8,Адепт,weretiger-hybrid,4,Болезненное сияние: один контакт,12.100000,12.100000
8,Адепт,weretiger-tiger,4,Болезненное сияние: один контакт,12.100000,12.100000
8,Адепт,wraith,5,Болезненное сияние: один контакт,12.100000,12.100000
8,Адепт,wyvern,6,Болезненное сияние: один контакт,12.100000,12.100000
8,Адепт,xorn,5,Болезненное сияние: один контакт,8.800000,8.800000
8,Адепт,young-black-dragon,7,Болезненное сияние: один контакт,8.800000,8.800000
8,Адепт,young-blue-dragon,9,Болезненное сияние: один контакт,6.600000,6.600000
8,Адепт,young-brass-dragon,6,Болезненное сияние: один контакт,8.800000,8.800000
8,Адепт,young-bronze-dragon,8,Болезненное сияние: один контакт,7.700000,7.700000
8,Адепт,young-copper-dragon,7,Болезненное сияние: один контакт,8.800000,8.800000
8,Адепт,young-gold-dragon,10,Болезненное сияние: один контакт,5.500000,5.500000
8,Адепт,young-green-dragon,8,Болезненное сияние: один контакт,8.800000,8.800000
8,Адепт,young-red-dragon,10,Болезненное сияние: один контакт,5.500000,5.500000
8,Адепт,young-silver-dragon,9,Болезненное сияние: один контакт,5.500000,5.500000
8,Адепт,young-white-dragon,6,Болезненное сияние: один контакт,7.700000,7.700000
9,Харизма,aboleth,10,"Хроматический шар: холод, ячейка I",12.700000,12.700000
9,Харизма,air-elemental,5,"Хроматический шар: холод, ячейка I",14.550000,14.550000
9,Харизма,archmage,12,"Хроматический шар: холод, ячейка I",14.550000,14.550000
9,Харизма,assassin,8,"Хроматический шар: холод, ячейка I",14.550000,14.550000
9,Харизма,barbed-devil,5,"Хроматический шар: холод, ячейка I",7.087500,7.087500
9,Харизма,behir,11,"Хроматический шар: холод, ячейка I",12.700000,12.700000
9,Харизма,black-pudding,4,"Хроматический шар: холод, ячейка I",0.000000,0.000000
9,Харизма,bone-devil,9,"Хроматический шар: холод, ячейка I",5.287500,5.287500
9,Харизма,bulette,5,"Хроматический шар: холод, ячейка I",12.700000,12.700000
9,Харизма,chain-devil,8,"Хроматический шар: холод, ячейка I",6.637500,6.637500
9,Харизма,chimera,6,"Хроматический шар: холод, ячейка I",15.475000,15.475000
9,Харизма,chuul,4,"Хроматический шар: холод, ячейка I",13.625000,13.625000
9,Харизма,clay-golem,9,"Хроматический шар: холод, ячейка I",15.475000,15.475000
9,Харизма,cloaker,8,"Хроматический шар: холод, ячейка I",15.475000,15.475000
9,Харизма,cloud-giant,9,"Хроматический шар: холод, ячейка I",15.475000,15.475000
9,Харизма,couatl,4,"Хроматический шар: холод, ячейка I",10.850000,10.850000
9,Харизма,deva,10,"Хроматический шар: холод, ячейка I",12.700000,12.700000
9,Харизма,djinni,11,"Хроматический шар: холод, ячейка I",12.700000,12.700000
9,Харизма,drider,6,"Хроматический шар: холод, ячейка I",10.850000,10.850000
9,Харизма,earth-elemental,5,"Хроматический шар: холод, ячейка I",12.700000,12.700000
9,Харизма,efreeti,11,"Хроматический шар: холод, ячейка I",12.700000,12.700000
9,Харизма,elephant,4,"Хроматический шар: холод, ячейка I",17.325000,17.325000
9,Харизма,erinyes,12,"Хроматический шар: холод, ячейка I",5.737500,5.737500
9,Харизма,ettin,4,"Хроматический шар: холод, ячейка I",17.325000,17.325000
9,Харизма,fire-elemental,5,"Хроматический шар: холод, ячейка I",16.400000,16.400000
9,Харизма,fire-giant,9,"Хроматический шар: холод, ячейка I",11.775000,11.775000
9,Харизма,flesh-golem,5,"Хроматический шар: холод, ячейка I",18.250000,18.250000
9,Харизма,frost-giant,8,"Хроматический шар: холод, ячейка I",0.000000,0.000000
9,Харизма,ghost,4,"Хроматический шар: холод, ячейка I",0.000000,0.000000
9,Харизма,giant-ape,7,"Хроматический шар: холод, ячейка I",17.325000,17.325000
9,Харизма,giant-crocodile,5,"Хроматический шар: холод, ячейка I",15.475000,15.475000
9,Харизма,giant-shark,5,"Хроматический шар: холод, ячейка I",16.400000,16.400000
9,Харизма,glabrezu,9,"Хроматический шар: холод, ячейка I",6.187500,6.187500
9,Харизма,gladiator,5,"Хроматический шар: холод, ячейка I",13.625000,13.625000
9,Харизма,gorgon,5,"Хроматический шар: холод, ячейка I",10.850000,10.850000
9,Харизма,guardian-naga,10,"Хроматический шар: холод, ячейка I",11.775000,11.775000
9,Харизма,gynosphinx,11,"Хроматический шар: холод, ячейка I",12.700000,12.700000
9,Харизма,half-red-dragon-veteran,5,"Хроматический шар: холод, ячейка I",11.775000,11.775000
9,Харизма,hezrou,8,"Хроматический шар: холод, ячейка I",6.637500,6.637500
9,Харизма,hill-giant,5,"Хроматический шар: холод, ячейка I",16.400000,16.400000
9,Харизма,horned-devil,11,"Хроматический шар: холод, ячейка I",5.737500,5.737500
9,Харизма,hydra,8,"Хроматический шар: холод, ячейка I",14.550000,14.550000
9,Харизма,invisible-stalker,6,"Хроматический шар: холод, ячейка I",15.475000,15.475000
9,Харизма,lamia,4,"Хроматический шар: холод, ячейка I",16.400000,16.400000
9,Харизма,mage,6,"Хроматический шар: холод, ячейка I",14.550000,14.550000
9,Харизма,mammoth,6,"Хроматический шар: холод, ячейка I",16.400000,16.400000
9,Харизма,medusa,6,"Хроматический шар: холод, ячейка I",14.550000,14.550000
9,Харизма,night-hag,5,"Хроматический шар: холод, ячейка I",6.187500,6.187500
9,Харизма,oni,7,"Хроматический шар: холод, ячейка I",13.625000,13.625000
9,Харизма,otyugh,5,"Хроматический шар: холод, ячейка I",15.475000,15.475000
9,Харизма,red-dragon-wyrmling,4,"Хроматический шар: холод, ячейка I",12.700000,12.700000
9,Харизма,remorhaz,11,"Хроматический шар: холод, ячейка I",0.000000,0.000000
9,Харизма,roc,11,"Хроматический шар: холод, ячейка I",14.550000,14.550000
9,Харизма,roper,5,"Хроматический шар: холод, ячейка I",9.925000,9.925000
9,Харизма,salamander,5,"Хроматический шар: холод, ячейка I",29.100000,29.100000
9,Харизма,shambling-mound,5,"Хроматический шар: холод, ячейка I",7.087500,7.087500
9,Харизма,shield-guardian,7,"Хроматический шар: холод, ячейка I",12.700000,12.700000
9,Харизма,spirit-naga,8,"Хроматический шар: холод, ячейка I",14.550000,14.550000
9,Харизма,stone-giant,7,"Хроматический шар: холод, ячейка I",12.700000,12.700000
9,Харизма,stone-golem,10,"Хроматический шар: холод, ячейка I",12.700000,12.700000
9,Харизма,succubus-incubus,4,"Хроматический шар: холод, ячейка I",7.087500,7.087500
9,Харизма,treant,9,"Хроматический шар: холод, ячейка I",13.625000,13.625000
9,Харизма,triceratops,5,"Хроматический шар: холод, ячейка I",16.400000,16.400000
9,Харизма,troll,5,"Хроматический шар: холод, ячейка I",14.550000,14.550000
9,Харизма,tyrannosaurus-rex,8,"Хроматический шар: холод, ячейка I",16.400000,16.400000
9,Харизма,unicorn,5,"Хроматический шар: холод, ячейка I",17.325000,17.325000
9,Харизма,vampire-spawn,5,"Хроматический шар: холод, ячейка I",14.550000,14.550000
9,Харизма,vrock,6,"Хроматический шар: холод, ячейка I",7.087500,7.087500
9,Харизма,water-elemental,5,"Хроматический шар: холод, ячейка I",15.475000,15.475000
9,Харизма,werebear-bear,5,"Хроматический шар: холод, ячейка I",18.250000,18.250000
9,Харизма,werebear-human,5,"Хроматический шар: холод, ячейка I",18.250000,18.250000
9,Харизма,werebear-hybrid,5,"Хроматический шар: холод, ячейка I",18.250000,18.250000
9,Харизма,wereboar-boar,4,"Хроматический шар: холод, ячейка I",18.250000,18.250000
9,Харизма,wereboar-human,4,"Хроматический шар: холод, ячейка I",18.250000,18.250000
9,Харизма,wereboar-hybrid,4,"Хроматический шар: холод, ячейка I",18.250000,18.250000
9,Харизма,weretiger-human,4,"Хроматический шар: холод, ячейка I",17.325000,17.325000
9,Харизма,weretiger-hybrid,4,"Хроматический шар: холод, ячейка I",17.325000,17.325000
9,Харизма,weretiger-tiger,4,"Хроматический шар: холод, ячейка I",17.325000,17.325000
9,Харизма,wraith,5,"Хроматический шар: холод, ячейка I",7.987500,7.987500
9,Харизма,wyvern,6,"Хроматический шар: холод, ячейка I",16.400000,16.400000
9,Харизма,xorn,5,"Хроматический шар: холод, ячейка I",10.850000,10.850000
9,Харизма,young-black-dragon,7,"Хроматический шар: холод, ячейка I",11.775000,11.775000
9,Харизма,young-blue-dragon,9,"Хроматический шар: холод, ячейка I",11.775000,11.775000
9,Харизма,young-brass-dragon,6,"Хроматический шар: холод, ячейка I",12.700000,12.700000
9,Харизма,young-bronze-dragon,8,"Хроматический шар: холод, ячейка I",11.775000,11.775000
9,Харизма,young-copper-dragon,7,"Хроматический шар: холод, ячейка I",12.700000,12.700000
9,Харизма,young-gold-dragon,10,"Хроматический шар: холод, ячейка I",11.775000,11.775000
9,Харизма,young-green-dragon,8,"Хроматический шар: холод, ячейка I",11.775000,11.775000
9,Харизма,young-red-dragon,10,"Хроматический шар: холод, ячейка I",11.775000,11.775000
9,Харизма,young-silver-dragon,9,"Хроматический шар: холод, ячейка I",0.000000,0.000000
9,Харизма,young-white-dragon,6,"Хроматический шар: холод, ячейка I",0.000000,0.000000
9,Харизма,aboleth,10,Психическая плеть Таши,7.200000,7.200000
9,Харизма,air-elemental,5,Психическая плеть Таши,9.950000,9.950000
9,Харизма,archmage,12,Психическая плеть Таши,5.673750,5.673750
9,Харизма,assassin,8,Психическая плеть Таши,8.300000,8.300000
9,Харизма,barbed-devil,5,Психическая плеть Таши,8.093750,8.093750
9,Харизма,behir,11,Психическая плеть Таши,9.950000,9.950000
9,Харизма,black-pudding,4,Психическая плеть Таши,10.500000,10.500000
9,Харизма,bone-devil,9,Психическая плеть Таши,6.663750,6.663750
9,Харизма,bulette,5,Психическая плеть Таши,10.500000,10.500000
9,Харизма,chain-devil,8,Психическая плеть Таши,8.520000,8.520000
9,Харизма,chimera,6,Психическая плеть Таши,10.500000,10.500000
9,Харизма,chuul,4,Психическая плеть Таши,10.225000,10.225000
9,Харизма,clay-golem,9,Психическая плеть Таши,0.000000,0.000000
9,Харизма,cloaker,8,Психическая плеть Таши,9.125000,9.125000
9,Харизма,cloud-giant,9,Психическая плеть Таши,9.125000,9.125000
9,Харизма,couatl,4,Психическая плеть Таши,0.000000,0.000000
9,Харизма,deva,10,Психическая плеть Таши,7.323750,7.323750
9,Харизма,djinni,11,Психическая плеть Таши,8.850000,8.850000
9,Харизма,drider,6,Психическая плеть Таши,9.125000,9.125000
9,Харизма,earth-elemental,5,Психическая плеть Таши,10.225000,10.225000
9,Харизма,efreeti,11,Психическая плеть Таши,7.475000,7.475000
9,Харизма,elephant,4,Психическая плеть Таши,10.500000,10.500000
9,Харизма,erinyes,12,Психическая плеть Таши,7.695000,7.695000
9,Харизма,ettin,4,Психическая плеть Таши,9.950000,9.950000
9,Харизма,fire-elemental,5,Психическая плеть Таши,9.950000,9.950000
9,Харизма,fire-giant,9,Психическая плеть Таши,9.400000,9.400000
9,Харизма,flesh-golem,5,Психическая плеть Таши,9.455000,9.455000
9,Харизма,frost-giant,8,Психическая плеть Таши,9.675000,9.675000
9,Харизма,ghost,4,Психическая плеть Таши,9.400000,9.400000
9,Харизма,giant-ape,7,Психическая плеть Таши,9.950000,9.950000
9,Харизма,giant-crocodile,5,Психическая плеть Таши,10.500000,10.500000
9,Харизма,giant-shark,5,Психическая плеть Таши,10.500000,10.500000
9,Харизма,glabrezu,9,Психическая плеть Таши,6.980000,6.980000
9,Харизма,gladiator,5,Психическая плеть Таши,9.400000,9.400000
9,Харизма,gorgon,5,Психическая плеть Таши,10.500000,10.500000
9,Харизма,guardian-naga,10,Психическая плеть Таши,7.475000,7.475000
9,Харизма,gynosphinx,11,Психическая плеть Таши,0.000000,0.000000
9,Харизма,half-red-dragon-veteran,5,Психическая плеть Таши,9.400000,9.400000
9,Харизма,hezrou,8,Психическая плеть Таши,9.963750,9.963750
9,Харизма,hill-giant,5,Психическая плеть Таши,10.225000,10.225000
9,Харизма,horned-devil,11,Психическая плеть Таши,8.093750,8.093750
9,Харизма,hydra,8,Психическая плеть Таши,10.500000,10.500000
9,Харизма,invisible-stalker,6,Психическая плеть Таши,9.400000,9.400000
9,Харизма,lamia,4,Психическая плеть Таши,8.850000,8.850000
9,Харизма,mage,6,Психическая плеть Таши,7.750000,7.750000
9,Харизма,mammoth,6,Психическая плеть Таши,10.500000,10.500000
9,Харизма,medusa,6,Психическая плеть Таши,9.125000,9.125000
9,Харизма,night-hag,5,Психическая плеть Таши,7.323750,7.323750
9,Харизма,oni,7,Психическая плеть Таши,8.850000,8.850000
9,Харизма,otyugh,5,Психическая плеть Таши,9.950000,9.950000
9,Харизма,red-dragon-wyrmling,4,Психическая плеть Таши,9.125000,9.125000
9,Харизма,remorhaz,11,Психическая плеть Таши,10.225000,10.225000
9,Харизма,roc,11,Психическая плеть Таши,10.500000,10.500000
9,Харизма,roper,5,Психическая плеть Таши,9.950000,9.950000
9,Харизма,salamander,5,Психическая плеть Таши,9.400000,9.400000
9,Харизма,shambling-mound,5,Психическая плеть Таши,10.225000,10.225000
9,Харизма,shield-guardian,7,Психическая плеть Таши,9.950000,9.950000
9,Харизма,spirit-naga,8,Психическая плеть Таши,8.575000,8.575000
9,Харизма,stone-giant,7,Психическая плеть Таши,9.400000,9.400000
9,Харизма,stone-golem,10,Психическая плеть Таши,0.000000,0.000000
9,Харизма,succubus-incubus,4,Психическая плеть Таши,8.850000,8.850000
9,Харизма,treant,9,Психическая плеть Таши,9.125000,9.125000
9,Харизма,triceratops,5,Психическая плеть Таши,10.500000,10.500000
9,Харизма,troll,5,Психическая плеть Таши,9.950000,9.950000
9,Харизма,tyrannosaurus-rex,8,Психическая плеть Таши,10.500000,10.500000
9,Харизма,unicorn,5,Психическая плеть Таши,8.520000,8.520000
9,Харизма,vampire-spawn,5,Психическая плеть Таши,9.400000,9.400000
9,Харизма,vrock,6,Психическая плеть Таши,8.973750,8.973750
9,Харизма,water-elemental,5,Психическая плеть Таши,10.225000,10.225000
9,Харизма,werebear-bear,5,Психическая плеть Таши,9.400000,9.400000
9,Харизма,werebear-human,5,Психическая плеть Таши,9.400000,9.400000
9,Харизма,werebear-hybrid,5,Психическая плеть Таши,9.400000,9.400000
9,Харизма,wereboar-boar,4,Психическая плеть Таши,9.400000,9.400000
9,Харизма,wereboar-human,4,Психическая плеть Таши,9.400000,9.400000
9,Харизма,wereboar-hybrid,4,Психическая плеть Таши,9.400000,9.400000
9,Харизма,weretiger-human,4,Психическая плеть Таши,9.400000,9.400000
9,Харизма,weretiger-hybrid,4,Психическая плеть Таши,9.400000,9.400000
9,Харизма,weretiger-tiger,4,Психическая плеть Таши,9.400000,9.400000
9,Харизма,wraith,5,Психическая плеть Таши,9.125000,9.125000
9,Харизма,wyvern,6,Психическая плеть Таши,10.225000,10.225000
9,Харизма,xorn,5,Психическая плеть Таши,9.400000,9.400000
9,Харизма,young-black-dragon,7,Психическая плеть Таши,9.125000,9.125000
9,Харизма,young-blue-dragon,9,Психическая плеть Таши,8.850000,8.850000
9,Харизма,young-brass-dragon,6,Психическая плеть Таши,9.125000,9.125000
9,Харизма,young-bronze-dragon,8,Психическая плеть Таши,8.850000,8.850000
9,Харизма,young-copper-dragon,7,Психическая плеть Таши,8.575000,8.575000
9,Харизма,young-gold-dragon,10,Психическая плеть Таши,8.575000,8.575000
9,Харизма,young-green-dragon,8,Психическая плеть Таши,8.575000,8.575000
9,Харизма,young-red-dragon,10,Психическая плеть Таши,8.850000,8.850000
9,Харизма,young-silver-dragon,9,Психическая плеть Таши,8.850000,8.850000
9,Харизма,young-white-dragon,6,Психическая плеть Таши,9.950000,9.950000
9,Харизма,aboleth,10,Псионический заряд,20.775000,20.775000
9,Харизма,air-elemental,5,Псионический заряд,17.325000,17.325000
9,Харизма,archmage,12,Псионический заряд,16.635000,16.635000
9,Харизма,assassin,8,Псионический заряд,16.750000,16.750000
9,Харизма,barbed-devil,5,Псионический заряд,15.858750,15.858750
9,Харизма,behir,11,Псионический заряд,18.475000,18.475000
9,Харизма,black-pudding,4,Псионический заряд,21.925000,21.925000
9,Харизма,bone-devil,9,Псионический заряд,15.858750,15.858750
9,Харизма,bulette,5,Псионический заряд,20.200000,20.200000
9,Харизма,chain-devil,8,Псионический заряд,16.635000,16.635000
9,Харизма,chimera,6,Псионический заряд,20.200000,20.200000
9,Харизма,chuul,4,Псионический заряд,20.200000,20.200000
9,Харизма,clay-golem,9,Псионический заряд,19.308750,19.308750
9,Харизма,cloaker,8,Псионический заряд,19.050000,19.050000
9,Харизма,cloud-giant,9,Псионический заряд,20.200000,20.200000
9,Харизма,couatl,4,Псионический заряд,17.325000,17.325000
9,Харизма,deva,10,Псионический заряд,15.140000,15.140000
9,Харизма,djinni,11,Псионический заряд,16.750000,16.750000
9,Харизма,drider,6,Псионический заряд,18.475000,18.475000
9,Харизма,earth-elemental,5,Псионический заряд,20.775000,20.775000
9,Харизма,efreeti,11,Псионический заряд,19.625000,19.625000
9,Харизма,elephant,4,Псионический заряд,20.775000,20.775000
9,Харизма,erinyes,12,Псионический заряд,13.328750,13.328750
9,Харизма,ettin,4,Псионический заряд,20.775000,20.775000
9,Харизма,fire-elemental,5,Псионический заряд,18.475000,18.475000
9,Харизма,fire-giant,9,Псионический заряд,18.475000,18.475000
9,Харизма,flesh-golem,5,Псионический заряд,19.308750,19.308750
9,Харизма,frost-giant,8,Псионический заряд,20.775000,20.775000
9,Харизма,ghost,4,Псионический заряд,19.625000,19.625000
9,Харизма,giant-ape,7,Псионический заряд,19.050000,19.050000
9,Харизма,giant-crocodile,5,Псионический заряд,20.775000,20.775000
9,Харизма,giant-shark,5,Псионический заряд,20.200000,20.200000
9,Харизма,glabrezu,9,Псионический заряд,16.635000,16.635000
9,Харизма,gladiator,5,Псионический заряд,17.325000,17.325000
9,Харизма,gorgon,5,Псионический заряд,20.200000,20.200000
9,Харизма,guardian-naga,10,Псионический заряд,15.600000,15.600000
9,Харизма,gynosphinx,11,Псионический заряд,19.050000,19.050000
9,Харизма,half-red-dragon-veteran,5,Псионический заряд,19.625000,19.625000
9,Харизма,hezrou,8,Псионический заряд,15.858750,15.858750
9,Харизма,hill-giant,5,Псионический заряд,20.775000,20.775000
9,Харизма,horned-devil,11,Псионический заряд,13.328750,13.328750
9,Харизма,hydra,8,Псионический заряд,19.625000,19.625000
9,Харизма,invisible-stalker,6,Псионический заряд,17.900000,17.900000
9,Харизма,lamia,4,Псионический заряд,19.625000,19.625000
9,Харизма,mage,6,Псионический заряд,19.050000,19.050000
9,Харизма,mammoth,6,Псионический заряд,20.775000,20.775000
9,Харизма,medusa,6,Псионический заряд,19.050000,19.050000
9,Харизма,night-hag,5,Псионический заряд,16.635000,16.635000
9,Харизма,oni,7,Псионический заряд,18.475000,18.475000
9,Харизма,otyugh,5,Псионический заряд,20.200000,20.200000
9,Харизма,red-dragon-wyrmling,4,Псионический заряд,19.050000,19.050000
9,Харизма,remorhaz,11,Псионический заряд,19.625000,19.625000
9,Харизма,roc,11,Псионический заряд,17.900000,17.900000
9,Харизма,roper,5,Псионический заряд,20.775000,20.775000
9,Харизма,salamander,5,Псионический заряд,19.050000,19.050000
9,Харизма,shambling-mound,5,Псионический заряд,20.775000,20.775000
9,Харизма,shield-guardian,7,Псионический заряд,20.775000,20.775000
9,Харизма,spirit-naga,8,Псионический заряд,16.750000,16.750000
9,Харизма,stone-giant,7,Псионический заряд,17.325000,17.325000
9,Харизма,stone-golem,10,Псионический заряд,19.308750,19.308750
9,Харизма,succubus-incubus,4,Псионический заряд,18.475000,18.475000
9,Харизма,treant,9,Псионический заряд,20.775000,20.775000
9,Харизма,triceratops,5,Псионический заряд,20.775000,20.775000
9,Харизма,troll,5,Псионический заряд,19.625000,19.625000
9,Харизма,tyrannosaurus-rex,8,Псионический заряд,20.200000,20.200000
9,Харизма,unicorn,5,Псионический заряд,16.635000,16.635000
9,Харизма,vampire-spawn,5,Псионический заряд,16.750000,16.750000
9,Харизма,vrock,6,Псионический заряд,14.478750,14.478750
9,Харизма,water-elemental,5,Псионический заряд,19.050000,19.050000
9,Харизма,werebear-bear,5,Псионический заряд,20.200000,20.200000
9,Харизма,werebear-human,5,Псионический заряд,20.200000,20.200000
9,Харизма,werebear-hybrid,5,Псионический заряд,20.200000,20.200000
9,Харизма,wereboar-boar,4,Псионический заряд,20.200000,20.200000
9,Харизма,wereboar-human,4,Псионический заряд,20.200000,20.200000
9,Харизма,wereboar-hybrid,4,Псионический заряд,20.200000,20.200000
9,Харизма,weretiger-human,4,Псионический заряд,19.050000,19.050000
9,Харизма,weretiger-hybrid,4,Псионический заряд,19.050000,19.050000
9,Харизма,weretiger-tiger,4,Псионический заряд,19.050000,19.050000
9,Харизма,wraith,5,Псионический заряд,18.475000,18.475000
9,Харизма,wyvern,6,Псионический заряд,20.200000,20.200000
9,Харизма,xorn,5,Псионический заряд,20.200000,20.200000
9,Харизма,young-black-dragon,7,Псионический заряд,17.325000,17.325000
9,Харизма,young-blue-dragon,9,Псионический заряд,17.900000,17.900000
9,Харизма,young-brass-dragon,6,Псионический заряд,18.475000,18.475000
9,Харизма,young-bronze-dragon,8,Псионический заряд,18.475000,18.475000
9,Харизма,young-copper-dragon,7,Псионический заряд,17.900000,17.900000
9,Харизма,young-gold-dragon,10,Псионический заряд,16.750000,16.750000
9,Харизма,young-green-dragon,8,Псионический заряд,17.900000,17.900000
9,Харизма,young-red-dragon,10,Псионический заряд,17.900000,17.900000
9,Харизма,young-silver-dragon,9,Псионический заряд,17.900000,17.900000
9,Харизма,young-white-dragon,6,Псионический заряд,18.475000,18.475000
9,Харизма,aboleth,10,Застывшие лезвия: одно срабатывание,20.737500,20.737500
9,Харизма,air-elemental,5,Застывшие лезвия: одно срабатывание,17.212500,17.212500
9,Харизма,archmage,12,Застывшие лезвия: одно срабатывание,16.507500,16.507500
9,Харизма,assassin,8,Застывшие лезвия: одно срабатывание,16.625000,16.625000
9,Харизма,barbed-devil,5,Застывшие лезвия: одно срабатывание,10.024375,10.024375
9,Харизма,behir,11,Застывшие лезвия: одно срабатывание,18.387500,18.387500
9,Харизма,black-pudding,4,Застывшие лезвия: одно срабатывание,0.000000,0.000000
9,Харизма,bone-devil,9,Застывшие лезвия: одно срабатывание,10.024375,10.024375
9,Харизма,bulette,5,Застывшие лезвия: одно срабатывание,20.150000,20.150000
9,Харизма,chain-devil,8,Застывшие лезвия: одно срабатывание,10.547500,10.547500
9,Харизма,chimera,6,Застывшие лезвия: одно срабатывание,20.150000,20.150000
9,Харизма,chuul,4,Застывшие лезвия: одно срабатывание,20.150000,20.150000
9,Харизма,clay-golem,9,Застывшие лезвия: одно срабатывание,19.239375,19.239375
9,Харизма,cloaker,8,Застывшие лезвия: одно срабатывание,18.975000,18.975000
9,Харизма,cloud-giant,9,Застывшие лезвия: одно срабатывание,20.150000,20.150000
9,Харизма,couatl,4,Застывшие лезвия: одно срабатывание,17.212500,17.212500
9,Харизма,deva,10,Застывшие лезвия: одно срабатывание,14.980000,14.980000
9,Харизма,djinni,11,Застывшие лезвия: одно срабатывание,16.625000,16.625000
9,Харизма,drider,6,Застывшие лезвия: одно срабатывание,18.387500,18.387500
9,Харизма,earth-elemental,5,Застывшие лезвия: одно срабатывание,20.737500,20.737500
9,Харизма,efreeti,11,Застывшие лезвия: одно срабатывание,19.562500,19.562500
9,Харизма,elephant,4,Застывшие лезвия: одно срабатывание,20.737500,20.737500
9,Харизма,erinyes,12,Застывшие лезвия: одно срабатывание,8.319375,8.319375
9,Харизма,ettin,4,Застывшие лезвия: одно срабатывание,20.737500,20.737500
9,Харизма,fire-elemental,5,Застывшие лезвия: одно срабатывание,18.387500,18.387500
9,Харизма,fire-giant,9,Застывшие лезвия: одно срабатывание,18.387500,18.387500
9,Харизма,flesh-golem,5,Застывшие лезвия: одно срабатывание,19.239375,19.239375
9,Харизма,frost-giant,8,Застывшие лезвия: одно срабатывание,6.437500,6.437500
9,Харизма,ghost,4,Застывшие лезвия: одно срабатывание,6.062500,6.062500
9,Харизма,giant-ape,7,Застывшие лезвия: одно срабатывание,18.975000,18.975000
9,Харизма,giant-crocodile,5,Застывшие лезвия: одно срабатывание,20.737500,20.737500
9,Харизма,giant-shark,5,Застывшие лезвия: одно срабатывание,20.150000,20.150000
9,Харизма,glabrezu,9,Застывшие лезвия: одно срабатывание,10.547500,10.547500
9,Харизма,gladiator,5,Застывшие лезвия: одно срабатывание,17.212500,17.212500
9,Харизма,gorgon,5,Застывшие лезвия: одно срабатывание,20.150000,20.150000
9,Харизма,guardian-naga,10,Застывшие лезвия: одно срабатывание,15.450000,15.450000
9,Харизма,gynosphinx,11,Застывшие лезвия: одно срабатывание,18.975000,18.975000
9,Харизма,half-red-dragon-veteran,5,Застывшие лезвия: одно срабатывание,19.562500,19.562500
9,Харизма,hezrou,8,Застывшие лезвия: одно срабатывание,10.024375,10.024375
9,Харизма,hill-giant,5,Застывшие лезвия: одно срабатывание,20.737500,20.737500
9,Харизма,horned-devil,11,Застывшие лезвия: одно срабатывание,8.319375,8.319375
9,Харизма,hydra,8,Застывшие лезвия: одно срабатывание,19.562500,19.562500
9,Харизма,invisible-stalker,6,Застывшие лезвия: одно срабатывание,17.800000,17.800000
9,Харизма,lamia,4,Застывшие лезвия: одно срабатывание,19.562500,19.562500
9,Харизма,mage,6,Застывшие лезвия: одно срабатывание,18.975000,18.975000
9,Харизма,mammoth,6,Застывшие лезвия: одно срабатывание,20.737500,20.737500
9,Харизма,medusa,6,Застывшие лезвия: одно срабатывание,18.975000,18.975000
9,Харизма,night-hag,5,Застывшие лезвия: одно срабатывание,10.547500,10.547500
9,Харизма,oni,7,Застывшие лезвия: одно срабатывание,18.387500,18.387500
9,Харизма,otyugh,5,Застывшие лезвия: одно срабатывание,20.150000,20.150000
9,Харизма,red-dragon-wyrmling,4,Застывшие лезвия: одно срабатывание,18.975000,18.975000
9,Харизма,remorhaz,11,Застывшие лезвия: одно срабатывание,6.062500,6.062500
9,Харизма,roc,11,Застывшие лезвия: одно срабатывание,17.800000,17.800000
9,Харизма,roper,5,Застывшие лезвия: одно срабатывание,20.737500,20.737500
9,Харизма,salamander,5,Застывшие лезвия: одно срабатывание,32.075000,32.075000
9,Харизма,shambling-mound,5,Застывшие лезвия: одно срабатывание,13.337500,13.337500
9,Харизма,shield-guardian,7,Застывшие лезвия: одно срабатывание,20.737500,20.737500
9,Харизма,spirit-naga,8,Застывшие лезвия: одно срабатывание,16.625000,16.625000
9,Харизма,stone-giant,7,Застывшие лезвия: одно срабатывание,17.212500,17.212500
9,Харизма,stone-golem,10,Застывшие лезвия: одно срабатывание,19.239375,19.239375
9,Харизма,succubus-incubus,4,Застывшие лезвия: одно срабатывание,11.787500,11.787500
9,Харизма,treant,9,Застывшие лезвия: одно срабатывание,20.737500,20.737500
9,Харизма,triceratops,5,Застывшие лезвия: одно срабатывание,20.737500,20.737500
9,Харизма,troll,5,Застывшие лезвия: одно срабатывание,19.562500,19.562500
9,Харизма,tyrannosaurus-rex,8,Застывшие лезвия: одно срабатывание,20.150000,20.150000
9,Харизма,unicorn,5,Застывшие лезвия: одно срабатывание,16.507500,16.507500
9,Харизма,vampire-spawn,5,Застывшие лезвия: одно срабатывание,16.625000,16.625000
9,Харизма,vrock,6,Застывшие лезвия: одно срабатывание,9.094375,9.094375
9,Харизма,water-elemental,5,Застывшие лезвия: одно срабатывание,18.975000,18.975000
9,Харизма,werebear-bear,5,Застывшие лезвия: одно срабатывание,20.150000,20.150000
9,Харизма,werebear-human,5,Застывшие лезвия: одно срабатывание,20.150000,20.150000
9,Харизма,werebear-hybrid,5,Застывшие лезвия: одно срабатывание,20.150000,20.150000
9,Харизма,wereboar-boar,4,Застывшие лезвия: одно срабатывание,20.150000,20.150000
9,Харизма,wereboar-human,4,Застывшие лезвия: одно срабатывание,20.150000,20.150000
9,Харизма,wereboar-hybrid,4,Застывшие лезвия: одно срабатывание,20.150000,20.150000
9,Харизма,weretiger-human,4,Застывшие лезвия: одно срабатывание,18.975000,18.975000
9,Харизма,weretiger-hybrid,4,Застывшие лезвия: одно срабатывание,18.975000,18.975000
9,Харизма,weretiger-tiger,4,Застывшие лезвия: одно срабатывание,18.975000,18.975000
9,Харизма,wraith,5,Застывшие лезвия: одно срабатывание,11.787500,11.787500
9,Харизма,wyvern,6,Застывшие лезвия: одно срабатывание,20.150000,20.150000
9,Харизма,xorn,5,Застывшие лезвия: одно срабатывание,20.150000,20.150000
9,Харизма,young-black-dragon,7,Застывшие лезвия: одно срабатывание,17.212500,17.212500
9,Харизма,young-blue-dragon,9,Застывшие лезвия: одно срабатывание,17.800000,17.800000
9,Харизма,young-brass-dragon,6,Застывшие лезвия: одно срабатывание,18.387500,18.387500
9,Харизма,young-bronze-dragon,8,Застывшие лезвия: одно срабатывание,18.387500,18.387500
9,Харизма,young-copper-dragon,7,Застывшие лезвия: одно срабатывание,17.800000,17.800000
9,Харизма,young-gold-dragon,10,Застывшие лезвия: одно срабатывание,16.625000,16.625000
9,Харизма,young-green-dragon,8,Застывшие лезвия: одно срабатывание,17.800000,17.800000
9,Харизма,young-red-dragon,10,Застывшие лезвия: одно срабатывание,17.800000,17.800000
9,Харизма,young-silver-dragon,9,Застывшие лезвия: одно срабатывание,5.500000,5.500000
9,Харизма,young-white-dragon,6,Застывшие лезвия: одно срабатывание,5.687500,5.687500
9,Харизма,aboleth,10,"Огненный шар: альтернатива, не выбор игрока",25.862500,25.862500
9,Харизма,air-elemental,5,"Огненный шар: альтернатива, не выбор игрока",21.587500,21.587500
9,Харизма,archmage,12,"Огненный шар: альтернатива, не выбор игрока",20.732500,20.732500
9,Харизма,assassin,8,"Огненный шар: альтернатива, не выбор игрока",20.875000,20.875000
9,Харизма,barbed-devil,5,"Огненный шар: альтернатива, не выбор игрока",0.000000,0.000000
9,Харизма,behir,11,"Огненный шар: альтернатива, не выбор игрока",23.012500,23.012500
9,Харизма,black-pudding,4,"Огненный шар: альтернатива, не выбор игрока",27.287500,27.287500
9,Харизма,bone-devil,9,"Огненный шар: альтернатива, не выбор игрока",0.000000,0.000000
9,Харизма,bulette,5,"Огненный шар: альтернатива, не выбор игрока",25.150000,25.150000
9,Харизма,chain-devil,8,"Огненный шар: альтернатива, не выбор игрока",0.000000,0.000000
9,Харизма,chimera,6,"Огненный шар: альтернатива, не выбор игрока",25.150000,25.150000
9,Харизма,chuul,4,"Огненный шар: альтернатива, не выбор игрока",25.150000,25.150000
9,Харизма,clay-golem,9,"Огненный шар: альтернатива, не выбор игрока",24.045625,24.045625
9,Харизма,cloaker,8,"Огненный шар: альтернатива, не выбор игрока",23.725000,23.725000
9,Харизма,cloud-giant,9,"Огненный шар: альтернатива, не выбор игрока",25.150000,25.150000
9,Харизма,couatl,4,"Огненный шар: альтернатива, не выбор игрока",21.587500,21.587500
9,Харизма,deva,10,"Огненный шар: альтернатива, не выбор игрока",18.880000,18.880000
9,Харизма,djinni,11,"Огненный шар: альтернатива, не выбор игрока",20.875000,20.875000
9,Харизма,drider,6,"Огненный шар: альтернатива, не выбор игрока",23.012500,23.012500
9,Харизма,earth-elemental,5,"Огненный шар: альтернатива, не выбор игрока",25.862500,25.862500
9,Харизма,efreeti,11,"Огненный шар: альтернатива, не выбор игрока",0.000000,0.000000
9,Харизма,elephant,4,"Огненный шар: альтернатива, не выбор игрока",25.862500,25.862500
9,Харизма,erinyes,12,"Огненный шар: альтернатива, не выбор игрока",0.000000,0.000000
9,Харизма,ettin,4,"Огненный шар: альтернатива, не выбор игрока",25.862500,25.862500
9,Харизма,fire-elemental,5,"Огненный шар: альтернатива, не выбор игрока",0.000000,0.000000
9,Харизма,fire-giant,9,"Огненный шар: альтернатива, не выбор игрока",0.000000,0.000000
9,Харизма,flesh-golem,5,"Огненный шар: альтернатива, не выбор игрока",24.045625,24.045625
9,Харизма,frost-giant,8,"Огненный шар: альтернатива, не выбор игрока",25.862500,25.862500
9,Харизма,ghost,4,"Огненный шар: альтернатива, не выбор игрока",11.968751,11.968751
9,Харизма,giant-ape,7,"Огненный шар: альтернатива, не выбор игрока",23.725000,23.725000
9,Харизма,giant-crocodile,5,"Огненный шар: альтернатива, не выбор игрока",25.862500,25.862500
9,Харизма,giant-shark,5,"Огненный шар: альтернатива, не выбор игрока",25.150000,25.150000
9,Харизма,glabrezu,9,"Огненный шар: альтернатива, не выбор игрока",10.116251,10.116251
9,Харизма,gladiator,5,"Огненный шар: альтернатива, не выбор игрока",21.587500,21.587500
9,Харизма,gorgon,5,"Огненный шар: альтернатива, не выбор игрока",25.150000,25.150000
9,Харизма,guardian-naga,10,"Огненный шар: альтернатива, не выбор игрока",19.450000,19.450000
9,Харизма,gynosphinx,11,"Огненный шар: альтернатива, не выбор игрока",23.725000,23.725000
9,Харизма,half-red-dragon-veteran,5,"Огненный шар: альтернатива, не выбор игрока",11.968751,11.968751
9,Харизма,hezrou,8,"Огненный шар: альтернатива, не выбор игрока",9.635314,9.635314
9,Харизма,hill-giant,5,"Огненный шар: альтернатива, не выбор игрока",25.862500,25.862500
9,Харизма,horned-devil,11,"Огненный шар: альтернатива, не выбор игрока",0.000000,0.000000
9,Харизма,hydra,8,"Огненный шар: альтернатива, не выбор игрока",24.437500,24.437500
9,Харизма,invisible-stalker,6,"Огненный шар: альтернатива, не выбор игрока",22.300000,22.300000
9,Харизма,lamia,4,"Огненный шар: альтернатива, не выбор игрока",24.437500,24.437500
9,Харизма,mage,6,"Огненный шар: альтернатива, не выбор игрока",23.725000,23.725000
9,Харизма,mammoth,6,"Огненный шар: альтернатива, не выбор игрока",25.862500,25.862500
9,Харизма,medusa,6,"Огненный шар: альтернатива, не выбор игрока",23.725000,23.725000
9,Харизма,night-hag,5,"Огненный шар: альтернатива, не выбор игрока",10.116251,10.116251
9,Харизма,oni,7,"Огненный шар: альтернатива, не выбор игрока",23.012500,23.012500
9,Харизма,otyugh,5,"Огненный шар: альтернатива, не выбор игрока",25.150000,25.150000
9,Харизма,red-dragon-wyrmling,4,"Огненный шар: альтернатива, не выбор игрока",0.000000,0.000000
9,Харизма,remorhaz,11,"Огненный шар: альтернатива, не выбор игрока",0.000000,0.000000
9,Харизма,roc,11,"Огненный шар: альтернатива, не выбор игрока",22.300000,22.300000
9,Харизма,roper,5,"Огненный шар: альтернатива, не выбор игрока",25.862500,25.862500
9,Харизма,salamander,5,"Огненный шар: альтернатива, не выбор игрока",0.000000,0.000000
9,Харизма,shambling-mound,5,"Огненный шар: альтернатива, не выбор игрока",12.681250,12.681250
9,Харизма,shield-guardian,7,"Огненный шар: альтернатива, не выбор игрока",25.862500,25.862500
9,Харизма,spirit-naga,8,"Огненный шар: альтернатива, не выбор игрока",20.875000,20.875000
9,Харизма,stone-giant,7,"Огненный шар: альтернатива, не выбор игрока",21.587500,21.587500
9,Харизма,stone-golem,10,"Огненный шар: альтернатива, не выбор игрока",24.045625,24.045625
9,Харизма,succubus-incubus,4,"Огненный шар: альтернатива, не выбор игрока",11.256251,11.256251
9,Харизма,treant,9,"Огненный шар: альтернатива, не выбор игрока",51.725000,51.725000
9,Харизма,triceratops,5,"Огненный шар: альтернатива, не выбор игрока",25.862500,25.862500
9,Харизма,troll,5,"Огненный шар: альтернатива, не выбор игрока",24.437500,24.437500
9,Харизма,tyrannosaurus-rex,8,"Огненный шар: альтернатива, не выбор игрока",25.150000,25.150000
9,Харизма,unicorn,5,"Огненный шар: альтернатива, не выбор игрока",20.732500,20.732500
9,Харизма,vampire-spawn,5,"Огненный шар: альтернатива, не выбор игрока",20.875000,20.875000
9,Харизма,vrock,6,"Огненный шар: альтернатива, не выбор игрока",8.780314,8.780314
9,Харизма,water-elemental,5,"Огненный шар: альтернатива, не выбор игрока",23.725000,23.725000
9,Харизма,werebear-bear,5,"Огненный шар: альтернатива, не выбор игрока",25.150000,25.150000
9,Харизма,werebear-human,5,"Огненный шар: альтернатива, не выбор игрока",25.150000,25.150000
9,Харизма,werebear-hybrid,5,"Огненный шар: альтернатива, не выбор игрока",25.150000,25.150000
9,Харизма,wereboar-boar,4,"Огненный шар: альтернатива, не выбор игрока",25.150000,25.150000
9,Харизма,wereboar-human,4,"Огненный шар: альтернатива, не выбор игрока",25.150000,25.150000
9,Харизма,wereboar-hybrid,4,"Огненный шар: альтернатива, не выбор игрока",25.150000,25.150000
9,Харизма,weretiger-human,4,"Огненный шар: альтернатива, не выбор игрока",23.725000,23.725000
9,Харизма,weretiger-hybrid,4,"Огненный шар: альтернатива, не выбор игрока",23.725000,23.725000
9,Харизма,weretiger-tiger,4,"Огненный шар: альтернатива, не выбор игрока",23.725000,23.725000
9,Харизма,wraith,5,"Огненный шар: альтернатива, не выбор игрока",11.256251,11.256251
9,Харизма,wyvern,6,"Огненный шар: альтернатива, не выбор игрока",25.150000,25.150000
9,Харизма,xorn,5,"Огненный шар: альтернатива, не выбор игрока",25.150000,25.150000
9,Харизма,young-black-dragon,7,"Огненный шар: альтернатива, не выбор игрока",21.587500,21.587500
9,Харизма,young-blue-dragon,9,"Огненный шар: альтернатива, не выбор игрока",22.300000,22.300000
9,Харизма,young-brass-dragon,6,"Огненный шар: альтернатива, не выбор игрока",0.000000,0.000000
9,Харизма,young-bronze-dragon,8,"Огненный шар: альтернатива, не выбор игрока",23.012500,23.012500
9,Харизма,young-copper-dragon,7,"Огненный шар: альтернатива, не выбор игрока",22.300000,22.300000
9,Харизма,young-gold-dragon,10,"Огненный шар: альтернатива, не выбор игрока",0.000000,0.000000
9,Харизма,young-green-dragon,8,"Огненный шар: альтернатива, не выбор игрока",22.300000,22.300000
9,Харизма,young-red-dragon,10,"Огненный шар: альтернатива, не выбор игрока",0.000000,0.000000
9,Харизма,young-silver-dragon,9,"Огненный шар: альтернатива, не выбор игрока",22.300000,22.300000
9,Харизма,young-white-dragon,6,"Огненный шар: альтернатива, не выбор игрока",23.012500,23.012500
9,Харизма,aboleth,10,Мистическое копьё Раулотима,17.000000,17.000000
9,Харизма,air-elemental,5,Мистическое копьё Раулотима,23.250000,23.250000
9,Харизма,archmage,12,Мистическое копьё Раулотима,13.531250,13.531250
9,Харизма,assassin,8,Мистическое копьё Раулотима,19.500000,19.500000
9,Харизма,barbed-devil,5,Мистическое копьё Раулотима,19.031250,19.031250
9,Харизма,behir,11,Мистическое копьё Раулотима,23.250000,23.250000
9,Харизма,black-pudding,4,Мистическое копьё Раулотима,24.500000,24.500000
9,Харизма,bone-devil,9,Мистическое копьё Раулотима,15.781250,15.781250
9,Харизма,bulette,5,Мистическое копьё Раулотима,24.500000,24.500000
9,Харизма,chain-devil,8,Мистическое копьё Раулотима,20.000000,20.000000
9,Харизма,chimera,6,Мистическое копьё Раулотима,24.500000,24.500000
9,Харизма,chuul,4,Мистическое копьё Раулотима,23.875000,23.875000
9,Харизма,clay-golem,9,Мистическое копьё Раулотима,0.000000,0.000000
9,Харизма,cloaker,8,Мистическое копьё Раулотима,21.375000,21.375000
9,Харизма,cloud-giant,9,Мистическое копьё Раулотима,21.375000,21.375000
9,Харизма,couatl,4,Мистическое копьё Раулотима,0.000000,0.000000
9,Харизма,deva,10,Мистическое копьё Раулотима,17.281250,17.281250
9,Харизма,djinni,11,Мистическое копьё Раулотима,20.750000,20.750000
9,Харизма,drider,6,Мистическое копьё Раулотима,21.375000,21.375000
9,Харизма,earth-elemental,5,Мистическое копьё Раулотима,23.875000,23.875000
9,Харизма,efreeti,11,Мистическое копьё Раулотима,17.625000,17.625000
9,Харизма,elephant,4,Мистическое копьё Раулотима,24.500000,24.500000
9,Харизма,erinyes,12,Мистическое копьё Раулотима,18.125000,18.125000
9,Харизма,ettin,4,Мистическое копьё Раулотима,23.250000,23.250000
9,Харизма,fire-elemental,5,Мистическое копьё Раулотима,23.250000,23.250000
9,Харизма,fire-giant,9,Мистическое копьё Раулотима,22.000000,22.000000
9,Харизма,flesh-golem,5,Мистическое копьё Раулотима,22.125000,22.125000
9,Харизма,frost-giant,8,Мистическое копьё Раулотима,22.625000,22.625000
9,Харизма,ghost,4,Мистическое копьё Раулотима,22.000000,22.000000
9,Харизма,giant-ape,7,Мистическое копьё Раулотима,23.250000,23.250000
9,Харизма,giant-crocodile,5,Мистическое копьё Раулотима,24.500000,24.500000
9,Харизма,giant-shark,5,Мистическое копьё Раулотима,24.500000,24.500000
9,Харизма,glabrezu,9,Мистическое копьё Раулотима,16.500000,16.500000
9,Харизма,gladiator,5,Мистическое копьё Раулотима,22.000000,22.000000
9,Харизма,gorgon,5,Мистическое копьё Раулотима,24.500000,24.500000
9,Харизма,guardian-naga,10,Мистическое копьё Раулотима,17.625000,17.625000
9,Харизма,gynosphinx,11,Мистическое копьё Раулотима,0.000000,0.000000
9,Харизма,half-red-dragon-veteran,5,Мистическое копьё Раулотима,22.000000,22.000000
9,Харизма,hezrou,8,Мистическое копьё Раулотима,23.281250,23.281250
9,Харизма,hill-giant,5,Мистическое копьё Раулотима,23.875000,23.875000
9,Харизма,horned-devil,11,Мистическое копьё Раулотима,19.031250,19.031250
9,Харизма,hydra,8,Мистическое копьё Раулотима,24.500000,24.500000
9,Харизма,invisible-stalker,6,Мистическое копьё Раулотима,22.000000,22.000000
9,Харизма,lamia,4,Мистическое копьё Раулотима,20.750000,20.750000
9,Харизма,mage,6,Мистическое копьё Раулотима,18.250000,18.250000
9,Харизма,mammoth,6,Мистическое копьё Раулотима,24.500000,24.500000
9,Харизма,medusa,6,Мистическое копьё Раулотима,21.375000,21.375000
9,Харизма,night-hag,5,Мистическое копьё Раулотима,17.281250,17.281250
9,Харизма,oni,7,Мистическое копьё Раулотима,20.750000,20.750000
9,Харизма,otyugh,5,Мистическое копьё Раулотима,23.250000,23.250000
9,Харизма,red-dragon-wyrmling,4,Мистическое копьё Раулотима,21.375000,21.375000
9,Харизма,remorhaz,11,Мистическое копьё Раулотима,23.875000,23.875000
9,Харизма,roc,11,Мистическое копьё Раулотима,24.500000,24.500000
9,Харизма,roper,5,Мистическое копьё Раулотима,23.250000,23.250000
9,Харизма,salamander,5,Мистическое копьё Раулотима,22.000000,22.000000
9,Харизма,shambling-mound,5,Мистическое копьё Раулотима,23.875000,23.875000
9,Харизма,shield-guardian,7,Мистическое копьё Раулотима,23.250000,23.250000
9,Харизма,spirit-naga,8,Мистическое копьё Раулотима,20.125000,20.125000
9,Харизма,stone-giant,7,Мистическое копьё Раулотима,22.000000,22.000000
9,Харизма,stone-golem,10,Мистическое копьё Раулотима,0.000000,0.000000
9,Харизма,succubus-incubus,4,Мистическое копьё Раулотима,20.750000,20.750000
9,Харизма,treant,9,Мистическое копьё Раулотима,21.375000,21.375000
9,Харизма,triceratops,5,Мистическое копьё Раулотима,24.500000,24.500000
9,Харизма,troll,5,Мистическое копьё Раулотима,23.250000,23.250000
9,Харизма,tyrannosaurus-rex,8,Мистическое копьё Раулотима,24.500000,24.500000
9,Харизма,unicorn,5,Мистическое копьё Раулотима,20.000000,20.000000
9,Харизма,vampire-spawn,5,Мистическое копьё Раулотима,22.000000,22.000000
9,Харизма,vrock,6,Мистическое копьё Раулотима,21.031250,21.031250
9,Харизма,water-elemental,5,Мистическое копьё Раулотима,23.875000,23.875000
9,Харизма,werebear-bear,5,Мистическое копьё Раулотима,22.000000,22.000000
9,Харизма,werebear-human,5,Мистическое копьё Раулотима,22.000000,22.000000
9,Харизма,werebear-hybrid,5,Мистическое копьё Раулотима,22.000000,22.000000
9,Харизма,wereboar-boar,4,Мистическое копьё Раулотима,22.000000,22.000000
9,Харизма,wereboar-human,4,Мистическое копьё Раулотима,22.000000,22.000000
9,Харизма,wereboar-hybrid,4,Мистическое копьё Раулотима,22.000000,22.000000
9,Харизма,weretiger-human,4,Мистическое копьё Раулотима,22.000000,22.000000
9,Харизма,weretiger-hybrid,4,Мистическое копьё Раулотима,22.000000,22.000000
9,Харизма,weretiger-tiger,4,Мистическое копьё Раулотима,22.000000,22.000000
9,Харизма,wraith,5,Мистическое копьё Раулотима,21.375000,21.375000
9,Харизма,wyvern,6,Мистическое копьё Раулотима,23.875000,23.875000
9,Харизма,xorn,5,Мистическое копьё Раулотима,22.000000,22.000000
9,Харизма,young-black-dragon,7,Мистическое копьё Раулотима,21.375000,21.375000
9,Харизма,young-blue-dragon,9,Мистическое копьё Раулотима,20.750000,20.750000
9,Харизма,young-brass-dragon,6,Мистическое копьё Раулотима,21.375000,21.375000
9,Харизма,young-bronze-dragon,8,Мистическое копьё Раулотима,20.750000,20.750000
9,Харизма,young-copper-dragon,7,Мистическое копьё Раулотима,20.125000,20.125000
9,Харизма,young-gold-dragon,10,Мистическое копьё Раулотима,20.125000,20.125000
9,Харизма,young-green-dragon,8,Мистическое копьё Раулотима,20.125000,20.125000
9,Харизма,young-red-dragon,10,Мистическое копьё Раулотима,20.750000,20.750000
9,Харизма,young-silver-dragon,9,Мистическое копьё Раулотима,20.750000,20.750000
9,Харизма,young-white-dragon,6,Мистическое копьё Раулотима,23.250000,23.250000
9,Харизма,aboleth,10,Ледяная буря: дар IV,25.825000,25.825000
9,Харизма,air-elemental,5,Ледяная буря: дар IV,21.475000,21.475000
9,Харизма,archmage,12,Ледяная буря: дар IV,20.605000,20.605000
9,Харизма,assassin,8,Ледяная буря: дар IV,20.750000,20.750000
9,Харизма,barbed-devil,5,Ледяная буря: дар IV,12.691117,12.691117
9,Харизма,behir,11,Ледяная буря: дар IV,22.925000,22.925000
9,Харизма,black-pudding,4,Ледяная буря: дар IV,8.762500,8.762500
9,Харизма,bone-devil,9,Ледяная буря: дар IV,12.691117,12.691117
9,Харизма,bulette,5,Ледяная буря: дар IV,25.100000,25.100000
9,Харизма,chain-devil,8,Ледяная буря: дар IV,13.340856,13.340856
9,Харизма,chimera,6,Ледяная буря: дар IV,25.100000,25.100000
9,Харизма,chuul,4,Ледяная буря: дар IV,25.100000,25.100000
9,Харизма,clay-golem,9,Ледяная буря: дар IV,23.976250,23.976250
9,Харизма,cloaker,8,Ледяная буря: дар IV,23.650000,23.650000
9,Харизма,cloud-giant,9,Ледяная буря: дар IV,25.100000,25.100000
9,Харизма,couatl,4,Ледяная буря: дар IV,21.475000,21.475000
9,Харизма,deva,10,Ледяная буря: дар IV,18.720000,18.720000
9,Харизма,djinni,11,Ледяная буря: дар IV,20.750000,20.750000
9,Харизма,drider,6,Ледяная буря: дар IV,22.925000,22.925000
9,Харизма,earth-elemental,5,Ледяная буря: дар IV,25.825000,25.825000
9,Харизма,efreeti,11,Ледяная буря: дар IV,24.375000,24.375000
9,Харизма,elephant,4,Ледяная буря: дар IV,25.825000,25.825000
9,Харизма,erinyes,12,Ледяная буря: дар IV,10.573447,10.573447
9,Харизма,ettin,4,Ледяная буря: дар IV,25.825000,25.825000
9,Харизма,fire-elemental,5,Ледяная буря: дар IV,22.925000,22.925000
9,Харизма,fire-giant,9,Ледяная буря: дар IV,22.925000,22.925000
9,Харизма,flesh-golem,5,Ледяная буря: дар IV,23.976250,23.976250
9,Харизма,frost-giant,8,Ледяная буря: дар IV,8.287500,8.287500
9,Харизма,ghost,4,Ледяная буря: дар IV,7.812500,7.812500
9,Харизма,giant-ape,7,Ледяная буря: дар IV,23.650000,23.650000
9,Харизма,giant-crocodile,5,Ледяная буря: дар IV,25.825000,25.825000
9,Харизма,giant-shark,5,Ледяная буря: дар IV,25.100000,25.100000
9,Харизма,glabrezu,9,Ледяная буря: дар IV,13.340856,13.340856
9,Харизма,gladiator,5,Ледяная буря: дар IV,21.475000,21.475000
9,Харизма,gorgon,5,Ледяная буря: дар IV,25.100000,25.100000
9,Харизма,guardian-naga,10,Ледяная буря: дар IV,19.300000,19.300000
9,Харизма,gynosphinx,11,Ледяная буря: дар IV,23.650000,23.650000
9,Харизма,half-red-dragon-veteran,5,Ледяная буря: дар IV,24.375000,24.375000
9,Харизма,hezrou,8,Ледяная буря: дар IV,12.691117,12.691117
9,Харизма,hill-giant,5,Ледяная буря: дар IV,25.825000,25.825000
9,Харизма,horned-devil,11,Ледяная буря: дар IV,10.573447,10.573447
9,Харизма,hydra,8,Ледяная буря: дар IV,24.375000,24.375000
9,Харизма,invisible-stalker,6,Ледяная буря: дар IV,22.200000,22.200000
9,Харизма,lamia,4,Ледяная буря: дар IV,24.375000,24.375000
9,Харизма,mage,6,Ледяная буря: дар IV,23.650000,23.650000
9,Харизма,mammoth,6,Ледяная буря: дар IV,25.825000,25.825000
9,Харизма,medusa,6,Ледяная буря: дар IV,23.650000,23.650000
9,Харизма,night-hag,5,Ледяная буря: дар IV,13.340856,13.340856
9,Харизма,oni,7,Ледяная буря: дар IV,22.925000,22.925000
9,Харизма,otyugh,5,Ледяная буря: дар IV,25.100000,25.100000
9,Харизма,red-dragon-wyrmling,4,Ледяная буря: дар IV,23.650000,23.650000
9,Харизма,remorhaz,11,Ледяная буря: дар IV,7.812500,7.812500
9,Харизма,roc,11,Ледяная буря: дар IV,22.200000,22.200000
9,Харизма,roper,5,Ледяная буря: дар IV,25.825000,25.825000
9,Харизма,salamander,5,Ледяная буря: дар IV,39.725000,39.725000
9,Харизма,shambling-mound,5,Ледяная буря: дар IV,16.806134,16.806134
9,Харизма,shield-guardian,7,Ледяная буря: дар IV,25.825000,25.825000
9,Харизма,spirit-naga,8,Ледяная буря: дар IV,20.750000,20.750000
9,Харизма,stone-giant,7,Ледяная буря: дар IV,21.475000,21.475000
9,Харизма,stone-golem,10,Ледяная буря: дар IV,23.976250,23.976250
9,Харизма,succubus-incubus,4,Ледяная буря: дар IV,14.880980,14.880980
9,Харизма,treant,9,Ледяная буря: дар IV,21.431250,21.431250
9,Харизма,triceratops,5,Ледяная буря: дар IV,25.825000,25.825000
9,Харизма,troll,5,Ледяная буря: дар IV,24.375000,24.375000
9,Харизма,tyrannosaurus-rex,8,Ледяная буря: дар IV,25.100000,25.100000
9,Харизма,unicorn,5,Ледяная буря: дар IV,20.605000,20.605000
9,Харизма,vampire-spawn,5,Ледяная буря: дар IV,20.750000,20.750000
9,Харизма,vrock,6,Ледяная буря: дар IV,11.536024,11.536024
9,Харизма,water-elemental,5,Ледяная буря: дар IV,23.650000,23.650000
9,Харизма,werebear-bear,5,Ледяная буря: дар IV,25.100000,25.100000
9,Харизма,werebear-human,5,Ледяная буря: дар IV,25.100000,25.100000
9,Харизма,werebear-hybrid,5,Ледяная буря: дар IV,25.100000,25.100000
9,Харизма,wereboar-boar,4,Ледяная буря: дар IV,25.100000,25.100000
9,Харизма,wereboar-human,4,Ледяная буря: дар IV,25.100000,25.100000
9,Харизма,wereboar-hybrid,4,Ледяная буря: дар IV,25.100000,25.100000
9,Харизма,weretiger-human,4,Ледяная буря: дар IV,23.650000,23.650000
9,Харизма,weretiger-hybrid,4,Ледяная буря: дар IV,23.650000,23.650000
9,Харизма,weretiger-tiger,4,Ледяная буря: дар IV,23.650000,23.650000
9,Харизма,wraith,5,Ледяная буря: дар IV,14.880980,14.880980
9,Харизма,wyvern,6,Ледяная буря: дар IV,25.100000,25.100000
9,Харизма,xorn,5,Ледяная буря: дар IV,25.100000,25.100000
9,Харизма,young-black-dragon,7,Ледяная буря: дар IV,21.475000,21.475000
9,Харизма,young-blue-dragon,9,Ледяная буря: дар IV,22.200000,22.200000
9,Харизма,young-brass-dragon,6,Ледяная буря: дар IV,22.925000,22.925000
9,Харизма,young-bronze-dragon,8,Ледяная буря: дар IV,22.925000,22.925000
9,Харизма,young-copper-dragon,7,Ледяная буря: дар IV,22.200000,22.200000
9,Харизма,young-gold-dragon,10,Ледяная буря: дар IV,20.750000,20.750000
9,Харизма,young-green-dragon,8,Ледяная буря: дар IV,22.200000,22.200000
9,Харизма,young-red-dragon,10,Ледяная буря: дар IV,22.200000,22.200000
9,Харизма,young-silver-dragon,9,Ледяная буря: дар IV,7.100000,7.100000
9,Харизма,young-white-dragon,6,Ледяная буря: дар IV,7.337500,7.337500
9,Харизма,aboleth,10,Болезненное сияние: один контакт,11.000000,11.000000
9,Харизма,air-elemental,5,Болезненное сияние: один контакт,15.400000,15.400000
9,Харизма,archmage,12,Болезненное сияние: один контакт,12.375000,12.375000
9,Харизма,assassin,8,Болезненное сияние: один контакт,15.400000,15.400000
9,Харизма,barbed-devil,5,Болезненное сияние: один контакт,4.455000,4.455000
9,Харизма,behir,11,Болезненное сияние: один контакт,13.200000,13.200000
9,Харизма,black-pudding,4,Болезненное сияние: один контакт,14.300000,14.300000
9,Харизма,bone-devil,9,Болезненное сияние: один контакт,7.920000,7.920000
9,Харизма,bulette,5,Болезненное сияние: один контакт,12.100000,12.100000
9,Харизма,chain-devil,8,Болезненное сияние: один контакт,4.455000,4.455000
9,Харизма,chimera,6,Болезненное сияние: один контакт,13.200000,13.200000
9,Харизма,chuul,4,Болезненное сияние: один контакт,14.300000,14.300000
9,Харизма,clay-golem,9,Болезненное сияние: один контакт,7.920000,7.920000
9,Харизма,cloaker,8,Болезненное сияние: один контакт,16.500000,16.500000
9,Харизма,cloud-giant,9,Болезненное сияние: один контакт,6.600000,6.600000
9,Харизма,couatl,4,Болезненное сияние: один контакт,5.912500,5.912500
9,Харизма,deva,10,Болезненное сияние: один контакт,3.870000,3.870000
9,Харизма,djinni,11,Болезненное сияние: один контакт,11.000000,11.000000
9,Харизма,drider,6,Болезненное сияние: один контакт,13.200000,13.200000
9,Харизма,earth-elemental,5,Болезненное сияние: один контакт,12.100000,12.100000
9,Харизма,efreeti,11,Болезненное сияние: один контакт,9.900000,9.900000
9,Харизма,elephant,4,Болезненное сияние: один контакт,14.300000,14.300000
9,Харизма,erinyes,12,Болезненное сияние: один контакт,3.520000,3.520000
9,Харизма,ettin,4,Болезненное сияние: один контакт,14.300000,14.300000
9,Харизма,fire-elemental,5,Болезненное сияние: один контакт,14.300000,14.300000
9,Харизма,fire-giant,9,Болезненное сияние: один контакт,6.600000,6.600000
9,Харизма,flesh-golem,5,Болезненное сияние: один контакт,7.920000,7.920000
9,Харизма,frost-giant,8,Болезненное сияние: один контакт,8.800000,8.800000
9,Харизма,ghost,4,Болезненное сияние: один контакт,17.600000,17.600000
9,Харизма,giant-ape,7,Болезненное сияние: один контакт,13.200000,13.200000
9,Харизма,giant-crocodile,5,Болезненное сияние: один контакт,14.300000,14.300000
9,Харизма,giant-shark,5,Болезненное сияние: один контакт,12.100000,12.100000
9,Харизма,glabrezu,9,Болезненное сияние: один контакт,2.695000,2.695000
9,Харизма,gladiator,5,Болезненное сияние: один контакт,11.000000,11.000000
9,Харизма,gorgon,5,Болезненное сияние: один контакт,13.200000,13.200000
9,Харизма,guardian-naga,10,Болезненное сияние: один контакт,9.900000,9.900000
9,Харизма,gynosphinx,11,Болезненное сияние: один контакт,14.300000,14.300000
9,Харизма,half-red-dragon-veteran,5,Болезненное сияние: один контакт,15.400000,15.400000
9,Харизма,hezrou,8,Болезненное сияние: один контакт,3.520000,3.520000
9,Харизма,hill-giant,5,Болезненное сияние: один контакт,13.200000,13.200000
9,Харизма,horned-devil,11,Болезненное сияние: один контакт,6.655000,6.655000
9,Харизма,hydra,8,Болезненное сияние: один контакт,12.100000,12.100000
9,Харизма,invisible-stalker,6,Болезненное сияние: один контакт,15.400000,15.400000
9,Харизма,lamia,4,Болезненное сияние: один контакт,15.400000,15.400000
9,Харизма,mage,6,Болезненное сияние: один контакт,17.600000,17.600000
9,Харизма,mammoth,6,Болезненное сияние: один контакт,12.100000,12.100000
9,Харизма,medusa,6,Болезненное сияние: один контакт,14.300000,14.300000
9,Харизма,night-hag,5,Болезненное сияние: один контакт,9.295000,9.295000
9,Харизма,oni,7,Болезненное сияние: один контакт,11.000000,11.000000
9,Харизма,otyugh,5,Болезненное сияние: один контакт,9.900000,9.900000
9,Харизма,red-dragon-wyrmling,4,Болезненное сияние: один контакт,12.100000,12.100000
9,Харизма,remorhaz,11,Болезненное сияние: один контакт,12.100000,12.100000
9,Харизма,roc,11,Болезненное сияние: один контакт,7.700000,7.700000
9,Харизма,roper,5,Болезненное сияние: один контакт,14.300000,14.300000
9,Харизма,salamander,5,Болезненное сияние: один контакт,15.400000,15.400000
9,Харизма,shambling-mound,5,Болезненное сияние: один контакт,14.300000,14.300000
9,Харизма,shield-guardian,7,Болезненное сияние: один контакт,13.200000,13.200000
9,Харизма,spirit-naga,8,Болезненное сияние: один контакт,12.100000,12.100000
9,Харизма,stone-giant,7,Болезненное сияние: один контакт,8.800000,8.800000
9,Харизма,stone-golem,10,Болезненное сияние: один контакт,6.655000,6.655000
9,Харизма,succubus-incubus,4,Болезненное сияние: один контакт,16.500000,16.500000
9,Харизма,treant,9,Болезненное сияние: один контакт,12.100000,12.100000
9,Харизма,triceratops,5,Болезненное сияние: один контакт,14.300000,14.300000
9,Харизма,troll,5,Болезненное сияние: один контакт,12.100000,12.100000
9,Харизма,tyrannosaurus-rex,8,Болезненное сияние: один контакт,13.200000,13.200000
9,Харизма,unicorn,5,Болезненное сияние: один контакт,10.780000,10.780000
9,Харизма,vampire-spawn,5,Болезненное сияние: один контакт,14.300000,14.300000
9,Харизма,vrock,6,Болезненное сияние: один контакт,7.920000,7.920000
9,Харизма,water-elemental,5,Болезненное сияние: один контакт,13.200000,13.200000
9,Харизма,werebear-bear,5,Болезненное сияние: один контакт,14.300000,14.300000
9,Харизма,werebear-human,5,Болезненное сияние: один контакт,14.300000,14.300000
9,Харизма,werebear-hybrid,5,Болезненное сияние: один контакт,14.300000,14.300000
9,Харизма,wereboar-boar,4,Болезненное сияние: один контакт,15.400000,15.400000
9,Харизма,wereboar-human,4,Болезненное сияние: один контакт,15.400000,15.400000
9,Харизма,wereboar-hybrid,4,Болезненное сияние: один контакт,15.400000,15.400000
9,Харизма,weretiger-human,4,Болезненное сияние: один контакт,14.300000,14.300000
9,Харизма,weretiger-hybrid,4,Болезненное сияние: один контакт,14.300000,14.300000
9,Харизма,weretiger-tiger,4,Болезненное сияние: один контакт,14.300000,14.300000
9,Харизма,wraith,5,Болезненное сияние: один контакт,14.300000,14.300000
9,Харизма,wyvern,6,Болезненное сияние: один контакт,14.300000,14.300000
9,Харизма,xorn,5,Болезненное сияние: один контакт,11.000000,11.000000
9,Харизма,young-black-dragon,7,Болезненное сияние: один контакт,11.000000,11.000000
9,Харизма,young-blue-dragon,9,Болезненное сияние: один контакт,8.800000,8.800000
9,Харизма,young-brass-dragon,6,Болезненное сияние: один контакт,11.000000,11.000000
9,Харизма,young-bronze-dragon,8,Болезненное сияние: один контакт,9.900000,9.900000
9,Харизма,young-copper-dragon,7,Болезненное сияние: один контакт,11.000000,11.000000
9,Харизма,young-gold-dragon,10,Болезненное сияние: один контакт,7.700000,7.700000
9,Харизма,young-green-dragon,8,Болезненное сияние: один контакт,11.000000,11.000000
9,Харизма,young-red-dragon,10,Болезненное сияние: один контакт,7.700000,7.700000
9,Харизма,young-silver-dragon,9,Болезненное сияние: один контакт,7.700000,7.700000
9,Харизма,young-white-dragon,6,Болезненное сияние: один контакт,9.900000,9.900000
9,Харизма,aboleth,10,Конус холода,30.625000,30.625000
9,Харизма,air-elemental,5,Конус холода,34.775000,34.775000
9,Харизма,archmage,12,Конус холода,31.921875,31.921875
9,Харизма,assassin,8,Конус холода,34.775000,34.775000
9,Харизма,barbed-devil,5,Конус холода,11.975938,11.975938
9,Харизма,behir,11,Конус холода,32.700000,32.700000
9,Харизма,black-pudding,4,Конус холода,0.000000,0.000000
9,Харизма,bone-devil,9,Конус холода,13.610000,13.610000
9,Харизма,bulette,5,Конус холода,31.662500,31.662500
9,Харизма,chain-devil,8,Конус холода,11.975938,11.975938
9,Харизма,chimera,6,Конус холода,32.700000,32.700000
9,Харизма,chuul,4,Конус холода,33.737500,33.737500
9,Харизма,clay-golem,9,Конус холода,27.720000,27.720000
9,Харизма,cloaker,8,Конус холода,35.812500,35.812500
9,Харизма,cloud-giant,9,Конус холода,26.475000,26.475000
9,Харизма,couatl,4,Конус холода,31.662500,31.662500
9,Харизма,deva,10,Конус холода,27.720000,27.720000
9,Харизма,djinni,11,Конус холода,30.625000,30.625000
9,Харизма,drider,6,Конус холода,32.700000,32.700000
9,Харизма,earth-elemental,5,Конус холода,31.662500,31.662500
9,Харизма,efreeti,11,Конус холода,29.587500,29.587500
9,Харизма,elephant,4,Конус холода,33.737500,33.737500
9,Харизма,erinyes,12,Конус холода,11.535000,11.535000
9,Харизма,ettin,4,Конус холода,33.737500,33.737500
9,Харизма,fire-elemental,5,Конус холода,33.737500,33.737500
9,Харизма,fire-giant,9,Конус холода,26.475000,26.475000
9,Харизма,flesh-golem,5,Конус холода,27.720000,27.720000
9,Харизма,frost-giant,8,Конус холода,0.000000,0.000000
9,Харизма,ghost,4,Конус холода,0.000000,0.000000
9,Харизма,giant-ape,7,Конус холода,32.700000,32.700000
9,Харизма,giant-crocodile,5,Конус холода,33.737500,33.737500
9,Харизма,giant-shark,5,Конус холода,31.662500,31.662500
9,Харизма,glabrezu,9,Конус холода,11.145937,11.145937
9,Харизма,gladiator,5,Конус холода,30.625000,30.625000
9,Харизма,gorgon,5,Конус холода,32.700000,32.700000
9,Харизма,guardian-naga,10,Конус холода,29.587500,29.587500
9,Харизма,gynosphinx,11,Конус холода,33.737500,33.737500
9,Харизма,half-red-dragon-veteran,5,Конус холода,34.775000,34.775000
9,Харизма,hezrou,8,Конус холода,11.535000,11.535000
9,Харизма,hill-giant,5,Конус холода,32.700000,32.700000
9,Харизма,horned-devil,11,Конус холода,13.013437,13.013437
9,Харизма,hydra,8,Конус холода,31.662500,31.662500
9,Харизма,invisible-stalker,6,Конус холода,34.775000,34.775000
9,Харизма,lamia,4,Конус холода,34.775000,34.775000
9,Харизма,mage,6,Конус холода,36.850000,36.850000
9,Харизма,mammoth,6,Конус холода,31.662500,31.662500
9,Харизма,medusa,6,Конус холода,33.737500,33.737500
9,Харизма,night-hag,5,Конус холода,14.258437,14.258437
9,Харизма,oni,7,Конус холода,30.625000,30.625000
9,Харизма,otyugh,5,Конус холода,29.587500,29.587500
9,Харизма,red-dragon-wyrmling,4,Конус холода,31.662500,31.662500
9,Харизма,remorhaz,11,Конус холода,0.000000,0.000000
9,Харизма,roc,11,Конус холода,27.512500,27.512500
9,Харизма,roper,5,Конус холода,33.737500,33.737500
9,Харизма,salamander,5,Конус холода,69.550000,69.550000
9,Харизма,shambling-mound,5,Конус холода,16.618750,16.618750
9,Харизма,shield-guardian,7,Конус холода,32.700000,32.700000
9,Харизма,spirit-naga,8,Конус холода,31.662500,31.662500
9,Харизма,stone-giant,7,Конус холода,28.550000,28.550000
9,Харизма,stone-golem,10,Конус холода,26.526875,26.526875
9,Харизма,succubus-incubus,4,Конус холода,17.656250,17.656250
9,Харизма,treant,9,Конус холода,31.662500,31.662500
9,Харизма,triceratops,5,Конус холода,33.737500,33.737500
9,Харизма,troll,5,Конус холода,31.662500,31.662500
9,Харизма,tyrannosaurus-rex,8,Конус холода,32.700000,32.700000
9,Харизма,unicorn,5,Конус холода,30.417500,30.417500
9,Харизма,vampire-spawn,5,Конус холода,33.737500,33.737500
9,Харизма,vrock,6,Конус холода,13.610000,13.610000
9,Харизма,water-elemental,5,Конус холода,32.700000,32.700000
9,Харизма,werebear-bear,5,Конус холода,33.737500,33.737500
9,Харизма,werebear-human,5,Конус холода,33.737500,33.737500
9,Харизма,werebear-hybrid,5,Конус холода,33.737500,33.737500
9,Харизма,wereboar-boar,4,Конус холода,34.775000,34.775000
9,Харизма,wereboar-human,4,Конус холода,34.775000,34.775000
9,Харизма,wereboar-hybrid,4,Конус холода,34.775000,34.775000
9,Харизма,weretiger-human,4,Конус холода,33.737500,33.737500
9,Харизма,weretiger-hybrid,4,Конус холода,33.737500,33.737500
9,Харизма,weretiger-tiger,4,Конус холода,33.737500,33.737500
9,Харизма,wraith,5,Конус холода,16.618750,16.618750
9,Харизма,wyvern,6,Конус холода,33.737500,33.737500
9,Харизма,xorn,5,Конус холода,30.625000,30.625000
9,Харизма,young-black-dragon,7,Конус холода,30.625000,30.625000
9,Харизма,young-blue-dragon,9,Конус холода,28.550000,28.550000
9,Харизма,young-brass-dragon,6,Конус холода,30.625000,30.625000
9,Харизма,young-bronze-dragon,8,Конус холода,29.587500,29.587500
9,Харизма,young-copper-dragon,7,Конус холода,30.625000,30.625000
9,Харизма,young-gold-dragon,10,Конус холода,27.512500,27.512500
9,Харизма,young-green-dragon,8,Конус холода,30.625000,30.625000
9,Харизма,young-red-dragon,10,Конус холода,27.512500,27.512500
9,Харизма,young-silver-dragon,9,Конус холода,0.000000,0.000000
9,Харизма,young-white-dragon,6,Конус холода,0.000000,0.000000
9,Харизма,aboleth,10,Синаптический заряд,19.450000,19.450000
9,Харизма,air-elemental,5,Синаптический заряд,26.575000,26.575000
9,Харизма,archmage,12,Синаптический заряд,15.495625,15.495625
9,Харизма,assassin,8,Синаптический заряд,22.300000,22.300000
9,Харизма,barbed-devil,5,Синаптический заряд,21.765625,21.765625
9,Харизма,behir,11,Синаптический заряд,26.575000,26.575000
9,Харизма,black-pudding,4,Синаптический заряд,0.000000,0.000000
9,Харизма,bone-devil,9,Синаптический заряд,18.060625,18.060625
9,Харизма,bulette,5,Синаптический заряд,0.000000,0.000000
9,Харизма,chain-devil,8,Синаптический заряд,22.870000,22.870000
9,Харизма,chimera,6,Синаптический заряд,28.000000,28.000000
9,Харизма,chuul,4,Синаптический заряд,27.287500,27.287500
9,Харизма,clay-golem,9,Синаптический заряд,0.000000,0.000000
9,Харизма,cloaker,8,Синаптический заряд,24.437500,24.437500
9,Харизма,cloud-giant,9,Синаптический заряд,24.437500,24.437500
9,Харизма,couatl,4,Синаптический заряд,0.000000,0.000000
9,Харизма,deva,10,Синаптический заряд,19.770625,19.770625
9,Харизма,djinni,11,Синаптический заряд,23.725000,23.725000
9,Харизма,drider,6,Синаптический заряд,24.437500,24.437500
9,Харизма,earth-elemental,5,Синаптический заряд,27.287500,27.287500
9,Харизма,efreeti,11,Синаптический заряд,20.162500,20.162500
9,Харизма,elephant,4,Синаптический заряд,28.000000,28.000000
9,Харизма,erinyes,12,Синаптический заряд,20.732500,20.732500
9,Харизма,ettin,4,Синаптический заряд,26.575000,26.575000
9,Харизма,fire-elemental,5,Синаптический заряд,26.575000,26.575000
9,Харизма,fire-giant,9,Синаптический заряд,25.150000,25.150000
9,Харизма,flesh-golem,5,Синаптический заряд,25.292500,25.292500
9,Харизма,frost-giant,8,Синаптический заряд,25.862500,25.862500
9,Харизма,ghost,4,Синаптический заряд,25.150000,25.150000
9,Харизма,giant-ape,7,Синаптический заряд,26.575000,26.575000
9,Харизма,giant-crocodile,5,Синаптический заряд,0.000000,0.000000
9,Харизма,giant-shark,5,Синаптический заряд,0.000000,0.000000
9,Харизма,glabrezu,9,Синаптический заряд,18.880000,18.880000
9,Харизма,gladiator,5,Синаптический заряд,25.150000,25.150000
9,Харизма,gorgon,5,Синаптический заряд,0.000000,0.000000
9,Харизма,guardian-naga,10,Синаптический заряд,20.162500,20.162500
9,Харизма,gynosphinx,11,Синаптический заряд,0.000000,0.000000
9,Харизма,half-red-dragon-veteran,5,Синаптический заряд,25.150000,25.150000
9,Харизма,hezrou,8,Синаптический заряд,26.610625,26.610625
9,Харизма,hill-giant,5,Синаптический заряд,27.287500,27.287500
9,Харизма,horned-devil,11,Синаптический заряд,21.765625,21.765625
9,Харизма,hydra,8,Синаптический заряд,0.000000,0.000000
9,Харизма,invisible-stalker,6,Синаптический заряд,25.150000,25.150000
9,Харизма,lamia,4,Синаптический заряд,23.725000,23.725000
9,Харизма,mage,6,Синаптический заряд,20.875000,20.875000
9,Харизма,mammoth,6,Синаптический заряд,28.000000,28.000000
9,Харизма,medusa,6,Синаптический заряд,24.437500,24.437500
9,Харизма,night-hag,5,Синаптический заряд,19.770625,19.770625
9,Харизма,oni,7,Синаптический заряд,23.725000,23.725000
9,Харизма,otyugh,5,Синаптический заряд,26.575000,26.575000
9,Харизма,red-dragon-wyrmling,4,Синаптический заряд,24.437500,24.437500
9,Харизма,remorhaz,11,Синаптический заряд,27.287500,27.287500
9,Харизма,roc,11,Синаптический заряд,28.000000,28.000000
9,Харизма,roper,5,Синаптический заряд,26.575000,26.575000
9,Харизма,salamander,5,Синаптический заряд,25.150000,25.150000
9,Харизма,shambling-mound,5,Синаптический заряд,27.287500,27.287500
9,Харизма,shield-guardian,7,Синаптический заряд,26.575000,26.575000
9,Харизма,spirit-naga,8,Синаптический заряд,23.012500,23.012500
9,Харизма,stone-giant,7,Синаптический заряд,25.150000,25.150000
9,Харизма,stone-golem,10,Синаптический заряд,0.000000,0.000000
9,Харизма,succubus-incubus,4,Синаптический заряд,23.725000,23.725000
9,Харизма,treant,9,Синаптический заряд,24.437500,24.437500
9,Харизма,triceratops,5,Синаптический заряд,0.000000,0.000000
9,Харизма,troll,5,Синаптический заряд,26.575000,26.575000
9,Харизма,tyrannosaurus-rex,8,Синаптический заряд,0.000000,0.000000
9,Харизма,unicorn,5,Синаптический заряд,22.870000,22.870000
9,Харизма,vampire-spawn,5,Синаптический заряд,25.150000,25.150000
9,Харизма,vrock,6,Синаптический заряд,24.045625,24.045625
9,Харизма,water-elemental,5,Синаптический заряд,27.287500,27.287500
9,Харизма,werebear-bear,5,Синаптический заряд,25.150000,25.150000
9,Харизма,werebear-human,5,Синаптический заряд,25.150000,25.150000
9,Харизма,werebear-hybrid,5,Синаптический заряд,25.150000,25.150000
9,Харизма,wereboar-boar,4,Синаптический заряд,25.150000,25.150000
9,Харизма,wereboar-human,4,Синаптический заряд,25.150000,25.150000
9,Харизма,wereboar-hybrid,4,Синаптический заряд,25.150000,25.150000
9,Харизма,weretiger-human,4,Синаптический заряд,25.150000,25.150000
9,Харизма,weretiger-hybrid,4,Синаптический заряд,25.150000,25.150000
9,Харизма,weretiger-tiger,4,Синаптический заряд,25.150000,25.150000
9,Харизма,wraith,5,Синаптический заряд,24.437500,24.437500
9,Харизма,wyvern,6,Синаптический заряд,27.287500,27.287500
9,Харизма,xorn,5,Синаптический заряд,25.150000,25.150000
9,Харизма,young-black-dragon,7,Синаптический заряд,24.437500,24.437500
9,Харизма,young-blue-dragon,9,Синаптический заряд,23.725000,23.725000
9,Харизма,young-brass-dragon,6,Синаптический заряд,24.437500,24.437500
9,Харизма,young-bronze-dragon,8,Синаптический заряд,23.725000,23.725000
9,Харизма,young-copper-dragon,7,Синаптический заряд,23.012500,23.012500
9,Харизма,young-gold-dragon,10,Синаптический заряд,23.012500,23.012500
9,Харизма,young-green-dragon,8,Синаптический заряд,23.012500,23.012500
9,Харизма,young-red-dragon,10,Синаптический заряд,23.725000,23.725000
9,Харизма,young-silver-dragon,9,Синаптический заряд,23.725000,23.725000
9,Харизма,young-white-dragon,6,Синаптический заряд,26.575000,26.575000
9,Адепт,aboleth,10,"Хроматический шар: холод, ячейка I",11.418750,11.418750
9,Адепт,air-elemental,5,"Хроматический шар: холод, ячейка I",13.206250,13.206250
9,Адепт,archmage,12,"Хроматический шар: холод, ячейка I",13.206250,13.206250
9,Адепт,assassin,8,"Хроматический шар: холод, ячейка I",13.206250,13.206250
9,Адепт,barbed-devil,5,"Хроматический шар: холод, ячейка I",13.206250,13.206250
9,Адепт,behir,11,"Хроматический шар: холод, ячейка I",11.418750,11.418750
9,Адепт,black-pudding,4,"Хроматический шар: холод, ячейка I",0.000000,0.000000
9,Адепт,bone-devil,9,"Хроматический шар: холод, ячейка I",9.631250,9.631250
9,Адепт,bulette,5,"Хроматический шар: холод, ячейка I",11.418750,11.418750
9,Адепт,chain-devil,8,"Хроматический шар: холод, ячейка I",12.312500,12.312500
9,Адепт,chimera,6,"Хроматический шар: холод, ячейка I",14.100000,14.100000
9,Адепт,chuul,4,"Хроматический шар: холод, ячейка I",12.312500,12.312500
9,Адепт,clay-golem,9,"Хроматический шар: холод, ячейка I",14.100000,14.100000
9,Адепт,cloaker,8,"Хроматический шар: холод, ячейка I",14.100000,14.100000
9,Адепт,cloud-giant,9,"Хроматический шар: холод, ячейка I",14.100000,14.100000
9,Адепт,couatl,4,"Хроматический шар: холод, ячейка I",9.631250,9.631250
9,Адепт,deva,10,"Хроматический шар: холод, ячейка I",11.418750,11.418750
9,Адепт,djinni,11,"Хроматический шар: холод, ячейка I",11.418750,11.418750
9,Адепт,drider,6,"Хроматический шар: холод, ячейка I",9.631250,9.631250
9,Адепт,earth-elemental,5,"Хроматический шар: холод, ячейка I",11.418750,11.418750
9,Адепт,efreeti,11,"Хроматический шар: холод, ячейка I",11.418750,11.418750
9,Адепт,elephant,4,"Хроматический шар: холод, ячейка I",15.887500,15.887500
9,Адепт,erinyes,12,"Хроматический шар: холод, ячейка I",10.525000,10.525000
9,Адепт,ettin,4,"Хроматический шар: холод, ячейка I",15.887500,15.887500
9,Адепт,fire-elemental,5,"Хроматический шар: холод, ячейка I",14.993750,14.993750
9,Адепт,fire-giant,9,"Хроматический шар: холод, ячейка I",10.525000,10.525000
9,Адепт,flesh-golem,5,"Хроматический шар: холод, ячейка I",17.675000,17.675000
9,Адепт,frost-giant,8,"Хроматический шар: холод, ячейка I",0.000000,0.000000
9,Адепт,ghost,4,"Хроматический шар: холод, ячейка I",0.000000,0.000000
9,Адепт,giant-ape,7,"Хроматический шар: холод, ячейка I",15.887500,15.887500
9,Адепт,giant-crocodile,5,"Хроматический шар: холод, ячейка I",14.100000,14.100000
9,Адепт,giant-shark,5,"Хроматический шар: холод, ячейка I",14.993750,14.993750
9,Адепт,glabrezu,9,"Хроматический шар: холод, ячейка I",11.418750,11.418750
9,Адепт,gladiator,5,"Хроматический шар: холод, ячейка I",12.312500,12.312500
9,Адепт,gorgon,5,"Хроматический шар: холод, ячейка I",9.631250,9.631250
9,Адепт,guardian-naga,10,"Хроматический шар: холод, ячейка I",10.525000,10.525000
9,Адепт,gynosphinx,11,"Хроматический шар: холод, ячейка I",11.418750,11.418750
9,Адепт,half-red-dragon-veteran,5,"Хроматический шар: холод, ячейка I",10.525000,10.525000
9,Адепт,hezrou,8,"Хроматический шар: холод, ячейка I",12.312500,12.312500
9,Адепт,hill-giant,5,"Хроматический шар: холод, ячейка I",14.993750,14.993750
9,Адепт,horned-devil,11,"Хроматический шар: холод, ячейка I",10.525000,10.525000
9,Адепт,hydra,8,"Хроматический шар: холод, ячейка I",13.206250,13.206250
9,Адепт,invisible-stalker,6,"Хроматический шар: холод, ячейка I",14.100000,14.100000
9,Адепт,lamia,4,"Хроматический шар: холод, ячейка I",14.993750,14.993750
9,Адепт,mage,6,"Хроматический шар: холод, ячейка I",13.206250,13.206250
9,Адепт,mammoth,6,"Хроматический шар: холод, ячейка I",14.993750,14.993750
9,Адепт,medusa,6,"Хроматический шар: холод, ячейка I",13.206250,13.206250
9,Адепт,night-hag,5,"Хроматический шар: холод, ячейка I",11.418750,11.418750
9,Адепт,oni,7,"Хроматический шар: холод, ячейка I",12.312500,12.312500
9,Адепт,otyugh,5,"Хроматический шар: холод, ячейка I",14.100000,14.100000
9,Адепт,red-dragon-wyrmling,4,"Хроматический шар: холод, ячейка I",11.418750,11.418750
9,Адепт,remorhaz,11,"Хроматический шар: холод, ячейка I",0.000000,0.000000
9,Адепт,roc,11,"Хроматический шар: холод, ячейка I",13.206250,13.206250
9,Адепт,roper,5,"Хроматический шар: холод, ячейка I",8.737500,8.737500
9,Адепт,salamander,5,"Хроматический шар: холод, ячейка I",26.412500,26.412500
9,Адепт,shambling-mound,5,"Хроматический шар: холод, ячейка I",13.206250,13.206250
9,Адепт,shield-guardian,7,"Хроматический шар: холод, ячейка I",11.418750,11.418750
9,Адепт,spirit-naga,8,"Хроматический шар: холод, ячейка I",13.206250,13.206250
9,Адепт,stone-giant,7,"Хроматический шар: холод, ячейка I",11.418750,11.418750
9,Адепт,stone-golem,10,"Хроматический шар: холод, ячейка I",11.418750,11.418750
9,Адепт,succubus-incubus,4,"Хроматический шар: холод, ячейка I",13.206250,13.206250
9,Адепт,treant,9,"Хроматический шар: холод, ячейка I",12.312500,12.312500
9,Адепт,triceratops,5,"Хроматический шар: холод, ячейка I",14.993750,14.993750
9,Адепт,troll,5,"Хроматический шар: холод, ячейка I",13.206250,13.206250
9,Адепт,tyrannosaurus-rex,8,"Хроматический шар: холод, ячейка I",14.993750,14.993750
9,Адепт,unicorn,5,"Хроматический шар: холод, ячейка I",15.887500,15.887500
9,Адепт,vampire-spawn,5,"Хроматический шар: холод, ячейка I",13.206250,13.206250
9,Адепт,vrock,6,"Хроматический шар: холод, ячейка I",13.206250,13.206250
9,Адепт,water-elemental,5,"Хроматический шар: холод, ячейка I",14.100000,14.100000
9,Адепт,werebear-bear,5,"Хроматический шар: холод, ячейка I",16.781250,16.781250
9,Адепт,werebear-human,5,"Хроматический шар: холод, ячейка I",17.675000,17.675000
9,Адепт,werebear-hybrid,5,"Хроматический шар: холод, ячейка I",16.781250,16.781250
9,Адепт,wereboar-boar,4,"Хроматический шар: холод, ячейка I",16.781250,16.781250
9,Адепт,wereboar-human,4,"Хроматический шар: холод, ячейка I",17.675000,17.675000
9,Адепт,wereboar-hybrid,4,"Хроматический шар: холод, ячейка I",16.781250,16.781250
9,Адепт,weretiger-human,4,"Хроматический шар: холод, ячейка I",15.887500,15.887500
9,Адепт,weretiger-hybrid,4,"Хроматический шар: холод, ячейка I",15.887500,15.887500
9,Адепт,weretiger-tiger,4,"Хроматический шар: холод, ячейка I",15.887500,15.887500
9,Адепт,wraith,5,"Хроматический шар: холод, ячейка I",14.993750,14.993750
9,Адепт,wyvern,6,"Хроматический шар: холод, ячейка I",14.993750,14.993750
9,Адепт,xorn,5,"Хроматический шар: холод, ячейка I",9.631250,9.631250
9,Адепт,young-black-dragon,7,"Хроматический шар: холод, ячейка I",10.525000,10.525000
9,Адепт,young-blue-dragon,9,"Хроматический шар: холод, ячейка I",10.525000,10.525000
9,Адепт,young-brass-dragon,6,"Хроматический шар: холод, ячейка I",11.418750,11.418750
9,Адепт,young-bronze-dragon,8,"Хроматический шар: холод, ячейка I",10.525000,10.525000
9,Адепт,young-copper-dragon,7,"Хроматический шар: холод, ячейка I",11.418750,11.418750
9,Адепт,young-gold-dragon,10,"Хроматический шар: холод, ячейка I",10.525000,10.525000
9,Адепт,young-green-dragon,8,"Хроматический шар: холод, ячейка I",10.525000,10.525000
9,Адепт,young-red-dragon,10,"Хроматический шар: холод, ячейка I",10.525000,10.525000
9,Адепт,young-silver-dragon,9,"Хроматический шар: холод, ячейка I",0.000000,0.000000
9,Адепт,young-white-dragon,6,"Хроматический шар: холод, ячейка I",0.000000,0.000000
9,Адепт,aboleth,10,Психическая плеть Таши,6.925000,6.925000
9,Адепт,air-elemental,5,Психическая плеть Таши,9.675000,9.675000
9,Адепт,archmage,12,Психическая плеть Таши,5.495000,5.495000
9,Адепт,assassin,8,Психическая плеть Таши,8.025000,8.025000
9,Адепт,barbed-devil,5,Психическая плеть Таши,7.695000,7.695000
9,Адепт,behir,11,Психическая плеть Таши,9.675000,9.675000
9,Адепт,black-pudding,4,Психическая плеть Таши,10.500000,10.500000
9,Адепт,bone-devil,9,Психическая плеть Таши,6.375000,6.375000
9,Адепт,bulette,5,Психическая плеть Таши,10.225000,10.225000
9,Адепт,chain-devil,8,Психическая плеть Таши,8.093750,8.093750
9,Адепт,chimera,6,Психическая плеть Таши,10.225000,10.225000
9,Адепт,chuul,4,Психическая плеть Таши,9.950000,9.950000
9,Адепт,clay-golem,9,Психическая плеть Таши,0.000000,0.000000
9,Адепт,cloaker,8,Психическая плеть Таши,8.850000,8.850000
9,Адепт,cloud-giant,9,Психическая плеть Таши,8.850000,8.850000
9,Адепт,couatl,4,Психическая плеть Таши,0.000000,0.000000
9,Адепт,deva,10,Психическая плеть Таши,6.980000,6.980000
9,Адепт,djinni,11,Психическая плеть Таши,8.575000,8.575000
9,Адепт,drider,6,Психическая плеть Таши,8.850000,8.850000
9,Адепт,earth-elemental,5,Психическая плеть Таши,9.950000,9.950000
9,Адепт,efreeti,11,Психическая плеть Таши,7.200000,7.200000
9,Адепт,elephant,4,Психическая плеть Таши,10.225000,10.225000
9,Адепт,erinyes,12,Психическая плеть Таши,7.323750,7.323750
9,Адепт,ettin,4,Психическая плеть Таши,9.675000,9.675000
9,Адепт,fire-elemental,5,Психическая плеть Таши,9.675000,9.675000
9,Адепт,fire-giant,9,Психическая плеть Таши,9.125000,9.125000
9,Адепт,flesh-golem,5,Психическая плеть Таши,8.973750,8.973750
9,Адепт,frost-giant,8,Психическая плеть Таши,9.400000,9.400000
9,Адепт,ghost,4,Психическая плеть Таши,9.125000,9.125000
9,Адепт,giant-ape,7,Психическая плеть Таши,9.675000,9.675000
9,Адепт,giant-crocodile,5,Психическая плеть Таши,10.225000,10.225000
9,Адепт,giant-shark,5,Психическая плеть Таши,10.500000,10.500000
9,Адепт,glabrezu,9,Психическая плеть Таши,6.663750,6.663750
9,Адепт,gladiator,5,Психическая плеть Таши,9.125000,9.125000
9,Адепт,gorgon,5,Психическая плеть Таши,10.225000,10.225000
9,Адепт,guardian-naga,10,Психическая плеть Таши,7.200000,7.200000
9,Адепт,gynosphinx,11,Психическая плеть Таши,0.000000,0.000000
9,Адепт,half-red-dragon-veteran,5,Психическая плеть Таши,9.125000,9.125000
9,Адепт,hezrou,8,Психическая плеть Таши,9.455000,9.455000
9,Адепт,hill-giant,5,Психическая плеть Таши,9.950000,9.950000
9,Адепт,horned-devil,11,Психическая плеть Таши,7.695000,7.695000
9,Адепт,hydra,8,Психическая плеть Таши,10.225000,10.225000
9,Адепт,invisible-stalker,6,Психическая плеть Таши,9.125000,9.125000
9,Адепт,lamia,4,Психическая плеть Таши,8.575000,8.575000
9,Адепт,mage,6,Психическая плеть Таши,7.475000,7.475000
9,Адепт,mammoth,6,Психическая плеть Таши,10.225000,10.225000
9,Адепт,medusa,6,Психическая плеть Таши,8.850000,8.850000
9,Адепт,night-hag,5,Психическая плеть Таши,6.980000,6.980000
9,Адепт,oni,7,Психическая плеть Таши,8.575000,8.575000
9,Адепт,otyugh,5,Психическая плеть Таши,9.675000,9.675000
9,Адепт,red-dragon-wyrmling,4,Психическая плеть Таши,8.850000,8.850000
9,Адепт,remorhaz,11,Психическая плеть Таши,9.950000,9.950000
9,Адепт,roc,11,Психическая плеть Таши,10.225000,10.225000
9,Адепт,roper,5,Психическая плеть Таши,9.675000,9.675000
9,Адепт,salamander,5,Психическая плеть Таши,9.125000,9.125000
9,Адепт,shambling-mound,5,Психическая плеть Таши,9.950000,9.950000
9,Адепт,shield-guardian,7,Психическая плеть Таши,9.675000,9.675000
9,Адепт,spirit-naga,8,Психическая плеть Таши,8.300000,8.300000
9,Адепт,stone-giant,7,Психическая плеть Таши,9.125000,9.125000
9,Адепт,stone-golem,10,Психическая плеть Таши,0.000000,0.000000
9,Адепт,succubus-incubus,4,Психическая плеть Таши,8.575000,8.575000
9,Адепт,treant,9,Психическая плеть Таши,8.850000,8.850000
9,Адепт,triceratops,5,Психическая плеть Таши,10.225000,10.225000
9,Адепт,troll,5,Психическая плеть Таши,9.675000,9.675000
9,Адепт,tyrannosaurus-rex,8,Психическая плеть Таши,10.225000,10.225000
9,Адепт,unicorn,5,Психическая плеть Таши,8.093750,8.093750
9,Адепт,vampire-spawn,5,Психическая плеть Таши,9.125000,9.125000
9,Адепт,vrock,6,Психическая плеть Таши,8.520000,8.520000
9,Адепт,water-elemental,5,Психическая плеть Таши,9.950000,9.950000
9,Адепт,werebear-bear,5,Психическая плеть Таши,9.125000,9.125000
9,Адепт,werebear-human,5,Психическая плеть Таши,9.125000,9.125000
9,Адепт,werebear-hybrid,5,Психическая плеть Таши,9.125000,9.125000
9,Адепт,wereboar-boar,4,Психическая плеть Таши,9.125000,9.125000
9,Адепт,wereboar-human,4,Психическая плеть Таши,9.125000,9.125000
9,Адепт,wereboar-hybrid,4,Психическая плеть Таши,9.125000,9.125000
9,Адепт,weretiger-human,4,Психическая плеть Таши,9.125000,9.125000
9,Адепт,weretiger-hybrid,4,Психическая плеть Таши,9.125000,9.125000
9,Адепт,weretiger-tiger,4,Психическая плеть Таши,9.125000,9.125000
9,Адепт,wraith,5,Психическая плеть Таши,8.850000,8.850000
9,Адепт,wyvern,6,Психическая плеть Таши,9.950000,9.950000
9,Адепт,xorn,5,Психическая плеть Таши,9.125000,9.125000
9,Адепт,young-black-dragon,7,Психическая плеть Таши,8.850000,8.850000
9,Адепт,young-blue-dragon,9,Психическая плеть Таши,8.575000,8.575000
9,Адепт,young-brass-dragon,6,Психическая плеть Таши,8.850000,8.850000
9,Адепт,young-bronze-dragon,8,Психическая плеть Таши,8.575000,8.575000
9,Адепт,young-copper-dragon,7,Психическая плеть Таши,8.300000,8.300000
9,Адепт,young-gold-dragon,10,Психическая плеть Таши,8.300000,8.300000
9,Адепт,young-green-dragon,8,Психическая плеть Таши,8.300000,8.300000
9,Адепт,young-red-dragon,10,Психическая плеть Таши,8.575000,8.575000
9,Адепт,young-silver-dragon,9,Психическая плеть Таши,8.575000,8.575000
9,Адепт,young-white-dragon,6,Психическая плеть Таши,9.675000,9.675000
9,Адепт,aboleth,10,Псионический заряд,20.200000,20.200000
9,Адепт,air-elemental,5,Псионический заряд,16.750000,16.750000
9,Адепт,archmage,12,Псионический заряд,15.858750,15.858750
9,Адепт,assassin,8,Псионический заряд,16.175000,16.175000
9,Адепт,barbed-devil,5,Псионический заряд,15.140000,15.140000
9,Адепт,behir,11,Псионический заряд,17.900000,17.900000
9,Адепт,black-pudding,4,Псионический заряд,21.350000,21.350000
9,Адепт,bone-devil,9,Псионический заряд,15.140000,15.140000
9,Адепт,bulette,5,Псионический заряд,19.625000,19.625000
9,Адепт,chain-devil,8,Псионический заряд,15.858750,15.858750
9,Адепт,chimera,6,Псионический заряд,19.625000,19.625000
9,Адепт,chuul,4,Псионический заряд,19.625000,19.625000
9,Адепт,clay-golem,9,Псионический заряд,18.360000,18.360000
9,Адепт,cloaker,8,Псионический заряд,18.475000,18.475000
9,Адепт,cloud-giant,9,Псионический заряд,19.625000,19.625000
9,Адепт,couatl,4,Псионический заряд,16.750000,16.750000
9,Адепт,deva,10,Псионический заряд,14.478750,14.478750
9,Адепт,djinni,11,Псионический заряд,16.175000,16.175000
9,Адепт,drider,6,Псионический заряд,17.900000,17.900000
9,Адепт,earth-elemental,5,Псионический заряд,20.200000,20.200000
9,Адепт,efreeti,11,Псионический заряд,19.050000,19.050000
9,Адепт,elephant,4,Псионический заряд,20.200000,20.200000
9,Адепт,erinyes,12,Псионический заряд,12.840000,12.840000
9,Адепт,ettin,4,Псионический заряд,20.200000,20.200000
9,Адепт,fire-elemental,5,Псионический заряд,17.900000,17.900000
9,Адепт,fire-giant,9,Псионический заряд,17.900000,17.900000
9,Адепт,flesh-golem,5,Псионический заряд,18.360000,18.360000
9,Адепт,frost-giant,8,Псионический заряд,20.200000,20.200000
9,Адепт,ghost,4,Псионический заряд,19.050000,19.050000
9,Адепт,giant-ape,7,Псионический заряд,18.475000,18.475000
9,Адепт,giant-crocodile,5,Псионический заряд,20.200000,20.200000
9,Адепт,giant-shark,5,Псионический заряд,19.625000,19.625000
9,Адепт,glabrezu,9,Псионический заряд,15.858750,15.858750
9,Адепт,gladiator,5,Псионический заряд,16.750000,16.750000
9,Адепт,gorgon,5,Псионический заряд,19.625000,19.625000
9,Адепт,guardian-naga,10,Псионический заряд,15.025000,15.025000
9,Адепт,gynosphinx,11,Псионический заряд,18.475000,18.475000
9,Адепт,half-red-dragon-veteran,5,Псионический заряд,19.050000,19.050000
9,Адепт,hezrou,8,Псионический заряд,15.140000,15.140000
9,Адепт,hill-giant,5,Псионический заряд,20.200000,20.200000
9,Адепт,horned-devil,11,Псионический заряд,12.840000,12.840000
9,Адепт,hydra,8,Псионический заряд,19.050000,19.050000
9,Адепт,invisible-stalker,6,Псионический заряд,17.325000,17.325000
9,Адепт,lamia,4,Псионический заряд,19.050000,19.050000
9,Адепт,mage,6,Псионический заряд,18.475000,18.475000
9,Адепт,mammoth,6,Псионический заряд,20.200000,20.200000
9,Адепт,medusa,6,Псионический заряд,18.475000,18.475000
9,Адепт,night-hag,5,Псионический заряд,15.858750,15.858750
9,Адепт,oni,7,Псионический заряд,17.900000,17.900000
9,Адепт,otyugh,5,Псионический заряд,19.625000,19.625000
9,Адепт,red-dragon-wyrmling,4,Псионический заряд,18.475000,18.475000
9,Адепт,remorhaz,11,Псионический заряд,19.050000,19.050000
9,Адепт,roc,11,Псионический заряд,17.325000,17.325000
9,Адепт,roper,5,Псионический заряд,20.200000,20.200000
9,Адепт,salamander,5,Псионический заряд,18.475000,18.475000
9,Адепт,shambling-mound,5,Псионический заряд,20.200000,20.200000
9,Адепт,shield-guardian,7,Псионический заряд,20.200000,20.200000
9,Адепт,spirit-naga,8,Псионический заряд,16.175000,16.175000
9,Адепт,stone-giant,7,Псионический заряд,16.750000,16.750000
9,Адепт,stone-golem,10,Псионический заряд,18.360000,18.360000
9,Адепт,succubus-incubus,4,Псионический заряд,17.900000,17.900000
9,Адепт,treant,9,Псионический заряд,20.200000,20.200000
9,Адепт,triceratops,5,Псионический заряд,20.200000,20.200000
9,Адепт,troll,5,Псионический заряд,19.050000,19.050000
9,Адепт,tyrannosaurus-rex,8,Псионический заряд,19.625000,19.625000
9,Адепт,unicorn,5,Псионический заряд,15.858750,15.858750
9,Адепт,vampire-spawn,5,Псионический заряд,16.175000,16.175000
9,Адепт,vrock,6,Псионический заряд,13.875000,13.875000
9,Адепт,water-elemental,5,Псионический заряд,18.475000,18.475000
9,Адепт,werebear-bear,5,Псионический заряд,19.625000,19.625000
9,Адепт,werebear-human,5,Псионический заряд,19.625000,19.625000
9,Адепт,werebear-hybrid,5,Псионический заряд,19.625000,19.625000
9,Адепт,wereboar-boar,4,Псионический заряд,19.625000,19.625000
9,Адепт,wereboar-human,4,Псионический заряд,19.625000,19.625000
9,Адепт,wereboar-hybrid,4,Псионический заряд,19.625000,19.625000
9,Адепт,weretiger-human,4,Псионический заряд,18.475000,18.475000
9,Адепт,weretiger-hybrid,4,Псионический заряд,18.475000,18.475000
9,Адепт,weretiger-tiger,4,Псионический заряд,18.475000,18.475000
9,Адепт,wraith,5,Псионический заряд,17.900000,17.900000
9,Адепт,wyvern,6,Псионический заряд,19.625000,19.625000
9,Адепт,xorn,5,Псионический заряд,19.625000,19.625000
9,Адепт,young-black-dragon,7,Псионический заряд,16.750000,16.750000
9,Адепт,young-blue-dragon,9,Псионический заряд,17.325000,17.325000
9,Адепт,young-brass-dragon,6,Псионический заряд,17.900000,17.900000
9,Адепт,young-bronze-dragon,8,Псионический заряд,17.900000,17.900000
9,Адепт,young-copper-dragon,7,Псионический заряд,17.325000,17.325000
9,Адепт,young-gold-dragon,10,Псионический заряд,16.175000,16.175000
9,Адепт,young-green-dragon,8,Псионический заряд,17.325000,17.325000
9,Адепт,young-red-dragon,10,Псионический заряд,17.325000,17.325000
9,Адепт,young-silver-dragon,9,Псионический заряд,17.325000,17.325000
9,Адепт,young-white-dragon,6,Псионический заряд,17.900000,17.900000
9,Адепт,aboleth,10,Застывшие лезвия: одно срабатывание,19.701852,19.701852
9,Адепт,air-elemental,5,Застывшие лезвия: одно срабатывание,16.254630,16.254630
9,Адепт,archmage,12,Застывшие лезвия: одно срабатывание,15.364097,15.364097
9,Адепт,assassin,8,Застывшие лезвия: одно срабатывание,15.680093,15.680093
9,Адепт,barbed-devil,5,Застывшие лезвия: одно срабатывание,14.645926,14.645926
9,Адепт,behir,11,Застывшие лезвия: одно срабатывание,17.403704,17.403704
9,Адепт,black-pudding,4,Застывшие лезвия: одно срабатывание,0.000000,0.000000
9,Адепт,bone-devil,9,Застывшие лезвия: одно срабатывание,14.645926,14.645926
9,Адепт,bulette,5,Застывшие лезвия: одно срабатывание,19.127315,19.127315
9,Адепт,chain-devil,8,Застывшие лезвия: одно срабатывание,15.364097,15.364097
9,Адепт,chimera,6,Застывшие лезвия: одно срабатывание,19.127315,19.127315
9,Адепт,chuul,4,Застывшие лезвия: одно срабатывание,19.127315,19.127315
9,Адепт,clay-golem,9,Застывшие лезвия: одно срабатывание,17.863333,17.863333
9,Адепт,cloaker,8,Застывшие лезвия: одно срабатывание,17.978241,17.978241
9,Адепт,cloud-giant,9,Застывшие лезвия: одно срабатывание,19.127315,19.127315
9,Адепт,couatl,4,Застывшие лезвия: одно срабатывание,16.254630,16.254630
9,Адепт,deva,10,Застывшие лезвия: одно срабатывание,13.985208,13.985208
9,Адепт,djinni,11,Застывшие лезвия: одно срабатывание,15.680093,15.680093
9,Адепт,drider,6,Застывшие лезвия: одно срабатывание,17.403704,17.403704
9,Адепт,earth-elemental,5,Застывшие лезвия: одно срабатывание,19.701852,19.701852
9,Адепт,efreeti,11,Застывшие лезвия: одно срабатывание,18.552778,18.552778
9,Адепт,elephant,4,Застывшие лезвия: одно срабатывание,19.701852,19.701852
9,Адепт,erinyes,12,Застывшие лезвия: одно срабатывание,12.347778,12.347778
9,Адепт,ettin,4,Застывшие лезвия: одно срабатывание,19.701852,19.701852
9,Адепт,fire-elemental,5,Застывшие лезвия: одно срабатывание,17.403704,17.403704
9,Адепт,fire-giant,9,Застывшие лезвия: одно срабатывание,17.403704,17.403704
9,Адепт,flesh-golem,5,Застывшие лезвия: одно срабатывание,17.863333,17.863333
9,Адепт,frost-giant,8,Застывшие лезвия: одно срабатывание,6.250000,6.250000
9,Адепт,ghost,4,Застывшие лезвия: одно срабатывание,5.875000,5.875000
9,Адепт,giant-ape,7,Застывшие лезвия: одно срабатывание,17.978241,17.978241
9,Адепт,giant-crocodile,5,Застывшие лезвия: одно срабатывание,19.701852,19.701852
9,Адепт,giant-shark,5,Застывшие лезвия: одно срабатывание,19.127315,19.127315
9,Адепт,glabrezu,9,Застывшие лезвия: одно срабатывание,15.364097,15.364097
9,Адепт,gladiator,5,Застывшие лезвия: одно срабатывание,16.254630,16.254630
9,Адепт,gorgon,5,Застывшие лезвия: одно срабатывание,19.127315,19.127315
9,Адепт,guardian-naga,10,Застывшие лезвия: одно срабатывание,14.531019,14.531019
9,Адепт,gynosphinx,11,Застывшие лезвия: одно срабатывание,17.978241,17.978241
9,Адепт,half-red-dragon-veteran,5,Застывшие лезвия: одно срабатывание,18.552778,18.552778
9,Адепт,hezrou,8,Застывшие лезвия: одно срабатывание,14.645926,14.645926
9,Адепт,hill-giant,5,Застывшие лезвия: одно срабатывание,19.701852,19.701852
9,Адепт,horned-devil,11,Застывшие лезвия: одно срабатывание,12.347778,12.347778
9,Адепт,hydra,8,Застывшие лезвия: одно срабатывание,18.552778,18.552778
9,Адепт,invisible-stalker,6,Застывшие лезвия: одно срабатывание,16.829167,16.829167
9,Адепт,lamia,4,Застывшие лезвия: одно срабатывание,18.552778,18.552778
9,Адепт,mage,6,Застывшие лезвия: одно срабатывание,17.978241,17.978241
9,Адепт,mammoth,6,Застывшие лезвия: одно срабатывание,19.701852,19.701852
9,Адепт,medusa,6,Застывшие лезвия: одно срабатывание,17.978241,17.978241
9,Адепт,night-hag,5,Застывшие лезвия: одно срабатывание,15.364097,15.364097
9,Адепт,oni,7,Застывшие лезвия: одно срабатывание,17.403704,17.403704
9,Адепт,otyugh,5,Застывшие лезвия: одно срабатывание,19.127315,19.127315
9,Адепт,red-dragon-wyrmling,4,Застывшие лезвия: одно срабатывание,17.978241,17.978241
9,Адепт,remorhaz,11,Застывшие лезвия: одно срабатывание,5.875000,5.875000
9,Адепт,roc,11,Застывшие лезвия: одно срабатывание,16.829167,16.829167
9,Адепт,roper,5,Застывшие лезвия: одно срабатывание,19.701852,19.701852
9,Адепт,salamander,5,Застывшие лезвия: одно срабатывание,30.268981,30.268981
9,Адепт,shambling-mound,5,Застывшие лезвия: одно срабатывание,19.701852,19.701852
9,Адепт,shield-guardian,7,Застывшие лезвия: одно срабатывание,19.701852,19.701852
9,Адепт,spirit-naga,8,Застывшие лезвия: одно срабатывание,15.680093,15.680093
9,Адепт,stone-giant,7,Застывшие лезвия: одно срабатывание,16.254630,16.254630
9,Адепт,stone-golem,10,Застывшие лезвия: одно срабатывание,17.863333,17.863333
9,Адепт,succubus-incubus,4,Застывшие лезвия: одно срабатывание,17.403704,17.403704
9,Адепт,treant,9,Застывшие лезвия: одно срабатывание,19.701852,19.701852
9,Адепт,triceratops,5,Застывшие лезвия: одно срабатывание,19.701852,19.701852
9,Адепт,troll,5,Застывшие лезвия: одно срабатывание,18.552778,18.552778
9,Адепт,tyrannosaurus-rex,8,Застывшие лезвия: одно срабатывание,19.127315,19.127315
9,Адепт,unicorn,5,Застывшие лезвия: одно срабатывание,15.364097,15.364097
9,Адепт,vampire-spawn,5,Застывшие лезвия: одно срабатывание,15.680093,15.680093
9,Адепт,vrock,6,Застывшие лезвия: одно срабатывание,13.381944,13.381944
9,Адепт,water-elemental,5,Застывшие лезвия: одно срабатывание,17.978241,17.978241
9,Адепт,werebear-bear,5,Застывшие лезвия: одно срабатывание,19.127315,19.127315
9,Адепт,werebear-human,5,Застывшие лезвия: одно срабатывание,19.127315,19.127315
9,Адепт,werebear-hybrid,5,Застывшие лезвия: одно срабатывание,19.127315,19.127315
9,Адепт,wereboar-boar,4,Застывшие лезвия: одно срабатывание,19.127315,19.127315
9,Адепт,wereboar-human,4,Застывшие лезвия: одно срабатывание,19.127315,19.127315
9,Адепт,wereboar-hybrid,4,Застывшие лезвия: одно срабатывание,19.127315,19.127315
9,Адепт,weretiger-human,4,Застывшие лезвия: одно срабатывание,17.978241,17.978241
9,Адепт,weretiger-hybrid,4,Застывшие лезвия: одно срабатывание,17.978241,17.978241
9,Адепт,weretiger-tiger,4,Застывшие лезвия: одно срабатывание,17.978241,17.978241
9,Адепт,wraith,5,Застывшие лезвия: одно срабатывание,17.403704,17.403704
9,Адепт,wyvern,6,Застывшие лезвия: одно срабатывание,19.127315,19.127315
9,Адепт,xorn,5,Застывшие лезвия: одно срабатывание,19.127315,19.127315
9,Адепт,young-black-dragon,7,Застывшие лезвия: одно срабатывание,16.254630,16.254630
9,Адепт,young-blue-dragon,9,Застывшие лезвия: одно срабатывание,16.829167,16.829167
9,Адепт,young-brass-dragon,6,Застывшие лезвия: одно срабатывание,17.403704,17.403704
9,Адепт,young-bronze-dragon,8,Застывшие лезвия: одно срабатывание,17.403704,17.403704
9,Адепт,young-copper-dragon,7,Застывшие лезвия: одно срабатывание,16.829167,16.829167
9,Адепт,young-gold-dragon,10,Застывшие лезвия: одно срабатывание,15.680093,15.680093
9,Адепт,young-green-dragon,8,Застывшие лезвия: одно срабатывание,16.829167,16.829167
9,Адепт,young-red-dragon,10,Застывшие лезвия: одно срабатывание,16.829167,16.829167
9,Адепт,young-silver-dragon,9,Застывшие лезвия: одно срабатывание,5.312500,5.312500
9,Адепт,young-white-dragon,6,Застывшие лезвия: одно срабатывание,5.500000,5.500000
9,Адепт,aboleth,10,"Огненный шар: альтернатива, не выбор игрока",25.150000,25.150000
9,Адепт,air-elemental,5,"Огненный шар: альтернатива, не выбор игрока",20.875000,20.875000
9,Адепт,archmage,12,"Огненный шар: альтернатива, не выбор игрока",19.770625,19.770625
9,Адепт,assassin,8,"Огненный шар: альтернатива, не выбор игрока",20.162500,20.162500
9,Адепт,barbed-devil,5,"Огненный шар: альтернатива, не выбор игрока",0.000000,0.000000
9,Адепт,behir,11,"Огненный шар: альтернатива, не выбор игрока",22.300000,22.300000
9,Адепт,black-pudding,4,"Огненный шар: альтернатива, не выбор игрока",26.575000,26.575000
9,Адепт,bone-devil,9,"Огненный шар: альтернатива, не выбор игрока",0.000000,0.000000
9,Адепт,bulette,5,"Огненный шар: альтернатива, не выбор игрока",24.437500,24.437500
9,Адепт,chain-devil,8,"Огненный шар: альтернатива, не выбор игрока",0.000000,0.000000
9,Адепт,chimera,6,"Огненный шар: альтернатива, не выбор игрока",24.437500,24.437500
9,Адепт,chuul,4,"Огненный шар: альтернатива, не выбор игрока",24.437500,24.437500
9,Адепт,clay-golem,9,"Огненный шар: альтернатива, не выбор игрока",22.870000,22.870000
9,Адепт,cloaker,8,"Огненный шар: альтернатива, не выбор игрока",23.012500,23.012500
9,Адепт,cloud-giant,9,"Огненный шар: альтернатива, не выбор игрока",24.437500,24.437500
9,Адепт,couatl,4,"Огненный шар: альтернатива, не выбор игрока",20.875000,20.875000
9,Адепт,deva,10,"Огненный шар: альтернатива, не выбор игрока",18.060625,18.060625
9,Адепт,djinni,11,"Огненный шар: альтернатива, не выбор игрока",20.162500,20.162500
9,Адепт,drider,6,"Огненный шар: альтернатива, не выбор игрока",22.300000,22.300000
9,Адепт,earth-elemental,5,"Огненный шар: альтернатива, не выбор игрока",25.150000,25.150000
9,Адепт,efreeti,11,"Огненный шар: альтернатива, не выбор игрока",0.000000,0.000000
9,Адепт,elephant,4,"Огненный шар: альтернатива, не выбор игрока",25.150000,25.150000
9,Адепт,erinyes,12,"Огненный шар: альтернатива, не выбор игрока",0.000000,0.000000
9,Адепт,ettin,4,"Огненный шар: альтернатива, не выбор игрока",25.150000,25.150000
9,Адепт,fire-elemental,5,"Огненный шар: альтернатива, не выбор игрока",0.000000,0.000000
9,Адепт,fire-giant,9,"Огненный шар: альтернатива, не выбор игрока",0.000000,0.000000
9,Адепт,flesh-golem,5,"Огненный шар: альтернатива, не выбор игрока",22.870000,22.870000
9,Адепт,frost-giant,8,"Огненный шар: альтернатива, не выбор игрока",25.150000,25.150000
9,Адепт,ghost,4,"Огненный шар: альтернатива, не выбор игрока",11.612501,11.612501
9,Адепт,giant-ape,7,"Огненный шар: альтернатива, не выбор игрока",23.012500,23.012500
9,Адепт,giant-crocodile,5,"Огненный шар: альтернатива, не выбор игрока",25.150000,25.150000
9,Адепт,giant-shark,5,"Огненный шар: альтернатива, не выбор игрока",24.437500,24.437500
9,Адепт,glabrezu,9,"Огненный шар: альтернатива, не выбор игрока",9.635314,9.635314
9,Адепт,gladiator,5,"Огненный шар: альтернатива, не выбор игрока",20.875000,20.875000
9,Адепт,gorgon,5,"Огненный шар: альтернатива, не выбор игрока",24.437500,24.437500
9,Адепт,guardian-naga,10,"Огненный шар: альтернатива, не выбор игрока",18.737500,18.737500
9,Адепт,gynosphinx,11,"Огненный шар: альтернатива, не выбор игрока",23.012500,23.012500
9,Адепт,half-red-dragon-veteran,5,"Огненный шар: альтернатива, не выбор игрока",11.612501,11.612501
9,Адепт,hezrou,8,"Огненный шар: альтернатива, не выбор игрока",9.190002,9.190002
9,Адепт,hill-giant,5,"Огненный шар: альтернатива, не выбор игрока",25.150000,25.150000
9,Адепт,horned-devil,11,"Огненный шар: альтернатива, не выбор игрока",0.000000,0.000000
9,Адепт,hydra,8,"Огненный шар: альтернатива, не выбор игрока",23.725000,23.725000
9,Адепт,invisible-stalker,6,"Огненный шар: альтернатива, не выбор игрока",21.587500,21.587500
9,Адепт,lamia,4,"Огненный шар: альтернатива, не выбор игрока",23.725000,23.725000
9,Адепт,mage,6,"Огненный шар: альтернатива, не выбор игрока",23.012500,23.012500
9,Адепт,mammoth,6,"Огненный шар: альтернатива, не выбор игрока",25.150000,25.150000
9,Адепт,medusa,6,"Огненный шар: альтернатива, не выбор игрока",23.012500,23.012500
9,Адепт,night-hag,5,"Огненный шар: альтернатива, не выбор игрока",9.635314,9.635314
9,Адепт,oni,7,"Огненный шар: альтернатива, не выбор игрока",22.300000,22.300000
9,Адепт,otyugh,5,"Огненный шар: альтернатива, не выбор игрока",24.437500,24.437500
9,Адепт,red-dragon-wyrmling,4,"Огненный шар: альтернатива, не выбор игрока",0.000000,0.000000
9,Адепт,remorhaz,11,"Огненный шар: альтернатива, не выбор игрока",0.000000,0.000000
9,Адепт,roc,11,"Огненный шар: альтернатива, не выбор игрока",21.587500,21.587500
9,Адепт,roper,5,"Огненный шар: альтернатива, не выбор игрока",25.150000,25.150000
9,Адепт,salamander,5,"Огненный шар: альтернатива, не выбор игрока",0.000000,0.000000
9,Адепт,shambling-mound,5,"Огненный шар: альтернатива, не выбор игрока",12.325000,12.325000
9,Адепт,shield-guardian,7,"Огненный шар: альтернатива, не выбор игрока",25.150000,25.150000
9,Адепт,spirit-naga,8,"Огненный шар: альтернатива, не выбор игрока",20.162500,20.162500
9,Адепт,stone-giant,7,"Огненный шар: альтернатива, не выбор игрока",20.875000,20.875000
9,Адепт,stone-golem,10,"Огненный шар: альтернатива, не выбор игрока",22.870000,22.870000
9,Адепт,succubus-incubus,4,"Огненный шар: альтернатива, не выбор игрока",10.900001,10.900001
9,Адепт,treant,9,"Огненный шар: альтернатива, не выбор игрока",50.300000,50.300000
9,Адепт,triceratops,5,"Огненный шар: альтернатива, не выбор игрока",25.150000,25.150000
9,Адепт,troll,5,"Огненный шар: альтернатива, не выбор игрока",23.725000,23.725000
9,Адепт,tyrannosaurus-rex,8,"Огненный шар: альтернатива, не выбор игрока",24.437500,24.437500
9,Адепт,unicorn,5,"Огненный шар: альтернатива, не выбор игрока",19.770625,19.770625
9,Адепт,vampire-spawn,5,"Огненный шар: альтернатива, не выбор игрока",20.162500,20.162500
9,Адепт,vrock,6,"Огненный шар: альтернатива, не выбор игрока",8.406252,8.406252
9,Адепт,water-elemental,5,"Огненный шар: альтернатива, не выбор игрока",23.012500,23.012500
9,Адепт,werebear-bear,5,"Огненный шар: альтернатива, не выбор игрока",24.437500,24.437500
9,Адепт,werebear-human,5,"Огненный шар: альтернатива, не выбор игрока",24.437500,24.437500
9,Адепт,werebear-hybrid,5,"Огненный шар: альтернатива, не выбор игрока",24.437500,24.437500
9,Адепт,wereboar-boar,4,"Огненный шар: альтернатива, не выбор игрока",24.437500,24.437500
9,Адепт,wereboar-human,4,"Огненный шар: альтернатива, не выбор игрока",24.437500,24.437500
9,Адепт,wereboar-hybrid,4,"Огненный шар: альтернатива, не выбор игрока",24.437500,24.437500
9,Адепт,weretiger-human,4,"Огненный шар: альтернатива, не выбор игрока",23.012500,23.012500
9,Адепт,weretiger-hybrid,4,"Огненный шар: альтернатива, не выбор игрока",23.012500,23.012500
9,Адепт,weretiger-tiger,4,"Огненный шар: альтернатива, не выбор игрока",23.012500,23.012500
9,Адепт,wraith,5,"Огненный шар: альтернатива, не выбор игрока",10.900001,10.900001
9,Адепт,wyvern,6,"Огненный шар: альтернатива, не выбор игрока",24.437500,24.437500
9,Адепт,xorn,5,"Огненный шар: альтернатива, не выбор игрока",24.437500,24.437500
9,Адепт,young-black-dragon,7,"Огненный шар: альтернатива, не выбор игрока",20.875000,20.875000
9,Адепт,young-blue-dragon,9,"Огненный шар: альтернатива, не выбор игрока",21.587500,21.587500
9,Адепт,young-brass-dragon,6,"Огненный шар: альтернатива, не выбор игрока",0.000000,0.000000
9,Адепт,young-bronze-dragon,8,"Огненный шар: альтернатива, не выбор игрока",22.300000,22.300000
9,Адепт,young-copper-dragon,7,"Огненный шар: альтернатива, не выбор игрока",21.587500,21.587500
9,Адепт,young-gold-dragon,10,"Огненный шар: альтернатива, не выбор игрока",0.000000,0.000000
9,Адепт,young-green-dragon,8,"Огненный шар: альтернатива, не выбор игрока",21.587500,21.587500
9,Адепт,young-red-dragon,10,"Огненный шар: альтернатива, не выбор игрока",0.000000,0.000000
9,Адепт,young-silver-dragon,9,"Огненный шар: альтернатива, не выбор игрока",21.587500,21.587500
9,Адепт,young-white-dragon,6,"Огненный шар: альтернатива, не выбор игрока",22.300000,22.300000
9,Адепт,aboleth,10,Мистическое копьё Раулотима,16.375000,16.375000
9,Адепт,air-elemental,5,Мистическое копьё Раулотима,22.625000,22.625000
9,Адепт,archmage,12,Мистическое копьё Раулотима,13.125000,13.125000
9,Адепт,assassin,8,Мистическое копьё Раулотима,18.875000,18.875000
9,Адепт,barbed-devil,5,Мистическое копьё Раулотима,18.125000,18.125000
9,Адепт,behir,11,Мистическое копьё Раулотима,22.625000,22.625000
9,Адепт,black-pudding,4,Мистическое копьё Раулотима,24.500000,24.500000
9,Адепт,bone-devil,9,Мистическое копьё Раулотима,15.125000,15.125000
9,Адепт,bulette,5,Мистическое копьё Раулотима,23.875000,23.875000
9,Адепт,chain-devil,8,Мистическое копьё Раулотима,19.031250,19.031250
9,Адепт,chimera,6,Мистическое копьё Раулотима,23.875000,23.875000
9,Адепт,chuul,4,Мистическое копьё Раулотима,23.250000,23.250000
9,Адепт,clay-golem,9,Мистическое копьё Раулотима,0.000000,0.000000
9,Адепт,cloaker,8,Мистическое копьё Раулотима,20.750000,20.750000
9,Адепт,cloud-giant,9,Мистическое копьё Раулотима,20.750000,20.750000
9,Адепт,couatl,4,Мистическое копьё Раулотима,0.000000,0.000000
9,Адепт,deva,10,Мистическое копьё Раулотима,16.500000,16.500000
9,Адепт,djinni,11,Мистическое копьё Раулотима,20.125000,20.125000
9,Адепт,drider,6,Мистическое копьё Раулотима,20.750000,20.750000
9,Адепт,earth-elemental,5,Мистическое копьё Раулотима,23.250000,23.250000
9,Адепт,efreeti,11,Мистическое копьё Раулотима,17.000000,17.000000
9,Адепт,elephant,4,Мистическое копьё Раулотима,23.875000,23.875000
9,Адепт,erinyes,12,Мистическое копьё Раулотима,17.281250,17.281250
9,Адепт,ettin,4,Мистическое копьё Раулотима,22.625000,22.625000
9,Адепт,fire-elemental,5,Мистическое копьё Раулотима,22.625000,22.625000
9,Адепт,fire-giant,9,Мистическое копьё Раулотима,21.375000,21.375000
9,Адепт,flesh-golem,5,Мистическое копьё Раулотима,21.031250,21.031250
9,Адепт,frost-giant,8,Мистическое копьё Раулотима,22.000000,22.000000
9,Адепт,ghost,4,Мистическое копьё Раулотима,21.375000,21.375000
9,Адепт,giant-ape,7,Мистическое копьё Раулотима,22.625000,22.625000
9,Адепт,giant-crocodile,5,Мистическое копьё Раулотима,23.875000,23.875000
9,Адепт,giant-shark,5,Мистическое копьё Раулотима,24.500000,24.500000
9,Адепт,glabrezu,9,Мистическое копьё Раулотима,15.781250,15.781250
9,Адепт,gladiator,5,Мистическое копьё Раулотима,21.375000,21.375000
9,Адепт,gorgon,5,Мистическое копьё Раулотима,23.875000,23.875000
9,Адепт,guardian-naga,10,Мистическое копьё Раулотима,17.000000,17.000000
9,Адепт,gynosphinx,11,Мистическое копьё Раулотима,0.000000,0.000000
9,Адепт,half-red-dragon-veteran,5,Мистическое копьё Раулотима,21.375000,21.375000
9,Адепт,hezrou,8,Мистическое копьё Раулотима,22.125000,22.125000
9,Адепт,hill-giant,5,Мистическое копьё Раулотима,23.250000,23.250000
9,Адепт,horned-devil,11,Мистическое копьё Раулотима,18.125000,18.125000
9,Адепт,hydra,8,Мистическое копьё Раулотима,23.875000,23.875000
9,Адепт,invisible-stalker,6,Мистическое копьё Раулотима,21.375000,21.375000
9,Адепт,lamia,4,Мистическое копьё Раулотима,20.125000,20.125000
9,Адепт,mage,6,Мистическое копьё Раулотима,17.625000,17.625000
9,Адепт,mammoth,6,Мистическое копьё Раулотима,23.875000,23.875000
9,Адепт,medusa,6,Мистическое копьё Раулотима,20.750000,20.750000
9,Адепт,night-hag,5,Мистическое копьё Раулотима,16.500000,16.500000
9,Адепт,oni,7,Мистическое копьё Раулотима,20.125000,20.125000
9,Адепт,otyugh,5,Мистическое копьё Раулотима,22.625000,22.625000
9,Адепт,red-dragon-wyrmling,4,Мистическое копьё Раулотима,20.750000,20.750000
9,Адепт,remorhaz,11,Мистическое копьё Раулотима,23.250000,23.250000
9,Адепт,roc,11,Мистическое копьё Раулотима,23.875000,23.875000
9,Адепт,roper,5,Мистическое копьё Раулотима,22.625000,22.625000
9,Адепт,salamander,5,Мистическое копьё Раулотима,21.375000,21.375000
9,Адепт,shambling-mound,5,Мистическое копьё Раулотима,23.250000,23.250000
9,Адепт,shield-guardian,7,Мистическое копьё Раулотима,22.625000,22.625000
9,Адепт,spirit-naga,8,Мистическое копьё Раулотима,19.500000,19.500000
9,Адепт,stone-giant,7,Мистическое копьё Раулотима,21.375000,21.375000
9,Адепт,stone-golem,10,Мистическое копьё Раулотима,0.000000,0.000000
9,Адепт,succubus-incubus,4,Мистическое копьё Раулотима,20.125000,20.125000
9,Адепт,treant,9,Мистическое копьё Раулотима,20.750000,20.750000
9,Адепт,triceratops,5,Мистическое копьё Раулотима,23.875000,23.875000
9,Адепт,troll,5,Мистическое копьё Раулотима,22.625000,22.625000
9,Адепт,tyrannosaurus-rex,8,Мистическое копьё Раулотима,23.875000,23.875000
9,Адепт,unicorn,5,Мистическое копьё Раулотима,19.031250,19.031250
9,Адепт,vampire-spawn,5,Мистическое копьё Раулотима,21.375000,21.375000
9,Адепт,vrock,6,Мистическое копьё Раулотима,20.000000,20.000000
9,Адепт,water-elemental,5,Мистическое копьё Раулотима,23.250000,23.250000
9,Адепт,werebear-bear,5,Мистическое копьё Раулотима,21.375000,21.375000
9,Адепт,werebear-human,5,Мистическое копьё Раулотима,21.375000,21.375000
9,Адепт,werebear-hybrid,5,Мистическое копьё Раулотима,21.375000,21.375000
9,Адепт,wereboar-boar,4,Мистическое копьё Раулотима,21.375000,21.375000
9,Адепт,wereboar-human,4,Мистическое копьё Раулотима,21.375000,21.375000
9,Адепт,wereboar-hybrid,4,Мистическое копьё Раулотима,21.375000,21.375000
9,Адепт,weretiger-human,4,Мистическое копьё Раулотима,21.375000,21.375000
9,Адепт,weretiger-hybrid,4,Мистическое копьё Раулотима,21.375000,21.375000
9,Адепт,weretiger-tiger,4,Мистическое копьё Раулотима,21.375000,21.375000
9,Адепт,wraith,5,Мистическое копьё Раулотима,20.750000,20.750000
9,Адепт,wyvern,6,Мистическое копьё Раулотима,23.250000,23.250000
9,Адепт,xorn,5,Мистическое копьё Раулотима,21.375000,21.375000
9,Адепт,young-black-dragon,7,Мистическое копьё Раулотима,20.750000,20.750000
9,Адепт,young-blue-dragon,9,Мистическое копьё Раулотима,20.125000,20.125000
9,Адепт,young-brass-dragon,6,Мистическое копьё Раулотима,20.750000,20.750000
9,Адепт,young-bronze-dragon,8,Мистическое копьё Раулотима,20.125000,20.125000
9,Адепт,young-copper-dragon,7,Мистическое копьё Раулотима,19.500000,19.500000
9,Адепт,young-gold-dragon,10,Мистическое копьё Раулотима,19.500000,19.500000
9,Адепт,young-green-dragon,8,Мистическое копьё Раулотима,19.500000,19.500000
9,Адепт,young-red-dragon,10,Мистическое копьё Раулотима,20.125000,20.125000
9,Адепт,young-silver-dragon,9,Мистическое копьё Раулотима,20.125000,20.125000
9,Адепт,young-white-dragon,6,Мистическое копьё Раулотима,22.625000,22.625000
9,Адепт,aboleth,10,Ледяная буря: дар IV,24.800617,24.800617
9,Адепт,air-elemental,5,Ледяная буря: дар IV,20.501543,20.501543
9,Адепт,archmage,12,Ледяная буря: дар IV,19.390949,19.390949
9,Адепт,assassin,8,Ледяная буря: дар IV,19.785031,19.785031
9,Адепт,barbed-devil,5,Ледяная буря: дар IV,18.495309,18.495309
9,Адепт,behir,11,Ледяная буря: дар IV,21.934568,21.934568
9,Адепт,black-pudding,4,Ледяная буря: дар IV,8.525000,8.525000
9,Адепт,bone-devil,9,Ледяная буря: дар IV,18.495309,18.495309
9,Адепт,bulette,5,Ледяная буря: дар IV,24.084105,24.084105
9,Адепт,chain-devil,8,Ледяная буря: дар IV,19.390949,19.390949
9,Адепт,chimera,6,Ледяная буря: дар IV,24.084105,24.084105
9,Адепт,chuul,4,Ледяная буря: дар IV,24.084105,24.084105
9,Адепт,clay-golem,9,Ледяная буря: дар IV,22.507778,22.507778
9,Адепт,cloaker,8,Ледяная буря: дар IV,22.651080,22.651080
9,Адепт,cloud-giant,9,Ледяная буря: дар IV,24.084105,24.084105
9,Адепт,couatl,4,Ледяная буря: дар IV,20.501543,20.501543
9,Адепт,deva,10,Ледяная буря: дар IV,17.671319,17.671319
9,Адепт,djinni,11,Ледяная буря: дар IV,19.785031,19.785031
9,Адепт,drider,6,Ледяная буря: дар IV,21.934568,21.934568
9,Адепт,earth-elemental,5,Ледяная буря: дар IV,24.800617,24.800617
9,Адепт,efreeti,11,Ледяная буря: дар IV,23.367593,23.367593
9,Адепт,elephant,4,Ледяная буря: дар IV,24.800617,24.800617
9,Адепт,erinyes,12,Ледяная буря: дар IV,15.629259,15.629259
9,Адепт,ettin,4,Ледяная буря: дар IV,24.800617,24.800617
9,Адепт,fire-elemental,5,Ледяная буря: дар IV,21.934568,21.934568
9,Адепт,fire-giant,9,Ледяная буря: дар IV,21.934568,21.934568
9,Адепт,flesh-golem,5,Ледяная буря: дар IV,22.507778,22.507778
9,Адепт,frost-giant,8,Ледяная буря: дар IV,8.050000,8.050000
9,Адепт,ghost,4,Ледяная буря: дар IV,7.575000,7.575000
9,Адепт,giant-ape,7,Ледяная буря: дар IV,22.651080,22.651080
9,Адепт,giant-crocodile,5,Ледяная буря: дар IV,24.800617,24.800617
9,Адепт,giant-shark,5,Ледяная буря: дар IV,24.084105,24.084105
9,Адепт,glabrezu,9,Ледяная буря: дар IV,19.390949,19.390949
9,Адепт,gladiator,5,Ледяная буря: дар IV,20.501543,20.501543
9,Адепт,gorgon,5,Ледяная буря: дар IV,24.084105,24.084105
9,Адепт,guardian-naga,10,Ледяная буря: дар IV,18.352006,18.352006
9,Адепт,gynosphinx,11,Ледяная буря: дар IV,22.651080,22.651080
9,Адепт,half-red-dragon-veteran,5,Ледяная буря: дар IV,23.367593,23.367593
9,Адепт,hezrou,8,Ледяная буря: дар IV,18.495309,18.495309
9,Адепт,hill-giant,5,Ледяная буря: дар IV,24.800617,24.800617
9,Адепт,horned-devil,11,Ледяная буря: дар IV,15.629259,15.629259
9,Адепт,hydra,8,Ледяная буря: дар IV,23.367593,23.367593
9,Адепт,invisible-stalker,6,Ледяная буря: дар IV,21.218056,21.218056
9,Адепт,lamia,4,Ледяная буря: дар IV,23.367593,23.367593
9,Адепт,mage,6,Ледяная буря: дар IV,22.651080,22.651080
9,Адепт,mammoth,6,Ледяная буря: дар IV,24.800617,24.800617
9,Адепт,medusa,6,Ледяная буря: дар IV,22.651080,22.651080
9,Адепт,night-hag,5,Ледяная буря: дар IV,19.390949,19.390949
9,Адепт,oni,7,Ледяная буря: дар IV,21.934568,21.934568
9,Адепт,otyugh,5,Ледяная буря: дар IV,24.084105,24.084105
9,Адепт,red-dragon-wyrmling,4,Ледяная буря: дар IV,22.651080,22.651080
9,Адепт,remorhaz,11,Ледяная буря: дар IV,7.575000,7.575000
9,Адепт,roc,11,Ледяная буря: дар IV,21.218056,21.218056
9,Адепт,roper,5,Ледяная буря: дар IV,24.800617,24.800617
9,Адепт,salamander,5,Ледяная буря: дар IV,37.964660,37.964660
9,Адепт,shambling-mound,5,Ледяная буря: дар IV,24.800617,24.800617
9,Адепт,shield-guardian,7,Ледяная буря: дар IV,24.800617,24.800617
9,Адепт,spirit-naga,8,Ледяная буря: дар IV,19.785031,19.785031
9,Адепт,stone-giant,7,Ледяная буря: дар IV,20.501543,20.501543
9,Адепт,stone-golem,10,Ледяная буря: дар IV,22.507778,22.507778
9,Адепт,succubus-incubus,4,Ледяная буря: дар IV,21.934568,21.934568
9,Адепт,treant,9,Ледяная буря: дар IV,20.525617,20.525617
9,Адепт,triceratops,5,Ледяная буря: дар IV,24.800617,24.800617
9,Адепт,troll,5,Ледяная буря: дар IV,23.367593,23.367593
9,Адепт,tyrannosaurus-rex,8,Ледяная буря: дар IV,24.084105,24.084105
9,Адепт,unicorn,5,Ледяная буря: дар IV,19.390949,19.390949
9,Адепт,vampire-spawn,5,Ледяная буря: дар IV,19.785031,19.785031
9,Адепт,vrock,6,Ледяная буря: дар IV,16.918981,16.918981
9,Адепт,water-elemental,5,Ледяная буря: дар IV,22.651080,22.651080
9,Адепт,werebear-bear,5,Ледяная буря: дар IV,24.084105,24.084105
9,Адепт,werebear-human,5,Ледяная буря: дар IV,24.084105,24.084105
9,Адепт,werebear-hybrid,5,Ледяная буря: дар IV,24.084105,24.084105
9,Адепт,wereboar-boar,4,Ледяная буря: дар IV,24.084105,24.084105
9,Адепт,wereboar-human,4,Ледяная буря: дар IV,24.084105,24.084105
9,Адепт,wereboar-hybrid,4,Ледяная буря: дар IV,24.084105,24.084105
9,Адепт,weretiger-human,4,Ледяная буря: дар IV,22.651080,22.651080
9,Адепт,weretiger-hybrid,4,Ледяная буря: дар IV,22.651080,22.651080
9,Адепт,weretiger-tiger,4,Ледяная буря: дар IV,22.651080,22.651080
9,Адепт,wraith,5,Ледяная буря: дар IV,21.934568,21.934568
9,Адепт,wyvern,6,Ледяная буря: дар IV,24.084105,24.084105
9,Адепт,xorn,5,Ледяная буря: дар IV,24.084105,24.084105
9,Адепт,young-black-dragon,7,Ледяная буря: дар IV,20.501543,20.501543
9,Адепт,young-blue-dragon,9,Ледяная буря: дар IV,21.218056,21.218056
9,Адепт,young-brass-dragon,6,Ледяная буря: дар IV,21.934568,21.934568
9,Адепт,young-bronze-dragon,8,Ледяная буря: дар IV,21.934568,21.934568
9,Адепт,young-copper-dragon,7,Ледяная буря: дар IV,21.218056,21.218056
9,Адепт,young-gold-dragon,10,Ледяная буря: дар IV,19.785031,19.785031
9,Адепт,young-green-dragon,8,Ледяная буря: дар IV,21.218056,21.218056
9,Адепт,young-red-dragon,10,Ледяная буря: дар IV,21.218056,21.218056
9,Адепт,young-silver-dragon,9,Ледяная буря: дар IV,6.862500,6.862500
9,Адепт,young-white-dragon,6,Ледяная буря: дар IV,7.100000,7.100000
9,Адепт,aboleth,10,Болезненное сияние: один контакт,9.900000,9.900000
9,Адепт,air-elemental,5,Болезненное сияние: один контакт,14.300000,14.300000
9,Адепт,archmage,12,Болезненное сияние: один контакт,10.780000,10.780000
9,Адепт,assassin,8,Болезненное сияние: один контакт,14.300000,14.300000
9,Адепт,barbed-devil,5,Болезненное сияние: один контакт,3.520000,3.520000
9,Адепт,behir,11,Болезненное сияние: один контакт,12.100000,12.100000
9,Адепт,black-pudding,4,Болезненное сияние: один контакт,13.200000,13.200000
9,Адепт,bone-devil,9,Болезненное сияние: один контакт,6.655000,6.655000
9,Адепт,bulette,5,Болезненное сияние: один контакт,11.000000,11.000000
9,Адепт,chain-devil,8,Болезненное сияние: один контакт,3.520000,3.520000
9,Адепт,chimera,6,Болезненное сияние: один контакт,12.100000,12.100000
9,Адепт,chuul,4,Болезненное сияние: один контакт,13.200000,13.200000
9,Адепт,clay-golem,9,Болезненное сияние: один контакт,6.655000,6.655000
9,Адепт,cloaker,8,Болезненное сияние: один контакт,15.400000,15.400000
9,Адепт,cloud-giant,9,Болезненное сияние: один контакт,5.500000,5.500000
9,Адепт,couatl,4,Болезненное сияние: один контакт,5.375000,5.375000
9,Адепт,deva,10,Болезненное сияние: один контакт,3.251875,3.251875
9,Адепт,djinni,11,Болезненное сияние: один контакт,9.900000,9.900000
9,Адепт,drider,6,Болезненное сияние: один контакт,12.100000,12.100000
9,Адепт,earth-elemental,5,Болезненное сияние: один контакт,11.000000,11.000000
9,Адепт,efreeti,11,Болезненное сияние: один контакт,8.800000,8.800000
9,Адепт,elephant,4,Болезненное сияние: один контакт,13.200000,13.200000
9,Адепт,erinyes,12,Болезненное сияние: один контакт,2.695000,2.695000
9,Адепт,ettin,4,Болезненное сияние: один контакт,13.200000,13.200000
9,Адепт,fire-elemental,5,Болезненное сияние: один контакт,13.200000,13.200000
9,Адепт,fire-giant,9,Болезненное сияние: один контакт,5.500000,5.500000
9,Адепт,flesh-golem,5,Болезненное сияние: один контакт,6.655000,6.655000
9,Адепт,frost-giant,8,Болезненное сияние: один контакт,7.700000,7.700000
9,Адепт,ghost,4,Болезненное сияние: один контакт,16.500000,16.500000
9,Адепт,giant-ape,7,Болезненное сияние: один контакт,12.100000,12.100000
9,Адепт,giant-crocodile,5,Болезненное сияние: один контакт,13.200000,13.200000
9,Адепт,giant-shark,5,Болезненное сияние: один контакт,11.000000,11.000000
9,Адепт,glabrezu,9,Болезненное сияние: один контакт,1.980000,1.980000
9,Адепт,gladiator,5,Болезненное сияние: один контакт,9.900000,9.900000
9,Адепт,gorgon,5,Болезненное сияние: один контакт,12.100000,12.100000
9,Адепт,guardian-naga,10,Болезненное сияние: один контакт,8.800000,8.800000
9,Адепт,gynosphinx,11,Болезненное сияние: один контакт,13.200000,13.200000
9,Адепт,half-red-dragon-veteran,5,Болезненное сияние: один контакт,14.300000,14.300000
9,Адепт,hezrou,8,Болезненное сияние: один контакт,2.695000,2.695000
9,Адепт,hill-giant,5,Болезненное сияние: один контакт,12.100000,12.100000
9,Адепт,horned-devil,11,Болезненное сияние: один контакт,5.500000,5.500000
9,Адепт,hydra,8,Болезненное сияние: один контакт,11.000000,11.000000
9,Адепт,invisible-stalker,6,Болезненное сияние: один контакт,14.300000,14.300000
9,Адепт,lamia,4,Болезненное сияние: один контакт,14.300000,14.300000
9,Адепт,mage,6,Болезненное сияние: один контакт,16.500000,16.500000
9,Адепт,mammoth,6,Болезненное сияние: один контакт,11.000000,11.000000
9,Адепт,medusa,6,Болезненное сияние: один контакт,13.200000,13.200000
9,Адепт,night-hag,5,Болезненное сияние: один контакт,7.920000,7.920000
9,Адепт,oni,7,Болезненное сияние: один контакт,9.900000,9.900000
9,Адепт,otyugh,5,Болезненное сияние: один контакт,8.800000,8.800000
9,Адепт,red-dragon-wyrmling,4,Болезненное сияние: один контакт,11.000000,11.000000
9,Адепт,remorhaz,11,Болезненное сияние: один контакт,11.000000,11.000000
9,Адепт,roc,11,Болезненное сияние: один контакт,6.600000,6.600000
9,Адепт,roper,5,Болезненное сияние: один контакт,13.200000,13.200000
9,Адепт,salamander,5,Болезненное сияние: один контакт,14.300000,14.300000
9,Адепт,shambling-mound,5,Болезненное сияние: один контакт,13.200000,13.200000
9,Адепт,shield-guardian,7,Болезненное сияние: один контакт,12.100000,12.100000
9,Адепт,spirit-naga,8,Болезненное сияние: один контакт,11.000000,11.000000
9,Адепт,stone-giant,7,Болезненное сияние: один контакт,7.700000,7.700000
9,Адепт,stone-golem,10,Болезненное сияние: один контакт,5.500000,5.500000
9,Адепт,succubus-incubus,4,Болезненное сияние: один контакт,15.400000,15.400000
9,Адепт,treant,9,Болезненное сияние: один контакт,11.000000,11.000000
9,Адепт,triceratops,5,Болезненное сияние: один контакт,13.200000,13.200000
9,Адепт,troll,5,Болезненное сияние: один контакт,11.000000,11.000000
9,Адепт,tyrannosaurus-rex,8,Болезненное сияние: один контакт,12.100000,12.100000
9,Адепт,unicorn,5,Болезненное сияние: один контакт,9.295000,9.295000
9,Адепт,vampire-spawn,5,Болезненное сияние: один контакт,13.200000,13.200000
9,Адепт,vrock,6,Болезненное сияние: один контакт,6.655000,6.655000
9,Адепт,water-elemental,5,Болезненное сияние: один контакт,12.100000,12.100000
9,Адепт,werebear-bear,5,Болезненное сияние: один контакт,13.200000,13.200000
9,Адепт,werebear-human,5,Болезненное сияние: один контакт,13.200000,13.200000
9,Адепт,werebear-hybrid,5,Болезненное сияние: один контакт,13.200000,13.200000
9,Адепт,wereboar-boar,4,Болезненное сияние: один контакт,14.300000,14.300000
9,Адепт,wereboar-human,4,Болезненное сияние: один контакт,14.300000,14.300000
9,Адепт,wereboar-hybrid,4,Болезненное сияние: один контакт,14.300000,14.300000
9,Адепт,weretiger-human,4,Болезненное сияние: один контакт,13.200000,13.200000
9,Адепт,weretiger-hybrid,4,Болезненное сияние: один контакт,13.200000,13.200000
9,Адепт,weretiger-tiger,4,Болезненное сияние: один контакт,13.200000,13.200000
9,Адепт,wraith,5,Болезненное сияние: один контакт,13.200000,13.200000
9,Адепт,wyvern,6,Болезненное сияние: один контакт,13.200000,13.200000
9,Адепт,xorn,5,Болезненное сияние: один контакт,9.900000,9.900000
9,Адепт,young-black-dragon,7,Болезненное сияние: один контакт,9.900000,9.900000
9,Адепт,young-blue-dragon,9,Болезненное сияние: один контакт,7.700000,7.700000
9,Адепт,young-brass-dragon,6,Болезненное сияние: один контакт,9.900000,9.900000
9,Адепт,young-bronze-dragon,8,Болезненное сияние: один контакт,8.800000,8.800000
9,Адепт,young-copper-dragon,7,Болезненное сияние: один контакт,9.900000,9.900000
9,Адепт,young-gold-dragon,10,Болезненное сияние: один контакт,6.600000,6.600000
9,Адепт,young-green-dragon,8,Болезненное сияние: один контакт,9.900000,9.900000
9,Адепт,young-red-dragon,10,Болезненное сияние: один контакт,6.600000,6.600000
9,Адепт,young-silver-dragon,9,Болезненное сияние: один контакт,6.600000,6.600000
9,Адепт,young-white-dragon,6,Болезненное сияние: один контакт,8.800000,8.800000
9,Адепт,aboleth,10,Конус холода,29.587502,29.587502
9,Адепт,air-elemental,5,Конус холода,33.737501,33.737501
9,Адепт,archmage,12,Конус холода,30.417502,30.417502
9,Адепт,assassin,8,Конус холода,33.737501,33.737501
9,Адепт,barbed-devil,5,Конус холода,23.570003,23.570003
9,Адепт,behir,11,Конус холода,31.662502,31.662502
9,Адепт,black-pudding,4,Конус холода,0.000000,0.000000
9,Адепт,bone-devil,9,Конус холода,26.526878,26.526878
9,Адепт,bulette,5,Конус холода,30.625002,30.625002
9,Адепт,chain-devil,8,Конус холода,23.570003,23.570003
9,Адепт,chimera,6,Конус холода,31.662502,31.662502
9,Адепт,chuul,4,Конус холода,32.700002,32.700002
9,Адепт,clay-golem,9,Конус холода,26.526878,26.526878
9,Адепт,cloaker,8,Конус холода,34.775001,34.775001
9,Адепт,cloud-giant,9,Конус холода,25.437503,25.437503
9,Адепт,couatl,4,Конус холода,30.625002,30.625002
9,Адепт,deva,10,Конус холода,26.526878,26.526878
9,Адепт,djinni,11,Конус холода,29.587502,29.587502
9,Адепт,drider,6,Конус холода,31.662502,31.662502
9,Адепт,earth-elemental,5,Конус холода,30.625002,30.625002
9,Адепт,efreeti,11,Конус холода,28.550002,28.550002
9,Адепт,elephant,4,Конус холода,32.700002,32.700002
9,Адепт,erinyes,12,Конус холода,22.791878,22.791878
9,Адепт,ettin,4,Конус холода,32.700002,32.700002
9,Адепт,fire-elemental,5,Конус холода,32.700002,32.700002
9,Адепт,fire-giant,9,Конус холода,25.437503,25.437503
9,Адепт,flesh-golem,5,Конус холода,26.526878,26.526878
9,Адепт,frost-giant,8,Конус холода,0.000000,0.000000
9,Адепт,ghost,4,Конус холода,0.000000,0.000000
9,Адепт,giant-ape,7,Конус холода,31.662502,31.662502
9,Адепт,giant-crocodile,5,Конус холода,32.700002,32.700002
9,Адепт,giant-shark,5,Конус холода,30.625002,30.625002
9,Адепт,glabrezu,9,Конус холода,22.117503,22.117503
9,Адепт,gladiator,5,Конус холода,29.587502,29.587502
9,Адепт,gorgon,5,Конус холода,31.662502,31.662502
9,Адепт,guardian-naga,10,Конус холода,28.550002,28.550002
9,Адепт,gynosphinx,11,Конус холода,32.700002,32.700002
9,Адепт,half-red-dragon-veteran,5,Конус холода,33.737501,33.737501
9,Адепт,hezrou,8,Конус холода,22.791878,22.791878
9,Адепт,hill-giant,5,Конус холода,31.662502,31.662502
9,Адепт,horned-devil,11,Конус холода,25.437503,25.437503
9,Адепт,hydra,8,Конус холода,30.625002,30.625002
9,Адепт,invisible-stalker,6,Конус холода,33.737501,33.737501
9,Адепт,lamia,4,Конус холода,33.737501,33.737501
9,Адепт,mage,6,Конус холода,35.812501,35.812501
9,Адепт,mammoth,6,Конус холода,30.625002,30.625002
9,Адепт,medusa,6,Конус холода,32.700002,32.700002
9,Адепт,night-hag,5,Конус холода,27.720002,27.720002
9,Адепт,oni,7,Конус холода,29.587502,29.587502
9,Адепт,otyugh,5,Конус холода,28.550002,28.550002
9,Адепт,red-dragon-wyrmling,4,Конус холода,30.625002,30.625002
9,Адепт,remorhaz,11,Конус холода,0.000000,0.000000
9,Адепт,roc,11,Конус холода,26.475003,26.475003
9,Адепт,roper,5,Конус холода,32.700002,32.700002
9,Адепт,salamander,5,Конус холода,67.475003,67.475003
9,Адепт,shambling-mound,5,Конус холода,32.700002,32.700002
9,Адепт,shield-guardian,7,Конус холода,31.662502,31.662502
9,Адепт,spirit-naga,8,Конус холода,30.625002,30.625002
9,Адепт,stone-giant,7,Конус холода,27.512502,27.512502
9,Адепт,stone-golem,10,Конус холода,25.437503,25.437503
9,Адепт,succubus-incubus,4,Конус холода,34.775001,34.775001
9,Адепт,treant,9,Конус холода,30.625002,30.625002
9,Адепт,triceratops,5,Конус холода,32.700002,32.700002
9,Адепт,troll,5,Конус холода,30.625002,30.625002
9,Адепт,tyrannosaurus-rex,8,Конус холода,31.662502,31.662502
9,Адепт,unicorn,5,Конус холода,29.016877,29.016877
9,Адепт,vampire-spawn,5,Конус холода,32.700002,32.700002
9,Адепт,vrock,6,Конус холода,26.526878,26.526878
9,Адепт,water-elemental,5,Конус холода,31.662502,31.662502
9,Адепт,werebear-bear,5,Конус холода,32.700002,32.700002
9,Адепт,werebear-human,5,Конус холода,32.700002,32.700002
9,Адепт,werebear-hybrid,5,Конус холода,32.700002,32.700002
9,Адепт,wereboar-boar,4,Конус холода,33.737501,33.737501
9,Адепт,wereboar-human,4,Конус холода,33.737501,33.737501
9,Адепт,wereboar-hybrid,4,Конус холода,33.737501,33.737501
9,Адепт,weretiger-human,4,Конус холода,32.700002,32.700002
9,Адепт,weretiger-hybrid,4,Конус холода,32.700002,32.700002
9,Адепт,weretiger-tiger,4,Конус холода,32.700002,32.700002
9,Адепт,wraith,5,Конус холода,32.700002,32.700002
9,Адепт,wyvern,6,Конус холода,32.700002,32.700002
9,Адепт,xorn,5,Конус холода,29.587502,29.587502
9,Адепт,young-black-dragon,7,Конус холода,29.587502,29.587502
9,Адепт,young-blue-dragon,9,Конус холода,27.512502,27.512502
9,Адепт,young-brass-dragon,6,Конус холода,29.587502,29.587502
9,Адепт,young-bronze-dragon,8,Конус холода,28.550002,28.550002
9,Адепт,young-copper-dragon,7,Конус холода,29.587502,29.587502
9,Адепт,young-gold-dragon,10,Конус холода,26.475003,26.475003
9,Адепт,young-green-dragon,8,Конус холода,29.587502,29.587502
9,Адепт,young-red-dragon,10,Конус холода,26.475003,26.475003
9,Адепт,young-silver-dragon,9,Конус холода,0.000000,0.000000
9,Адепт,young-white-dragon,6,Конус холода,0.000000,0.000000
9,Адепт,aboleth,10,Синаптический заряд,18.737500,18.737500
9,Адепт,air-elemental,5,Синаптический заряд,25.862500,25.862500
9,Адепт,archmage,12,Синаптический заряд,15.032500,15.032500
9,Адепт,assassin,8,Синаптический заряд,21.587500,21.587500
9,Адепт,barbed-devil,5,Синаптический заряд,20.732500,20.732500
9,Адепт,behir,11,Синаптический заряд,25.862500,25.862500
9,Адепт,black-pudding,4,Синаптический заряд,0.000000,0.000000
9,Адепт,bone-devil,9,Синаптический заряд,17.312500,17.312500
9,Адепт,bulette,5,Синаптический заряд,0.000000,0.000000
9,Адепт,chain-devil,8,Синаптический заряд,21.765625,21.765625
9,Адепт,chimera,6,Синаптический заряд,27.287500,27.287500
9,Адепт,chuul,4,Синаптический заряд,26.575000,26.575000
9,Адепт,clay-golem,9,Синаптический заряд,0.000000,0.000000
9,Адепт,cloaker,8,Синаптический заряд,23.725000,23.725000
9,Адепт,cloud-giant,9,Синаптический заряд,23.725000,23.725000
9,Адепт,couatl,4,Синаптический заряд,0.000000,0.000000
9,Адепт,deva,10,Синаптический заряд,18.880000,18.880000
9,Адепт,djinni,11,Синаптический заряд,23.012500,23.012500
9,Адепт,drider,6,Синаптический заряд,23.725000,23.725000
9,Адепт,earth-elemental,5,Синаптический заряд,26.575000,26.575000
9,Адепт,efreeti,11,Синаптический заряд,19.450000,19.450000
9,Адепт,elephant,4,Синаптический заряд,27.287500,27.287500
9,Адепт,erinyes,12,Синаптический заряд,19.770625,19.770625
9,Адепт,ettin,4,Синаптический заряд,25.862500,25.862500
9,Адепт,fire-elemental,5,Синаптический заряд,25.862500,25.862500
9,Адепт,fire-giant,9,Синаптический заряд,24.437500,24.437500
9,Адепт,flesh-golem,5,Синаптический заряд,24.045625,24.045625
9,Адепт,frost-giant,8,Синаптический заряд,25.150000,25.150000
9,Адепт,ghost,4,Синаптический заряд,24.437500,24.437500
9,Адепт,giant-ape,7,Синаптический заряд,25.862500,25.862500
9,Адепт,giant-crocodile,5,Синаптический заряд,0.000000,0.000000
9,Адепт,giant-shark,5,Синаптический заряд,0.000000,0.000000
9,Адепт,glabrezu,9,Синаптический заряд,18.060625,18.060625
9,Адепт,gladiator,5,Синаптический заряд,24.437500,24.437500
9,Адепт,gorgon,5,Синаптический заряд,0.000000,0.000000
9,Адепт,guardian-naga,10,Синаптический заряд,19.450000,19.450000
9,Адепт,gynosphinx,11,Синаптический заряд,0.000000,0.000000
9,Адепт,half-red-dragon-veteran,5,Синаптический заряд,24.437500,24.437500
9,Адепт,hezrou,8,Синаптический заряд,25.292500,25.292500
9,Адепт,hill-giant,5,Синаптический заряд,26.575000,26.575000
9,Адепт,horned-devil,11,Синаптический заряд,20.732500,20.732500
9,Адепт,hydra,8,Синаптический заряд,0.000000,0.000000
9,Адепт,invisible-stalker,6,Синаптический заряд,24.437500,24.437500
9,Адепт,lamia,4,Синаптический заряд,23.012500,23.012500
9,Адепт,mage,6,Синаптический заряд,20.162500,20.162500
9,Адепт,mammoth,6,Синаптический заряд,27.287500,27.287500
9,Адепт,medusa,6,Синаптический заряд,23.725000,23.725000
9,Адепт,night-hag,5,Синаптический заряд,18.880000,18.880000
9,Адепт,oni,7,Синаптический заряд,23.012500,23.012500
9,Адепт,otyugh,5,Синаптический заряд,25.862500,25.862500
9,Адепт,red-dragon-wyrmling,4,Синаптический заряд,23.725000,23.725000
9,Адепт,remorhaz,11,Синаптический заряд,26.575000,26.575000
9,Адепт,roc,11,Синаптический заряд,27.287500,27.287500
9,Адепт,roper,5,Синаптический заряд,25.862500,25.862500
9,Адепт,salamander,5,Синаптический заряд,24.437500,24.437500
9,Адепт,shambling-mound,5,Синаптический заряд,26.575000,26.575000
9,Адепт,shield-guardian,7,Синаптический заряд,25.862500,25.862500
9,Адепт,spirit-naga,8,Синаптический заряд,22.300000,22.300000
9,Адепт,stone-giant,7,Синаптический заряд,24.437500,24.437500
9,Адепт,stone-golem,10,Синаптический заряд,0.000000,0.000000
9,Адепт,succubus-incubus,4,Синаптический заряд,23.012500,23.012500
9,Адепт,treant,9,Синаптический заряд,23.725000,23.725000
9,Адепт,triceratops,5,Синаптический заряд,0.000000,0.000000
9,Адепт,troll,5,Синаптический заряд,25.862500,25.862500
9,Адепт,tyrannosaurus-rex,8,Синаптический заряд,0.000000,0.000000
9,Адепт,unicorn,5,Синаптический заряд,21.765625,21.765625
9,Адепт,vampire-spawn,5,Синаптический заряд,24.437500,24.437500
9,Адепт,vrock,6,Синаптический заряд,22.870000,22.870000
9,Адепт,water-elemental,5,Синаптический заряд,26.575000,26.575000
9,Адепт,werebear-bear,5,Синаптический заряд,24.437500,24.437500
9,Адепт,werebear-human,5,Синаптический заряд,24.437500,24.437500
9,Адепт,werebear-hybrid,5,Синаптический заряд,24.437500,24.437500
9,Адепт,wereboar-boar,4,Синаптический заряд,24.437500,24.437500
9,Адепт,wereboar-human,4,Синаптический заряд,24.437500,24.437500
9,Адепт,wereboar-hybrid,4,Синаптический заряд,24.437500,24.437500
9,Адепт,weretiger-human,4,Синаптический заряд,24.437500,24.437500
9,Адепт,weretiger-hybrid,4,Синаптический заряд,24.437500,24.437500
9,Адепт,weretiger-tiger,4,Синаптический заряд,24.437500,24.437500
9,Адепт,wraith,5,Синаптический заряд,23.725000,23.725000
9,Адепт,wyvern,6,Синаптический заряд,26.575000,26.575000
9,Адепт,xorn,5,Синаптический заряд,24.437500,24.437500
9,Адепт,young-black-dragon,7,Синаптический заряд,23.725000,23.725000
9,Адепт,young-blue-dragon,9,Синаптический заряд,23.012500,23.012500
9,Адепт,young-brass-dragon,6,Синаптический заряд,23.725000,23.725000
9,Адепт,young-bronze-dragon,8,Синаптический заряд,23.012500,23.012500
9,Адепт,young-copper-dragon,7,Синаптический заряд,22.300000,22.300000
9,Адепт,young-gold-dragon,10,Синаптический заряд,22.300000,22.300000
9,Адепт,young-green-dragon,8,Синаптический заряд,22.300000,22.300000
9,Адепт,young-red-dragon,10,Синаптический заряд,23.012500,23.012500
9,Адепт,young-silver-dragon,9,Синаптический заряд,23.012500,23.012500
9,Адепт,young-white-dragon,6,Синаптический заряд,25.862500,25.862500
11,Харизма,aboleth,10,"Хроматический шар: холод, ячейка I",12.700000,12.700000
11,Харизма,adult-black-dragon,14,"Хроматический шар: холод, ячейка I",10.850000,10.850000
11,Харизма,adult-blue-dragon,16,"Хроматический шар: холод, ячейка I",10.850000,10.850000
11,Харизма,adult-brass-dragon,13,"Хроматический шар: холод, ячейка I",11.775000,11.775000
11,Харизма,adult-bronze-dragon,15,"Хроматический шар: холод, ячейка I",10.850000,10.850000
11,Харизма,adult-copper-dragon,14,"Хроматический шар: холод, ячейка I",11.775000,11.775000
11,Харизма,adult-gold-dragon,17,"Хроматический шар: холод, ячейка I",10.850000,10.850000
11,Харизма,adult-green-dragon,15,"Хроматический шар: холод, ячейка I",10.850000,10.850000
11,Харизма,adult-red-dragon,17,"Хроматический шар: холод, ячейка I",10.850000,10.850000
11,Харизма,adult-silver-dragon,16,"Хроматический шар: холод, ячейка I",0.000000,0.000000
11,Харизма,adult-white-dragon,13,"Хроматический шар: холод, ячейка I",0.000000,0.000000
11,Харизма,androsphinx,17,"Хроматический шар: холод, ячейка I",12.700000,12.700000
11,Харизма,archmage,12,"Хроматический шар: холод, ячейка I",14.550000,14.550000
11,Харизма,assassin,8,"Хроматический шар: холод, ячейка I",14.550000,14.550000
11,Харизма,behir,11,"Хроматический шар: холод, ячейка I",12.700000,12.700000
11,Харизма,bone-devil,9,"Хроматический шар: холод, ячейка I",5.287500,5.287500
11,Харизма,chain-devil,8,"Хроматический шар: холод, ячейка I",6.637500,6.637500
11,Харизма,clay-golem,9,"Хроматический шар: холод, ячейка I",15.475000,15.475000
11,Харизма,cloaker,8,"Хроматический шар: холод, ячейка I",15.475000,15.475000
11,Харизма,cloud-giant,9,"Хроматический шар: холод, ячейка I",15.475000,15.475000
11,Харизма,deva,10,"Хроматический шар: холод, ячейка I",12.700000,12.700000
11,Харизма,djinni,11,"Хроматический шар: холод, ячейка I",12.700000,12.700000
11,Харизма,dragon-turtle,17,"Хроматический шар: холод, ячейка I",9.925000,9.925000
11,Харизма,efreeti,11,"Хроматический шар: холод, ячейка I",12.700000,12.700000
11,Харизма,erinyes,12,"Хроматический шар: холод, ячейка I",5.737500,5.737500
11,Харизма,fire-giant,9,"Хроматический шар: холод, ячейка I",11.775000,11.775000
11,Харизма,frost-giant,8,"Хроматический шар: холод, ячейка I",0.000000,0.000000
11,Харизма,glabrezu,9,"Хроматический шар: холод, ячейка I",6.187500,6.187500
11,Харизма,guardian-naga,10,"Хроматический шар: холод, ячейка I",11.775000,11.775000
11,Харизма,gynosphinx,11,"Хроматический шар: холод, ячейка I",12.700000,12.700000
11,Харизма,hezrou,8,"Хроматический шар: холод, ячейка I",6.637500,6.637500
11,Харизма,horned-devil,11,"Хроматический шар: холод, ячейка I",5.737500,5.737500
11,Харизма,hydra,8,"Хроматический шар: холод, ячейка I",14.550000,14.550000
11,Харизма,ice-devil,14,"Хроматический шар: холод, ячейка I",11.775000,11.775000
11,Харизма,iron-golem,16,"Хроматический шар: холод, ячейка I",9.925000,9.925000
11,Харизма,marilith,16,"Хроматический шар: холод, ячейка I",5.737500,5.737500
11,Харизма,mummy-lord,15,"Хроматический шар: холод, ячейка I",12.700000,12.700000
11,Харизма,nalfeshnee,13,"Хроматический шар: холод, ячейка I",5.737500,5.737500
11,Харизма,planetar,16,"Хроматический шар: холод, ячейка I",10.850000,10.850000
11,Харизма,purple-worm,15,"Хроматический шар: холод, ячейка I",11.775000,11.775000
11,Харизма,rakshasa,13,"Хроматический шар: холод, ячейка I",0.000000,0.000000
11,Харизма,remorhaz,11,"Хроматический шар: холод, ячейка I",0.000000,0.000000
11,Харизма,roc,11,"Хроматический шар: холод, ячейка I",14.550000,14.550000
11,Харизма,spirit-naga,8,"Хроматический шар: холод, ячейка I",14.550000,14.550000
11,Харизма,stone-golem,10,"Хроматический шар: холод, ячейка I",12.700000,12.700000
11,Харизма,storm-giant,13,"Хроматический шар: холод, ячейка I",6.637500,6.637500
11,Харизма,treant,9,"Хроматический шар: холод, ячейка I",13.625000,13.625000
11,Харизма,tyrannosaurus-rex,8,"Хроматический шар: холод, ячейка I",16.400000,16.400000
11,Харизма,vampire-vampire,13,"Хроматический шар: холод, ячейка I",13.625000,13.625000
11,Харизма,vampire-bat,13,"Хроматический шар: холод, ячейка I",13.625000,13.625000
11,Харизма,vampire-mist,13,"Хроматический шар: холод, ячейка I",13.625000,13.625000
11,Харизма,young-blue-dragon,9,"Хроматический шар: холод, ячейка I",11.775000,11.775000
11,Харизма,young-bronze-dragon,8,"Хроматический шар: холод, ячейка I",11.775000,11.775000
11,Харизма,young-gold-dragon,10,"Хроматический шар: холод, ячейка I",11.775000,11.775000
11,Харизма,young-green-dragon,8,"Хроматический шар: холод, ячейка I",11.775000,11.775000
11,Харизма,young-red-dragon,10,"Хроматический шар: холод, ячейка I",11.775000,11.775000
11,Харизма,young-silver-dragon,9,"Хроматический шар: холод, ячейка I",0.000000,0.000000
11,Харизма,aboleth,10,Психическая плеть Таши,7.200000,7.200000
11,Харизма,adult-black-dragon,14,Психическая плеть Таши,8.850000,5.000000
11,Харизма,adult-blue-dragon,16,Психическая плеть Таши,8.575000,5.000000
11,Харизма,adult-brass-dragon,13,Психическая плеть Таши,8.850000,5.000000
11,Харизма,adult-bronze-dragon,15,Психическая плеть Таши,8.575000,5.000000
11,Харизма,adult-copper-dragon,14,Психическая плеть Таши,8.300000,5.000000
11,Харизма,adult-gold-dragon,17,Психическая плеть Таши,8.575000,5.000000
11,Харизма,adult-green-dragon,15,Психическая плеть Таши,8.300000,5.000000
11,Харизма,adult-red-dragon,17,Психическая плеть Таши,8.575000,5.000000
11,Харизма,adult-silver-dragon,16,Психическая плеть Таши,8.575000,5.000000
11,Харизма,adult-white-dragon,13,Психическая плеть Таши,9.675000,5.000000
11,Харизма,androsphinx,17,Психическая плеть Таши,0.000000,0.000000
11,Харизма,archmage,12,Психическая плеть Таши,5.673750,5.673750
11,Харизма,assassin,8,Психическая плеть Таши,8.300000,8.300000
11,Харизма,behir,11,Психическая плеть Таши,9.950000,9.950000
11,Харизма,bone-devil,9,Психическая плеть Таши,6.663750,6.663750
11,Харизма,chain-devil,8,Психическая плеть Таши,8.520000,8.520000
11,Харизма,clay-golem,9,Психическая плеть Таши,0.000000,0.000000
11,Харизма,cloaker,8,Психическая плеть Таши,9.125000,9.125000
11,Харизма,cloud-giant,9,Психическая плеть Таши,9.125000,9.125000
11,Харизма,deva,10,Психическая плеть Таши,7.323750,7.323750
11,Харизма,djinni,11,Психическая плеть Таши,8.850000,8.850000
11,Харизма,dragon-turtle,17,Психическая плеть Таши,9.400000,9.400000
11,Харизма,efreeti,11,Психическая плеть Таши,7.475000,7.475000
11,Харизма,erinyes,12,Психическая плеть Таши,7.695000,7.695000
11,Харизма,fire-giant,9,Психическая плеть Таши,9.400000,9.400000
11,Харизма,frost-giant,8,Психическая плеть Таши,9.675000,9.675000
11,Харизма,glabrezu,9,Психическая плеть Таши,6.980000,6.980000
11,Харизма,guardian-naga,10,Психическая плеть Таши,7.475000,7.475000
11,Харизма,gynosphinx,11,Психическая плеть Таши,0.000000,0.000000
11,Харизма,hezrou,8,Психическая плеть Таши,9.963750,9.963750
11,Харизма,horned-devil,11,Психическая плеть Таши,8.093750,8.093750
11,Харизма,hydra,8,Психическая плеть Таши,10.500000,10.500000
11,Харизма,ice-devil,14,Психическая плеть Таши,6.980000,6.980000
11,Харизма,iron-golem,16,Психическая плеть Таши,0.000000,0.000000
11,Харизма,marilith,16,Психическая плеть Таши,6.980000,6.980000
11,Харизма,mummy-lord,15,Психическая плеть Таши,6.663750,6.663750
11,Харизма,nalfeshnee,13,Психическая плеть Таши,5.673750,5.673750
11,Харизма,planetar,16,Психическая плеть Таши,6.980000,6.980000
11,Харизма,purple-worm,15,Психическая плеть Таши,10.500000,10.500000
11,Харизма,rakshasa,13,Психическая плеть Таши,0.000000,0.000000
11,Харизма,remorhaz,11,Психическая плеть Таши,10.225000,10.225000
11,Харизма,roc,11,Психическая плеть Таши,10.500000,10.500000
11,Харизма,spirit-naga,8,Психическая плеть Таши,8.575000,8.575000
11,Харизма,stone-golem,10,Психическая плеть Таши,0.000000,0.000000
11,Харизма,storm-giant,13,Психическая плеть Таши,8.575000,8.575000
11,Харизма,treant,9,Психическая плеть Таши,9.125000,9.125000
11,Харизма,tyrannosaurus-rex,8,Психическая плеть Таши,10.500000,10.500000
11,Харизма,vampire-vampire,13,Психическая плеть Таши,8.575000,5.000000
11,Харизма,vampire-bat,13,Психическая плеть Таши,8.575000,5.000000
11,Харизма,vampire-mist,13,Психическая плеть Таши,8.575000,5.000000
11,Харизма,young-blue-dragon,9,Психическая плеть Таши,8.850000,8.850000
11,Харизма,young-bronze-dragon,8,Психическая плеть Таши,8.850000,8.850000
11,Харизма,young-gold-dragon,10,Психическая плеть Таши,8.575000,8.575000
11,Харизма,young-green-dragon,8,Психическая плеть Таши,8.575000,8.575000
11,Харизма,young-red-dragon,10,Психическая плеть Таши,8.850000,8.850000
11,Харизма,young-silver-dragon,9,Психическая плеть Таши,8.850000,8.850000
11,Харизма,aboleth,10,Псионический заряд,20.775000,20.775000
11,Харизма,adult-black-dragon,14,Псионический заряд,16.175000,11.000000
11,Харизма,adult-blue-dragon,16,Псионический заряд,17.325000,11.000000
11,Харизма,adult-brass-dragon,13,Псионический заряд,17.325000,11.000000
11,Харизма,adult-bronze-dragon,15,Псионический заряд,17.325000,11.000000
11,Харизма,adult-copper-dragon,14,Псионический заряд,16.750000,11.000000
11,Харизма,adult-gold-dragon,17,Псионический заряд,15.600000,11.000000
11,Харизма,adult-green-dragon,15,Псионический заряд,16.750000,11.000000
11,Харизма,adult-red-dragon,17,Псионический заряд,16.750000,11.000000
11,Харизма,adult-silver-dragon,16,Псионический заряд,17.325000,11.000000
11,Харизма,adult-white-dragon,13,Псионический заряд,17.325000,11.000000
11,Харизма,androsphinx,17,Псионический заряд,16.750000,16.750000
11,Харизма,archmage,12,Псионический заряд,16.635000,16.635000
11,Харизма,assassin,8,Псионический заряд,16.750000,16.750000
11,Харизма,behir,11,Псионический заряд,18.475000,18.475000
11,Харизма,bone-devil,9,Псионический заряд,15.858750,15.858750
11,Харизма,chain-devil,8,Псионический заряд,16.635000,16.635000
11,Харизма,clay-golem,9,Псионический заряд,19.308750,19.308750
11,Харизма,cloaker,8,Псионический заряд,19.050000,19.050000
11,Харизма,cloud-giant,9,Псионический заряд,20.200000,20.200000
11,Харизма,deva,10,Псионический заряд,15.140000,15.140000
11,Харизма,djinni,11,Псионический заряд,16.750000,16.750000
11,Харизма,dragon-turtle,17,Псионический заряд,16.750000,16.750000
11,Харизма,efreeti,11,Псионический заряд,19.625000,19.625000
11,Харизма,erinyes,12,Псионический заряд,13.328750,13.328750
11,Харизма,fire-giant,9,Псионический заряд,18.475000,18.475000
11,Харизма,frost-giant,8,Псионический заряд,20.775000,20.775000
11,Харизма,glabrezu,9,Псионический заряд,16.635000,16.635000
11,Харизма,guardian-naga,10,Псионический заряд,15.600000,15.600000
11,Харизма,gynosphinx,11,Псионический заряд,19.050000,19.050000
11,Харизма,hezrou,8,Псионический заряд,15.858750,15.858750
11,Харизма,horned-devil,11,Псионический заряд,13.328750,13.328750
11,Харизма,hydra,8,Псионический заряд,19.625000,19.625000
11,Харизма,ice-devil,14,Псионический заряд,13.328750,13.328750
11,Харизма,iron-golem,16,Псионический заряд,19.308750,19.308750
11,Харизма,marilith,16,Псионический заряд,14.478750,14.478750
11,Харизма,mummy-lord,15,Псионический заряд,18.360000,18.360000
11,Харизма,nalfeshnee,13,Псионический заряд,18.360000,18.360000
11,Харизма,planetar,16,Псионический заряд,14.478750,14.478750
11,Харизма,purple-worm,15,Псионический заряд,21.350000,21.350000
11,Харизма,rakshasa,13,Псионический заряд,0.000000,0.000000
11,Харизма,remorhaz,11,Псионический заряд,19.625000,19.625000
11,Харизма,roc,11,Псионический заряд,17.900000,17.900000
11,Харизма,spirit-naga,8,Псионический заряд,16.750000,16.750000
11,Харизма,stone-golem,10,Псионический заряд,19.308750,19.308750
11,Харизма,storm-giant,13,Псионический заряд,19.050000,19.050000
11,Харизма,treant,9,Псионический заряд,20.775000,20.775000
11,Харизма,tyrannosaurus-rex,8,Псионический заряд,20.200000,20.200000
11,Харизма,vampire-vampire,13,Псионический заряд,15.025000,11.000000
11,Харизма,vampire-bat,13,Псионический заряд,15.025000,11.000000
11,Харизма,vampire-mist,13,Псионический заряд,15.025000,11.000000
11,Харизма,young-blue-dragon,9,Псионический заряд,17.900000,17.900000
11,Харизма,young-bronze-dragon,8,Псионический заряд,18.475000,18.475000
11,Харизма,young-gold-dragon,10,Псионический заряд,16.750000,16.750000
11,Харизма,young-green-dragon,8,Псионический заряд,17.900000,17.900000
11,Харизма,young-red-dragon,10,Псионический заряд,17.900000,17.900000
11,Харизма,young-silver-dragon,9,Псионический заряд,17.900000,17.900000
11,Харизма,aboleth,10,Застывшие лезвия: одно срабатывание,20.737500,20.737500
11,Харизма,adult-black-dragon,14,Застывшие лезвия: одно срабатывание,16.037500,10.750000
11,Харизма,adult-blue-dragon,16,Застывшие лезвия: одно срабатывание,17.212500,10.750000
11,Харизма,adult-brass-dragon,13,Застывшие лезвия: одно срабатывание,17.212500,10.750000
11,Харизма,adult-bronze-dragon,15,Застывшие лезвия: одно срабатывание,17.212500,10.750000
11,Харизма,adult-copper-dragon,14,Застывшие лезвия: одно срабатывание,16.625000,10.750000
11,Харизма,adult-gold-dragon,17,Застывшие лезвия: одно срабатывание,15.450000,10.750000
11,Харизма,adult-green-dragon,15,Застывшие лезвия: одно срабатывание,16.625000,10.750000
11,Харизма,adult-red-dragon,17,Застывшие лезвия: одно срабатывание,16.625000,10.750000
11,Харизма,adult-silver-dragon,16,Застывшие лезвия: одно срабатывание,5.312500,3.250000
11,Харизма,adult-white-dragon,13,Застывшие лезвия: одно срабатывание,5.312500,3.250000
11,Харизма,androsphinx,17,Застывшие лезвия: одно срабатывание,16.625000,16.625000
11,Харизма,archmage,12,Застывшие лезвия: одно срабатывание,16.507500,16.507500
11,Харизма,assassin,8,Застывшие лезвия: одно срабатывание,16.625000,16.625000
11,Харизма,behir,11,Застывшие лезвия: одно срабатывание,18.387500,18.387500
11,Харизма,bone-devil,9,Застывшие лезвия: одно срабатывание,10.024375,10.024375
11,Харизма,chain-devil,8,Застывшие лезвия: одно срабатывание,10.547500,10.547500
11,Харизма,clay-golem,9,Застывшие лезвия: одно срабатывание,19.239375,19.239375
11,Харизма,cloaker,8,Застывшие лезвия: одно срабатывание,18.975000,18.975000
11,Харизма,cloud-giant,9,Застывшие лезвия: одно срабатывание,20.150000,20.150000
11,Харизма,deva,10,Застывшие лезвия: одно срабатывание,14.980000,14.980000
11,Харизма,djinni,11,Застывшие лезвия: одно срабатывание,16.625000,16.625000
11,Харизма,dragon-turtle,17,Застывшие лезвия: одно срабатывание,16.625000,16.625000
11,Харизма,efreeti,11,Застывшие лезвия: одно срабатывание,19.562500,19.562500
11,Харизма,erinyes,12,Застывшие лезвия: одно срабатывание,8.319375,8.319375
11,Харизма,fire-giant,9,Застывшие лезвия: одно срабатывание,18.387500,18.387500
11,Харизма,frost-giant,8,Застывшие лезвия: одно срабатывание,6.437500,6.437500
11,Харизма,glabrezu,9,Застывшие лезвия: одно срабатывание,10.547500,10.547500
11,Харизма,guardian-naga,10,Застывшие лезвия: одно срабатывание,15.450000,15.450000
11,Харизма,gynosphinx,11,Застывшие лезвия: одно срабатывание,18.975000,18.975000
11,Харизма,hezrou,8,Застывшие лезвия: одно срабатывание,10.024375,10.024375
11,Харизма,horned-devil,11,Застывшие лезвия: одно срабатывание,8.319375,8.319375
11,Харизма,hydra,8,Застывшие лезвия: одно срабатывание,19.562500,19.562500
11,Харизма,ice-devil,14,Застывшие лезвия: одно срабатывание,13.129375,13.129375
11,Харизма,iron-golem,16,Застывшие лезвия: одно срабатывание,19.239375,19.239375
11,Харизма,marilith,16,Застывшие лезвия: одно срабатывание,9.094375,9.094375
11,Харизма,mummy-lord,15,Застывшие лезвия: одно срабатывание,18.270000,18.270000
11,Харизма,nalfeshnee,13,Застывшие лезвия: одно срабатывание,11.710000,11.710000
11,Харизма,planetar,16,Застывшие лезвия: одно срабатывание,14.304375,14.304375
11,Харизма,purple-worm,15,Застывшие лезвия: одно срабатывание,21.325000,21.325000
11,Харизма,rakshasa,13,Застывшие лезвия: одно срабатывание,0.000000,0.000000
11,Харизма,remorhaz,11,Застывшие лезвия: одно срабатывание,6.062500,6.062500
11,Харизма,roc,11,Застывшие лезвия: одно срабатывание,17.800000,17.800000
11,Харизма,spirit-naga,8,Застывшие лезвия: одно срабатывание,16.625000,16.625000
11,Харизма,stone-golem,10,Застывшие лезвия: одно срабатывание,19.239375,19.239375
11,Харизма,storm-giant,13,Застывшие лезвия: одно срабатывание,12.175000,12.175000
11,Харизма,treant,9,Застывшие лезвия: одно срабатывание,20.737500,20.737500
11,Харизма,tyrannosaurus-rex,8,Застывшие лезвия: одно срабатывание,20.150000,20.150000
11,Харизма,vampire-vampire,13,Застывшие лезвия: одно срабатывание,14.862500,10.750000
11,Харизма,vampire-bat,13,Застывшие лезвия: одно срабатывание,14.862500,10.750000
11,Харизма,vampire-mist,13,Застывшие лезвия: одно срабатывание,14.862500,10.750000
11,Харизма,young-blue-dragon,9,Застывшие лезвия: одно срабатывание,17.800000,17.800000
11,Харизма,young-bronze-dragon,8,Застывшие лезвия: одно срабатывание,18.387500,18.387500
11,Харизма,young-gold-dragon,10,Застывшие лезвия: одно срабатывание,16.625000,16.625000
11,Харизма,young-green-dragon,8,Застывшие лезвия: одно срабатывание,17.800000,17.800000
11,Харизма,young-red-dragon,10,Застывшие лезвия: одно срабатывание,17.800000,17.800000
11,Харизма,young-silver-dragon,9,Застывшие лезвия: одно срабатывание,5.500000,5.500000
11,Харизма,aboleth,10,"Огненный шар: альтернатива, не выбор игрока",25.862500,25.862500
11,Харизма,adult-black-dragon,14,"Огненный шар: альтернатива, не выбор игрока",20.162500,13.750000
11,Харизма,adult-blue-dragon,16,"Огненный шар: альтернатива, не выбор игрока",21.587500,13.750000
11,Харизма,adult-brass-dragon,13,"Огненный шар: альтернатива, не выбор игрока",0.000000,0.000000
11,Харизма,adult-bronze-dragon,15,"Огненный шар: альтернатива, не выбор игрока",21.587500,13.750000
11,Харизма,adult-copper-dragon,14,"Огненный шар: альтернатива, не выбор игрока",20.875000,13.750000
11,Харизма,adult-gold-dragon,17,"Огненный шар: альтернатива, не выбор игрока",0.000000,0.000000
11,Харизма,adult-green-dragon,15,"Огненный шар: альтернатива, не выбор игрока",20.875000,13.750000
11,Харизма,adult-red-dragon,17,"Огненный шар: альтернатива, не выбор игрока",0.000000,0.000000
11,Харизма,adult-silver-dragon,16,"Огненный шар: альтернатива, не выбор игрока",21.587500,13.750000
11,Харизма,adult-white-dragon,13,"Огненный шар: альтернатива, не выбор игрока",21.587500,13.750000
11,Харизма,androsphinx,17,"Огненный шар: альтернатива, не выбор игрока",20.875000,20.875000
11,Харизма,archmage,12,"Огненный шар: альтернатива, не выбор игрока",20.732500,20.732500
11,Харизма,assassin,8,"Огненный шар: альтернатива, не выбор игрока",20.875000,20.875000
11,Харизма,behir,11,"Огненный шар: альтернатива, не выбор игрока",23.012500,23.012500
11,Харизма,bone-devil,9,"Огненный шар: альтернатива, не выбор игрока",0.000000,0.000000
11,Харизма,chain-devil,8,"Огненный шар: альтернатива, не выбор игрока",0.000000,0.000000
11,Харизма,clay-golem,9,"Огненный шар: альтернатива, не выбор игрока",24.045625,24.045625
11,Харизма,cloaker,8,"Огненный шар: альтернатива, не выбор игрока",23.725000,23.725000
11,Харизма,cloud-giant,9,"Огненный шар: альтернатива, не выбор игрока",25.150000,25.150000
11,Харизма,deva,10,"Огненный шар: альтернатива, не выбор игрока",18.880000,18.880000
11,Харизма,djinni,11,"Огненный шар: альтернатива, не выбор игрока",20.875000,20.875000
11,Харизма,dragon-turtle,17,"Огненный шар: альтернатива, не выбор игрока",10.187501,10.187501
11,Харизма,efreeti,11,"Огненный шар: альтернатива, не выбор игрока",0.000000,0.000000
11,Харизма,erinyes,12,"Огненный шар: альтернатива, не выбор игрока",0.000000,0.000000
11,Харизма,fire-giant,9,"Огненный шар: альтернатива, не выбор игрока",0.000000,0.000000
11,Харизма,frost-giant,8,"Огненный шар: альтернатива, не выбор игрока",25.862500,25.862500
11,Харизма,glabrezu,9,"Огненный шар: альтернатива, не выбор игрока",10.116251,10.116251
11,Харизма,guardian-naga,10,"Огненный шар: альтернатива, не выбор игрока",19.450000,19.450000
11,Харизма,gynosphinx,11,"Огненный шар: альтернатива, не выбор игрока",23.725000,23.725000
11,Харизма,hezrou,8,"Огненный шар: альтернатива, не выбор игрока",9.635314,9.635314
11,Харизма,horned-devil,11,"Огненный шар: альтернатива, не выбор игрока",0.000000,0.000000
11,Харизма,hydra,8,"Огненный шар: альтернатива, не выбор игрока",24.437500,24.437500
11,Харизма,ice-devil,14,"Огненный шар: альтернатива, не выбор игрока",0.000000,0.000000
11,Харизма,iron-golem,16,"Огненный шар: альтернатива, не выбор игрока",0.000000,0.000000
11,Харизма,marilith,16,"Огненный шар: альтернатива, не выбор игрока",8.780314,8.780314
11,Харизма,mummy-lord,15,"Огненный шар: альтернатива, не выбор игрока",45.740000,45.740000
11,Харизма,nalfeshnee,13,"Огненный шар: альтернатива, не выбор игрока",11.185001,11.185001
11,Харизма,planetar,16,"Огненный шар: альтернатива, не выбор игрока",18.060625,18.060625
11,Харизма,purple-worm,15,"Огненный шар: альтернатива, не выбор игрока",26.575000,26.575000
11,Харизма,rakshasa,13,"Огненный шар: альтернатива, не выбор игрока",0.000000,0.000000
11,Харизма,remorhaz,11,"Огненный шар: альтернатива, не выбор игрока",0.000000,0.000000
11,Харизма,roc,11,"Огненный шар: альтернатива, не выбор игрока",22.300000,22.300000
11,Харизма,spirit-naga,8,"Огненный шар: альтернатива, не выбор игрока",20.875000,20.875000
11,Харизма,stone-golem,10,"Огненный шар: альтернатива, не выбор игрока",24.045625,24.045625
11,Харизма,storm-giant,13,"Огненный шар: альтернатива, не выбор игрока",23.725000,23.725000
11,Харизма,treant,9,"Огненный шар: альтернатива, не выбор игрока",51.725000,51.725000
11,Харизма,tyrannosaurus-rex,8,"Огненный шар: альтернатива, не выбор игрока",25.150000,25.150000
11,Харизма,vampire-vampire,13,"Огненный шар: альтернатива, не выбор игрока",18.737500,13.750000
11,Харизма,vampire-bat,13,"Огненный шар: альтернатива, не выбор игрока",18.737500,13.750000
11,Харизма,vampire-mist,13,"Огненный шар: альтернатива, не выбор игрока",18.737500,13.750000
11,Харизма,young-blue-dragon,9,"Огненный шар: альтернатива, не выбор игрока",22.300000,22.300000
11,Харизма,young-bronze-dragon,8,"Огненный шар: альтернатива, не выбор игрока",23.012500,23.012500
11,Харизма,young-gold-dragon,10,"Огненный шар: альтернатива, не выбор игрока",0.000000,0.000000
11,Харизма,young-green-dragon,8,"Огненный шар: альтернатива, не выбор игрока",22.300000,22.300000
11,Харизма,young-red-dragon,10,"Огненный шар: альтернатива, не выбор игрока",0.000000,0.000000
11,Харизма,young-silver-dragon,9,"Огненный шар: альтернатива, не выбор игрока",22.300000,22.300000
11,Харизма,aboleth,10,Мистическое копьё Раулотима,17.000000,17.000000
11,Харизма,adult-black-dragon,14,Мистическое копьё Раулотима,20.750000,12.000000
11,Харизма,adult-blue-dragon,16,Мистическое копьё Раулотима,20.125000,12.000000
11,Харизма,adult-brass-dragon,13,Мистическое копьё Раулотима,20.750000,12.000000
11,Харизма,adult-bronze-dragon,15,Мистическое копьё Раулотима,20.125000,12.000000
11,Харизма,adult-copper-dragon,14,Мистическое копьё Раулотима,19.500000,12.000000
11,Харизма,adult-gold-dragon,17,Мистическое копьё Раулотима,20.125000,12.000000
11,Харизма,adult-green-dragon,15,Мистическое копьё Раулотима,19.500000,12.000000
11,Харизма,adult-red-dragon,17,Мистическое копьё Раулотима,20.125000,12.000000
11,Харизма,adult-silver-dragon,16,Мистическое копьё Раулотима,20.125000,12.000000
11,Харизма,adult-white-dragon,13,Мистическое копьё Раулотима,22.625000,12.000000
11,Харизма,androsphinx,17,Мистическое копьё Раулотима,0.000000,0.000000
11,Харизма,archmage,12,Мистическое копьё Раулотима,13.531250,13.531250
11,Харизма,assassin,8,Мистическое копьё Раулотима,19.500000,19.500000
11,Харизма,behir,11,Мистическое копьё Раулотима,23.250000,23.250000
11,Харизма,bone-devil,9,Мистическое копьё Раулотима,15.781250,15.781250
11,Харизма,chain-devil,8,Мистическое копьё Раулотима,20.000000,20.000000
11,Харизма,clay-golem,9,Мистическое копьё Раулотима,0.000000,0.000000
11,Харизма,cloaker,8,Мистическое копьё Раулотима,21.375000,21.375000
11,Харизма,cloud-giant,9,Мистическое копьё Раулотима,21.375000,21.375000
11,Харизма,deva,10,Мистическое копьё Раулотима,17.281250,17.281250
11,Харизма,djinni,11,Мистическое копьё Раулотима,20.750000,20.750000
11,Харизма,dragon-turtle,17,Мистическое копьё Раулотима,22.000000,22.000000
11,Харизма,efreeti,11,Мистическое копьё Раулотима,17.625000,17.625000
11,Харизма,erinyes,12,Мистическое копьё Раулотима,18.125000,18.125000
11,Харизма,fire-giant,9,Мистическое копьё Раулотима,22.000000,22.000000
11,Харизма,frost-giant,8,Мистическое копьё Раулотима,22.625000,22.625000
11,Харизма,glabrezu,9,Мистическое копьё Раулотима,16.500000,16.500000
11,Харизма,guardian-naga,10,Мистическое копьё Раулотима,17.625000,17.625000
11,Харизма,gynosphinx,11,Мистическое копьё Раулотима,0.000000,0.000000
11,Харизма,hezrou,8,Мистическое копьё Раулотима,23.281250,23.281250
11,Харизма,horned-devil,11,Мистическое копьё Раулотима,19.031250,19.031250
11,Харизма,hydra,8,Мистическое копьё Раулотима,24.500000,24.500000
11,Харизма,ice-devil,14,Мистическое копьё Раулотима,16.500000,16.500000
11,Харизма,iron-golem,16,Мистическое копьё Раулотима,0.000000,0.000000
11,Харизма,marilith,16,Мистическое копьё Раулотима,16.500000,16.500000
11,Харизма,mummy-lord,15,Мистическое копьё Раулотима,15.781250,15.781250
11,Харизма,nalfeshnee,13,Мистическое копьё Раулотима,13.531250,13.531250
11,Харизма,planetar,16,Мистическое копьё Раулотима,16.500000,16.500000
11,Харизма,purple-worm,15,Мистическое копьё Раулотима,24.500000,24.500000
11,Харизма,rakshasa,13,Мистическое копьё Раулотима,0.000000,0.000000
11,Харизма,remorhaz,11,Мистическое копьё Раулотима,23.875000,23.875000
11,Харизма,roc,11,Мистическое копьё Раулотима,24.500000,24.500000
11,Харизма,spirit-naga,8,Мистическое копьё Раулотима,20.125000,20.125000
11,Харизма,stone-golem,10,Мистическое копьё Раулотима,0.000000,0.000000
11,Харизма,storm-giant,13,Мистическое копьё Раулотима,20.125000,20.125000
11,Харизма,treant,9,Мистическое копьё Раулотима,21.375000,21.375000
11,Харизма,tyrannosaurus-rex,8,Мистическое копьё Раулотима,24.500000,24.500000
11,Харизма,vampire-vampire,13,Мистическое копьё Раулотима,20.125000,12.000000
11,Харизма,vampire-bat,13,Мистическое копьё Раулотима,20.125000,12.000000
11,Харизма,vampire-mist,13,Мистическое копьё Раулотима,20.125000,12.000000
11,Харизма,young-blue-dragon,9,Мистическое копьё Раулотима,20.750000,20.750000
11,Харизма,young-bronze-dragon,8,Мистическое копьё Раулотима,20.750000,20.750000
11,Харизма,young-gold-dragon,10,Мистическое копьё Раулотима,20.125000,20.125000
11,Харизма,young-green-dragon,8,Мистическое копьё Раулотима,20.125000,20.125000
11,Харизма,young-red-dragon,10,Мистическое копьё Раулотима,20.750000,20.750000
11,Харизма,young-silver-dragon,9,Мистическое копьё Раулотима,20.750000,20.750000
11,Харизма,aboleth,10,Ледяная буря: дар IV,25.825000,25.825000
11,Харизма,adult-black-dragon,14,Ледяная буря: дар IV,20.025000,13.500000
11,Харизма,adult-blue-dragon,16,Ледяная буря: дар IV,21.475000,13.500000
11,Харизма,adult-brass-dragon,13,Ледяная буря: дар IV,21.475000,13.500000
11,Харизма,adult-bronze-dragon,15,Ледяная буря: дар IV,21.475000,13.500000
11,Харизма,adult-copper-dragon,14,Ледяная буря: дар IV,20.750000,13.500000
11,Харизма,adult-gold-dragon,17,Ледяная буря: дар IV,19.300000,13.500000
11,Харизма,adult-green-dragon,15,Ледяная буря: дар IV,20.750000,13.500000
11,Харизма,adult-red-dragon,17,Ледяная буря: дар IV,20.750000,13.500000
11,Харизма,adult-silver-dragon,16,Ледяная буря: дар IV,6.862500,4.250000
11,Харизма,adult-white-dragon,13,Ледяная буря: дар IV,6.862500,4.250000
11,Харизма,androsphinx,17,Ледяная буря: дар IV,20.750000,20.750000
11,Харизма,archmage,12,Ледяная буря: дар IV,20.605000,20.605000
11,Харизма,assassin,8,Ледяная буря: дар IV,20.750000,20.750000
11,Харизма,behir,11,Ледяная буря: дар IV,22.925000,22.925000
11,Харизма,bone-devil,9,Ледяная буря: дар IV,12.691117,12.691117
11,Харизма,chain-devil,8,Ледяная буря: дар IV,13.340856,13.340856
11,Харизма,clay-golem,9,Ледяная буря: дар IV,23.976250,23.976250
11,Харизма,cloaker,8,Ледяная буря: дар IV,23.650000,23.650000
11,Харизма,cloud-giant,9,Ледяная буря: дар IV,25.100000,25.100000
11,Харизма,deva,10,Ледяная буря: дар IV,18.720000,18.720000
11,Харизма,djinni,11,Ледяная буря: дар IV,20.750000,20.750000
11,Харизма,dragon-turtle,17,Ледяная буря: дар IV,20.750000,20.750000
11,Харизма,efreeti,11,Ледяная буря: дар IV,24.375000,24.375000
11,Харизма,erinyes,12,Ледяная буря: дар IV,10.573447,10.573447
11,Харизма,fire-giant,9,Ледяная буря: дар IV,22.925000,22.925000
11,Харизма,frost-giant,8,Ледяная буря: дар IV,8.287500,8.287500
11,Харизма,glabrezu,9,Ледяная буря: дар IV,13.340856,13.340856
11,Харизма,guardian-naga,10,Ледяная буря: дар IV,19.300000,19.300000
11,Харизма,gynosphinx,11,Ледяная буря: дар IV,23.650000,23.650000
11,Харизма,hezrou,8,Ледяная буря: дар IV,12.691117,12.691117
11,Харизма,horned-devil,11,Ледяная буря: дар IV,10.573447,10.573447
11,Харизма,hydra,8,Ледяная буря: дар IV,24.375000,24.375000
11,Харизма,ice-devil,14,Ледяная буря: дар IV,16.436250,16.436250
11,Харизма,iron-golem,16,Ледяная буря: дар IV,23.976250,23.976250
11,Харизма,marilith,16,Ледяная буря: дар IV,11.536024,11.536024
11,Харизма,mummy-lord,15,Ледяная буря: дар IV,22.780000,22.780000
11,Харизма,nalfeshnee,13,Ледяная буря: дар IV,14.784722,14.784722
11,Харизма,planetar,16,Ледяная буря: дар IV,17.886250,17.886250
11,Харизма,purple-worm,15,Ледяная буря: дар IV,26.550000,26.550000
11,Харизма,rakshasa,13,Ледяная буря: дар IV,0.000000,0.000000
11,Харизма,remorhaz,11,Ледяная буря: дар IV,7.812500,7.812500
11,Харизма,roc,11,Ледяная буря: дар IV,22.200000,22.200000
11,Харизма,spirit-naga,8,Ледяная буря: дар IV,20.750000,20.750000
11,Харизма,stone-golem,10,Ледяная буря: дар IV,23.976250,23.976250
11,Харизма,storm-giant,13,Ледяная буря: дар IV,15.362269,15.362269
11,Харизма,treant,9,Ледяная буря: дар IV,21.431250,21.431250
11,Харизма,tyrannosaurus-rex,8,Ледяная буря: дар IV,25.100000,25.100000
11,Харизма,vampire-vampire,13,Ледяная буря: дар IV,18.575000,13.500000
11,Харизма,vampire-bat,13,Ледяная буря: дар IV,18.575000,13.500000
11,Харизма,vampire-mist,13,Ледяная буря: дар IV,18.575000,13.500000
11,Харизма,young-blue-dragon,9,Ледяная буря: дар IV,22.200000,22.200000
11,Харизма,young-bronze-dragon,8,Ледяная буря: дар IV,22.925000,22.925000
11,Харизма,young-gold-dragon,10,Ледяная буря: дар IV,20.750000,20.750000
11,Харизма,young-green-dragon,8,Ледяная буря: дар IV,22.200000,22.200000
11,Харизма,young-red-dragon,10,Ледяная буря: дар IV,22.200000,22.200000
11,Харизма,young-silver-dragon,9,Ледяная буря: дар IV,7.100000,7.100000
11,Харизма,aboleth,10,Болезненное сияние: один контакт,11.000000,11.000000
11,Харизма,adult-black-dragon,14,Болезненное сияние: один контакт,6.600000,0.000000
11,Харизма,adult-blue-dragon,16,Болезненное сияние: один контакт,5.500000,0.000000
11,Харизма,adult-brass-dragon,13,Болезненное сияние: один контакт,6.600000,0.000000
11,Харизма,adult-bronze-dragon,15,Болезненное сияние: один контакт,5.500000,0.000000
11,Харизма,adult-copper-dragon,14,Болезненное сияние: один контакт,6.600000,0.000000
11,Харизма,adult-gold-dragon,17,Болезненное сияние: один контакт,3.300000,0.000000
11,Харизма,adult-green-dragon,15,Болезненное сияние: один контакт,6.600000,0.000000
11,Харизма,adult-red-dragon,17,Болезненное сияние: один контакт,3.300000,0.000000
11,Харизма,adult-silver-dragon,16,Болезненное сияние: один контакт,4.400000,0.000000
11,Харизма,adult-white-dragon,13,Болезненное сияние: один контакт,5.500000,0.000000
11,Харизма,androsphinx,17,Болезненное сияние: один контакт,5.500000,5.500000
11,Харизма,archmage,12,Болезненное сияние: один контакт,12.375000,12.375000
11,Харизма,assassin,8,Болезненное сияние: один контакт,15.400000,15.400000
11,Харизма,behir,11,Болезненное сияние: один контакт,13.200000,13.200000
11,Харизма,bone-devil,9,Болезненное сияние: один контакт,7.920000,7.920000
11,Харизма,chain-devil,8,Болезненное сияние: один контакт,4.455000,4.455000
11,Харизма,clay-golem,9,Болезненное сияние: один контакт,7.920000,7.920000
11,Харизма,cloaker,8,Болезненное сияние: один контакт,16.500000,16.500000
11,Харизма,cloud-giant,9,Болезненное сияние: один контакт,6.600000,6.600000
11,Харизма,deva,10,Болезненное сияние: один контакт,3.870000,3.870000
11,Харизма,djinni,11,Болезненное сияние: один контакт,11.000000,11.000000
11,Харизма,dragon-turtle,17,Болезненное сияние: один контакт,5.500000,5.500000
11,Харизма,efreeti,11,Болезненное сияние: один контакт,9.900000,9.900000
11,Харизма,erinyes,12,Болезненное сияние: один контакт,3.520000,3.520000
11,Харизма,fire-giant,9,Болезненное сияние: один контакт,6.600000,6.600000
11,Харизма,frost-giant,8,Болезненное сияние: один контакт,8.800000,8.800000
11,Харизма,glabrezu,9,Болезненное сияние: один контакт,2.695000,2.695000
11,Харизма,guardian-naga,10,Болезненное сияние: один контакт,9.900000,9.900000
11,Харизма,gynosphinx,11,Болезненное сияние: один контакт,14.300000,14.300000
11,Харизма,hezrou,8,Болезненное сияние: один контакт,3.520000,3.520000
11,Харизма,horned-devil,11,Болезненное сияние: один контакт,6.655000,6.655000
11,Харизма,hydra,8,Болезненное сияние: один контакт,12.100000,12.100000
11,Харизма,ice-devil,14,Болезненное сияние: один контакт,2.695000,2.695000
11,Харизма,iron-golem,16,Болезненное сияние: один контакт,6.655000,6.655000
11,Харизма,marilith,16,Болезненное сияние: один контакт,1.980000,1.980000
11,Харизма,mummy-lord,15,Болезненное сияние: один контакт,3.520000,3.520000
11,Харизма,nalfeshnee,13,Болезненное сияние: один контакт,1.375000,1.375000
11,Харизма,planetar,16,Болезненное сияние: один контакт,0.430000,0.430000
11,Харизма,purple-worm,15,Болезненное сияние: один контакт,5.500000,5.500000
11,Харизма,rakshasa,13,Болезненное сияние: один контакт,0.000000,0.000000
11,Харизма,remorhaz,11,Болезненное сияние: один контакт,12.100000,12.100000
11,Харизма,roc,11,Болезненное сияние: один контакт,7.700000,7.700000
11,Харизма,spirit-naga,8,Болезненное сияние: один контакт,12.100000,12.100000
11,Харизма,stone-golem,10,Болезненное сияние: один контакт,6.655000,6.655000
11,Харизма,storm-giant,13,Болезненное сияние: один контакт,6.600000,6.600000
11,Харизма,treant,9,Болезненное сияние: один контакт,12.100000,12.100000
11,Харизма,tyrannosaurus-rex,8,Болезненное сияние: один контакт,13.200000,13.200000
11,Харизма,vampire-vampire,13,Болезненное сияние: один контакт,13.200000,0.000000
11,Харизма,vampire-bat,13,Болезненное сияние: один контакт,13.200000,0.000000
11,Харизма,vampire-mist,13,Болезненное сияние: один контакт,13.200000,0.000000
11,Харизма,young-blue-dragon,9,Болезненное сияние: один контакт,8.800000,8.800000
11,Харизма,young-bronze-dragon,8,Болезненное сияние: один контакт,9.900000,9.900000
11,Харизма,young-gold-dragon,10,Болезненное сияние: один контакт,7.700000,7.700000
11,Харизма,young-green-dragon,8,Болезненное сияние: один контакт,11.000000,11.000000
11,Харизма,young-red-dragon,10,Болезненное сияние: один контакт,7.700000,7.700000
11,Харизма,young-silver-dragon,9,Болезненное сияние: один контакт,7.700000,7.700000
11,Харизма,aboleth,10,Конус холода,30.625000,30.625000
11,Харизма,adult-black-dragon,14,Конус холода,26.475000,20.250000
11,Харизма,adult-blue-dragon,16,Конус холода,25.437500,20.250000
11,Харизма,adult-brass-dragon,13,Конус холода,26.475000,20.250000
11,Харизма,adult-bronze-dragon,15,Конус холода,25.437500,20.250000
11,Харизма,adult-copper-dragon,14,Конус холода,26.475000,20.250000
11,Харизма,adult-gold-dragon,17,Конус холода,23.362500,20.250000
11,Харизма,adult-green-dragon,15,Конус холода,26.475000,20.250000
11,Харизма,adult-red-dragon,17,Конус холода,23.362500,20.250000
11,Харизма,adult-silver-dragon,16,Конус холода,0.000000,0.000000
11,Харизма,adult-white-dragon,13,Конус холода,0.000000,0.000000
11,Харизма,androsphinx,17,Конус холода,25.437500,25.437500
11,Харизма,archmage,12,Конус холода,31.921875,31.921875
11,Харизма,assassin,8,Конус холода,34.775000,34.775000
11,Харизма,behir,11,Конус холода,32.700000,32.700000
11,Харизма,bone-devil,9,Конус холода,13.610000,13.610000
11,Харизма,chain-devil,8,Конус холода,11.975938,11.975938
11,Харизма,clay-golem,9,Конус холода,27.720000,27.720000
11,Харизма,cloaker,8,Конус холода,35.812500,35.812500
11,Харизма,cloud-giant,9,Конус холода,26.475000,26.475000
11,Харизма,deva,10,Конус холода,27.720000,27.720000
11,Харизма,djinni,11,Конус холода,30.625000,30.625000
11,Харизма,dragon-turtle,17,Конус холода,25.437500,25.437500
11,Харизма,efreeti,11,Конус холода,29.587500,29.587500
11,Харизма,erinyes,12,Конус холода,11.535000,11.535000
11,Харизма,fire-giant,9,Конус холода,26.475000,26.475000
11,Харизма,frost-giant,8,Конус холода,0.000000,0.000000
11,Харизма,glabrezu,9,Конус холода,11.145937,11.145937
11,Харизма,guardian-naga,10,Конус холода,29.587500,29.587500
11,Харизма,gynosphinx,11,Конус холода,33.737500,33.737500
11,Харизма,hezrou,8,Конус холода,11.535000,11.535000
11,Харизма,horned-devil,11,Конус холода,13.013437,13.013437
11,Харизма,hydra,8,Конус холода,31.662500,31.662500
11,Харизма,ice-devil,14,Конус холода,22.791875,22.791875
11,Харизма,iron-golem,16,Конус холода,26.526875,26.526875
11,Харизма,marilith,16,Конус холода,10.808750,10.808750
11,Харизма,mummy-lord,15,Конус холода,23.570000,23.570000
11,Харизма,nalfeshnee,13,Конус холода,10.523438,10.523438
11,Харизма,planetar,16,Конус холода,21.080000,21.080000
11,Харизма,purple-worm,15,Конус холода,25.437500,25.437500
11,Харизма,rakshasa,13,Конус холода,0.000000,0.000000
11,Харизма,remorhaz,11,Конус холода,0.000000,0.000000
11,Харизма,roc,11,Конус холода,27.512500,27.512500
11,Харизма,spirit-naga,8,Конус холода,31.662500,31.662500
11,Харизма,stone-golem,10,Конус холода,26.526875,26.526875
11,Харизма,storm-giant,13,Конус холода,12.987500,12.987500
11,Харизма,treant,9,Конус холода,31.662500,31.662500
11,Харизма,tyrannosaurus-rex,8,Конус холода,32.700000,32.700000
11,Харизма,vampire-vampire,13,Конус холода,32.700000,20.250000
11,Харизма,vampire-bat,13,Конус холода,32.700000,20.250000
11,Харизма,vampire-mist,13,Конус холода,32.700000,20.250000
11,Харизма,young-blue-dragon,9,Конус холода,28.550000,28.550000
11,Харизма,young-bronze-dragon,8,Конус холода,29.587500,29.587500
11,Харизма,young-gold-dragon,10,Конус холода,27.512500,27.512500
11,Харизма,young-green-dragon,8,Конус холода,30.625000,30.625000
11,Харизма,young-red-dragon,10,Конус холода,27.512500,27.512500
11,Харизма,young-silver-dragon,9,Конус холода,0.000000,0.000000
11,Харизма,aboleth,10,Синаптический заряд,19.450000,19.450000
11,Харизма,adult-black-dragon,14,Синаптический заряд,23.725000,13.750000
11,Харизма,adult-blue-dragon,16,Синаптический заряд,23.012500,13.750000
11,Харизма,adult-brass-dragon,13,Синаптический заряд,23.725000,13.750000
11,Харизма,adult-bronze-dragon,15,Синаптический заряд,23.012500,13.750000
11,Харизма,adult-copper-dragon,14,Синаптический заряд,22.300000,13.750000
11,Харизма,adult-gold-dragon,17,Синаптический заряд,23.012500,13.750000
11,Харизма,adult-green-dragon,15,Синаптический заряд,22.300000,13.750000
11,Харизма,adult-red-dragon,17,Синаптический заряд,23.012500,13.750000
11,Харизма,adult-silver-dragon,16,Синаптический заряд,23.012500,13.750000
11,Харизма,adult-white-dragon,13,Синаптический заряд,25.862500,13.750000
11,Харизма,androsphinx,17,Синаптический заряд,0.000000,0.000000
11,Харизма,archmage,12,Синаптический заряд,15.495625,15.495625
11,Харизма,assassin,8,Синаптический заряд,22.300000,22.300000
11,Харизма,behir,11,Синаптический заряд,26.575000,26.575000
11,Харизма,bone-devil,9,Синаптический заряд,18.060625,18.060625
11,Харизма,chain-devil,8,Синаптический заряд,22.870000,22.870000
11,Харизма,clay-golem,9,Синаптический заряд,0.000000,0.000000
11,Харизма,cloaker,8,Синаптический заряд,24.437500,24.437500
11,Харизма,cloud-giant,9,Синаптический заряд,24.437500,24.437500
11,Харизма,deva,10,Синаптический заряд,19.770625,19.770625
11,Харизма,djinni,11,Синаптический заряд,23.725000,23.725000
11,Харизма,dragon-turtle,17,Синаптический заряд,25.150000,25.150000
11,Харизма,efreeti,11,Синаптический заряд,20.162500,20.162500
11,Харизма,erinyes,12,Синаптический заряд,20.732500,20.732500
11,Харизма,fire-giant,9,Синаптический заряд,25.150000,25.150000
11,Харизма,frost-giant,8,Синаптический заряд,25.862500,25.862500
11,Харизма,glabrezu,9,Синаптический заряд,18.880000,18.880000
11,Харизма,guardian-naga,10,Синаптический заряд,20.162500,20.162500
11,Харизма,gynosphinx,11,Синаптический заряд,0.000000,0.000000
11,Харизма,hezrou,8,Синаптический заряд,26.610625,26.610625
11,Харизма,horned-devil,11,Синаптический заряд,21.765625,21.765625
11,Харизма,hydra,8,Синаптический заряд,0.000000,0.000000
11,Харизма,ice-devil,14,Синаптический заряд,18.880000,18.880000
11,Харизма,iron-golem,16,Синаптический заряд,0.000000,0.000000
11,Харизма,marilith,16,Синаптический заряд,18.880000,18.880000
11,Харизма,mummy-lord,15,Синаптический заряд,18.060625,18.060625
11,Харизма,nalfeshnee,13,Синаптический заряд,15.495625,15.495625
11,Харизма,planetar,16,Синаптический заряд,18.880000,18.880000
11,Харизма,purple-worm,15,Синаптический заряд,0.000000,0.000000
11,Харизма,rakshasa,13,Синаптический заряд,0.000000,0.000000
11,Харизма,remorhaz,11,Синаптический заряд,27.287500,27.287500
11,Харизма,roc,11,Синаптический заряд,28.000000,28.000000
11,Харизма,spirit-naga,8,Синаптический заряд,23.012500,23.012500
11,Харизма,stone-golem,10,Синаптический заряд,0.000000,0.000000
11,Харизма,storm-giant,13,Синаптический заряд,23.012500,23.012500
11,Харизма,treant,9,Синаптический заряд,24.437500,24.437500
11,Харизма,tyrannosaurus-rex,8,Синаптический заряд,0.000000,0.000000
11,Харизма,vampire-vampire,13,Синаптический заряд,23.012500,13.750000
11,Харизма,vampire-bat,13,Синаптический заряд,23.012500,13.750000
11,Харизма,vampire-mist,13,Синаптический заряд,23.012500,13.750000
11,Харизма,young-blue-dragon,9,Синаптический заряд,23.725000,23.725000
11,Харизма,young-bronze-dragon,8,Синаптический заряд,23.725000,23.725000
11,Харизма,young-gold-dragon,10,Синаптический заряд,23.012500,23.012500
11,Харизма,young-green-dragon,8,Синаптический заряд,23.012500,23.012500
11,Харизма,young-red-dragon,10,Синаптический заряд,23.725000,23.725000
11,Харизма,young-silver-dragon,9,Синаптический заряд,23.725000,23.725000
11,Харизма,aboleth,10,Ледяная сфера Отилюка,29.875000,29.875000
11,Харизма,adult-black-dragon,14,Ледяная сфера Отилюка,25.825000,19.750000
11,Харизма,adult-blue-dragon,16,Ледяная сфера Отилюка,24.812500,19.750000
11,Харизма,adult-brass-dragon,13,Ледяная сфера Отилюка,25.825000,19.750000
11,Харизма,adult-bronze-dragon,15,Ледяная сфера Отилюка,24.812500,19.750000
11,Харизма,adult-copper-dragon,14,Ледяная сфера Отилюка,25.825000,19.750000
11,Харизма,adult-gold-dragon,17,Ледяная сфера Отилюка,22.787500,19.750000
11,Харизма,adult-green-dragon,15,Ледяная сфера Отилюка,25.825000,19.750000
11,Харизма,adult-red-dragon,17,Ледяная сфера Отилюка,22.787500,19.750000
11,Харизма,adult-silver-dragon,16,Ледяная сфера Отилюка,0.000000,0.000000
11,Харизма,adult-white-dragon,13,Ледяная сфера Отилюка,0.000000,0.000000
11,Харизма,androsphinx,17,Ледяная сфера Отилюка,24.812500,24.812500
11,Харизма,archmage,12,Ледяная сфера Отилюка,31.140625,31.140625
11,Харизма,assassin,8,Ледяная сфера Отилюка,33.925000,33.925000
11,Харизма,behir,11,Ледяная сфера Отилюка,31.900000,31.900000
11,Харизма,bone-devil,9,Ледяная сфера Отилюка,13.270000,13.270000
11,Харизма,chain-devil,8,Ледяная сфера Отилюка,11.675313,11.675313
11,Харизма,clay-golem,9,Ледяная сфера Отилюка,27.040000,27.040000
11,Харизма,cloaker,8,Ледяная сфера Отилюка,34.937500,34.937500
11,Харизма,cloud-giant,9,Ледяная сфера Отилюка,25.825000,25.825000
11,Харизма,deva,10,Ледяная сфера Отилюка,27.040000,27.040000
11,Харизма,djinni,11,Ледяная сфера Отилюка,29.875000,29.875000
11,Харизма,dragon-turtle,17,Ледяная сфера Отилюка,24.812500,24.812500
11,Харизма,efreeti,11,Ледяная сфера Отилюка,28.862500,28.862500
11,Харизма,erinyes,12,Ледяная сфера Отилюка,11.245000,11.245000
11,Харизма,fire-giant,9,Ледяная сфера Отилюка,25.825000,25.825000
11,Харизма,frost-giant,8,Ледяная сфера Отилюка,0.000000,0.000000
11,Харизма,glabrezu,9,Ледяная сфера Отилюка,10.865313,10.865313
11,Харизма,guardian-naga,10,Ледяная сфера Отилюка,28.862500,28.862500
11,Харизма,gynosphinx,11,Ледяная сфера Отилюка,32.912500,32.912500
11,Харизма,hezrou,8,Ледяная сфера Отилюка,11.245000,11.245000
11,Харизма,horned-devil,11,Ледяная сфера Отилюка,12.687813,12.687813
11,Харизма,hydra,8,Ледяная сфера Отилюка,30.887500,30.887500
11,Харизма,ice-devil,14,Ледяная сфера Отилюка,22.230625,22.230625
11,Харизма,iron-golem,16,Ледяная сфера Отилюка,25.875625,25.875625
11,Харизма,marilith,16,Ледяная сфера Отилюка,10.536250,10.536250
11,Харизма,mummy-lord,15,Ледяная сфера Отилюка,22.990000,22.990000
11,Харизма,nalfeshnee,13,Ледяная сфера Отилюка,10.257813,10.257813
11,Харизма,planetar,16,Ледяная сфера Отилюка,20.560000,20.560000
11,Харизма,purple-worm,15,Ледяная сфера Отилюка,24.812500,24.812500
11,Харизма,rakshasa,13,Ледяная сфера Отилюка,0.000000,0.000000
11,Харизма,remorhaz,11,Ледяная сфера Отилюка,0.000000,0.000000
11,Харизма,roc,11,Ледяная сфера Отилюка,26.837500,26.837500
11,Харизма,spirit-naga,8,Ледяная сфера Отилюка,30.887500,30.887500
11,Харизма,stone-golem,10,Ледяная сфера Отилюка,25.875625,25.875625
11,Харизма,storm-giant,13,Ледяная сфера Отилюка,12.662500,12.662500
11,Харизма,treant,9,Ледяная сфера Отилюка,30.887500,30.887500
11,Харизма,tyrannosaurus-rex,8,Ледяная сфера Отилюка,31.900000,31.900000
11,Харизма,vampire-vampire,13,Ледяная сфера Отилюка,31.900000,19.750000
11,Харизма,vampire-bat,13,Ледяная сфера Отилюка,31.900000,19.750000
11,Харизма,vampire-mist,13,Ледяная сфера Отилюка,31.900000,19.750000
11,Харизма,young-blue-dragon,9,Ледяная сфера Отилюка,27.850000,27.850000
11,Харизма,young-bronze-dragon,8,Ледяная сфера Отилюка,28.862500,28.862500
11,Харизма,young-gold-dragon,10,Ледяная сфера Отилюка,26.837500,26.837500
11,Харизма,young-green-dragon,8,Ледяная сфера Отилюка,29.875000,29.875000
11,Харизма,young-red-dragon,10,Ледяная сфера Отилюка,26.837500,26.837500
11,Харизма,young-silver-dragon,9,Ледяная сфера Отилюка,0.000000,0.000000
11,Харизма,aboleth,10,Цепная молния: дар VI,41.587500,41.587500
11,Харизма,adult-black-dragon,14,Цепная молния: дар VI,32.487500,22.250000
11,Харизма,adult-blue-dragon,16,Цепная молния: дар VI,0.000000,0.000000
11,Харизма,adult-brass-dragon,13,Цепная молния: дар VI,34.762500,22.250000
11,Харизма,adult-bronze-dragon,15,Цепная молния: дар VI,0.000000,0.000000
11,Харизма,adult-copper-dragon,14,Цепная молния: дар VI,33.625000,22.250000
11,Харизма,adult-gold-dragon,17,Цепная молния: дар VI,31.350000,22.250000
11,Харизма,adult-green-dragon,15,Цепная молния: дар VI,33.625000,22.250000
11,Харизма,adult-red-dragon,17,Цепная молния: дар VI,33.625000,22.250000
11,Харизма,adult-silver-dragon,16,Цепная молния: дар VI,34.762500,22.250000
11,Харизма,adult-white-dragon,13,Цепная молния: дар VI,34.762500,22.250000
11,Харизма,androsphinx,17,Цепная молния: дар VI,33.625000,33.625000
11,Харизма,archmage,12,Цепная молния: дар VI,33.397500,33.397500
11,Харизма,assassin,8,Цепная молния: дар VI,33.625000,33.625000
11,Харизма,behir,11,Цепная молния: дар VI,0.000000,0.000000
11,Харизма,bone-devil,9,Цепная молния: дар VI,31.861875,31.861875
11,Харизма,chain-devil,8,Цепная молния: дар VI,33.397500,33.397500
11,Харизма,clay-golem,9,Цепная молния: дар VI,38.686875,38.686875
11,Харизма,cloaker,8,Цепная молния: дар VI,38.175000,38.175000
11,Харизма,cloud-giant,9,Цепная молния: дар VI,40.450000,40.450000
11,Харизма,deva,10,Цепная молния: дар VI,30.440000,30.440000
11,Харизма,djinni,11,Цепная молния: дар VI,0.000000,0.000000
11,Харизма,dragon-turtle,17,Цепная молния: дар VI,33.625000,33.625000
11,Харизма,efreeti,11,Цепная молния: дар VI,39.312500,39.312500
11,Харизма,erinyes,12,Цепная молния: дар VI,26.856875,26.856875
11,Харизма,fire-giant,9,Цепная молния: дар VI,37.037500,37.037500
11,Харизма,frost-giant,8,Цепная молния: дар VI,41.587500,41.587500
11,Харизма,glabrezu,9,Цепная молния: дар VI,16.448750,16.448750
11,Харизма,guardian-naga,10,Цепная молния: дар VI,31.350000,31.350000
11,Харизма,gynosphinx,11,Цепная молния: дар VI,38.175000,38.175000
11,Харизма,hezrou,8,Цепная молния: дар VI,15.680937,15.680937
11,Харизма,horned-devil,11,Цепная молния: дар VI,26.856875,26.856875
11,Харизма,hydra,8,Цепная молния: дар VI,39.312500,39.312500
11,Харизма,ice-devil,14,Цепная молния: дар VI,26.856875,26.856875
11,Харизма,iron-golem,16,Цепная молния: дар VI,38.686875,38.686875
11,Харизма,marilith,16,Цепная молния: дар VI,14.315938,14.315938
11,Харизма,mummy-lord,15,Цепная молния: дар VI,36.810000,36.810000
11,Харизма,nalfeshnee,13,Цепная молния: дар VI,18.155000,18.155000
11,Харизма,planetar,16,Цепная молния: дар VI,29.131875,29.131875
11,Харизма,purple-worm,15,Цепная молния: дар VI,42.725000,42.725000
11,Харизма,rakshasa,13,Цепная молния: дар VI,0.000000,0.000000
11,Харизма,remorhaz,11,Цепная молния: дар VI,39.312500,39.312500
11,Харизма,roc,11,Цепная молния: дар VI,35.900000,35.900000
11,Харизма,spirit-naga,8,Цепная молния: дар VI,33.625000,33.625000
11,Харизма,stone-golem,10,Цепная молния: дар VI,38.686875,38.686875
11,Харизма,storm-giant,13,Цепная молния: дар VI,0.000000,0.000000
11,Харизма,treant,9,Цепная молния: дар VI,41.587500,41.587500
11,Харизма,tyrannosaurus-rex,8,Цепная молния: дар VI,40.450000,40.450000
11,Харизма,vampire-vampire,13,Цепная молния: дар VI,30.212500,22.250000
11,Харизма,vampire-bat,13,Цепная молния: дар VI,30.212500,22.250000
11,Харизма,vampire-mist,13,Цепная молния: дар VI,30.212500,22.250000
11,Харизма,young-blue-dragon,9,Цепная молния: дар VI,0.000000,0.000000
11,Харизма,young-bronze-dragon,8,Цепная молния: дар VI,0.000000,0.000000
11,Харизма,young-gold-dragon,10,Цепная молния: дар VI,33.625000,33.625000
11,Харизма,young-green-dragon,8,Цепная молния: дар VI,35.900000,35.900000
11,Харизма,young-red-dragon,10,Цепная молния: дар VI,35.900000,35.900000
11,Харизма,young-silver-dragon,9,Цепная молния: дар VI,35.900000,35.900000
11,Адепт,aboleth,10,"Хроматический шар: холод, ячейка I",11.418750,11.418750
11,Адепт,adult-black-dragon,14,"Хроматический шар: холод, ячейка I",9.631250,9.631250
11,Адепт,adult-blue-dragon,16,"Хроматический шар: холод, ячейка I",9.631250,9.631250
11,Адепт,adult-brass-dragon,13,"Хроматический шар: холод, ячейка I",10.525000,10.525000
11,Адепт,adult-bronze-dragon,15,"Хроматический шар: холод, ячейка I",9.631250,9.631250
11,Адепт,adult-copper-dragon,14,"Хроматический шар: холод, ячейка I",10.525000,10.525000
11,Адепт,adult-gold-dragon,17,"Хроматический шар: холод, ячейка I",9.631250,9.631250
11,Адепт,adult-green-dragon,15,"Хроматический шар: холод, ячейка I",9.631250,9.631250
11,Адепт,adult-red-dragon,17,"Хроматический шар: холод, ячейка I",9.631250,9.631250
11,Адепт,adult-silver-dragon,16,"Хроматический шар: холод, ячейка I",0.000000,0.000000
11,Адепт,adult-white-dragon,13,"Хроматический шар: холод, ячейка I",0.000000,0.000000
11,Адепт,androsphinx,17,"Хроматический шар: холод, ячейка I",11.418750,11.418750
11,Адепт,archmage,12,"Хроматический шар: холод, ячейка I",13.206250,13.206250
11,Адепт,assassin,8,"Хроматический шар: холод, ячейка I",13.206250,13.206250
11,Адепт,behir,11,"Хроматический шар: холод, ячейка I",11.418750,11.418750
11,Адепт,bone-devil,9,"Хроматический шар: холод, ячейка I",9.631250,9.631250
11,Адепт,chain-devil,8,"Хроматический шар: холод, ячейка I",12.312500,12.312500
11,Адепт,clay-golem,9,"Хроматический шар: холод, ячейка I",14.100000,14.100000
11,Адепт,cloaker,8,"Хроматический шар: холод, ячейка I",14.100000,14.100000
11,Адепт,cloud-giant,9,"Хроматический шар: холод, ячейка I",14.100000,14.100000
11,Адепт,deva,10,"Хроматический шар: холод, ячейка I",11.418750,11.418750
11,Адепт,djinni,11,"Хроматический шар: холод, ячейка I",11.418750,11.418750
11,Адепт,dragon-turtle,17,"Хроматический шар: холод, ячейка I",8.737500,8.737500
11,Адепт,efreeti,11,"Хроматический шар: холод, ячейка I",11.418750,11.418750
11,Адепт,erinyes,12,"Хроматический шар: холод, ячейка I",10.525000,10.525000
11,Адепт,fire-giant,9,"Хроматический шар: холод, ячейка I",10.525000,10.525000
11,Адепт,frost-giant,8,"Хроматический шар: холод, ячейка I",0.000000,0.000000
11,Адепт,glabrezu,9,"Хроматический шар: холод, ячейка I",11.418750,11.418750
11,Адепт,guardian-naga,10,"Хроматический шар: холод, ячейка I",10.525000,10.525000
11,Адепт,gynosphinx,11,"Хроматический шар: холод, ячейка I",11.418750,11.418750
11,Адепт,hezrou,8,"Хроматический шар: холод, ячейка I",12.312500,12.312500
11,Адепт,horned-devil,11,"Хроматический шар: холод, ячейка I",10.525000,10.525000
11,Адепт,hydra,8,"Хроматический шар: холод, ячейка I",13.206250,13.206250
11,Адепт,ice-devil,14,"Хроматический шар: холод, ячейка I",10.525000,10.525000
11,Адепт,iron-golem,16,"Хроматический шар: холод, ячейка I",8.737500,8.737500
11,Адепт,marilith,16,"Хроматический шар: холод, ячейка I",10.525000,10.525000
11,Адепт,mummy-lord,15,"Хроматический шар: холод, ячейка I",11.418750,11.418750
11,Адепт,nalfeshnee,13,"Хроматический шар: холод, ячейка I",10.525000,10.525000
11,Адепт,planetar,16,"Хроматический шар: холод, ячейка I",9.631250,9.631250
11,Адепт,purple-worm,15,"Хроматический шар: холод, ячейка I",10.525000,10.525000
11,Адепт,rakshasa,13,"Хроматический шар: холод, ячейка I",0.000000,0.000000
11,Адепт,remorhaz,11,"Хроматический шар: холод, ячейка I",0.000000,0.000000
11,Адепт,roc,11,"Хроматический шар: холод, ячейка I",13.206250,13.206250
11,Адепт,spirit-naga,8,"Хроматический шар: холод, ячейка I",13.206250,13.206250
11,Адепт,stone-golem,10,"Хроматический шар: холод, ячейка I",11.418750,11.418750
11,Адепт,storm-giant,13,"Хроматический шар: холод, ячейка I",12.312500,12.312500
11,Адепт,treant,9,"Хроматический шар: холод, ячейка I",12.312500,12.312500
11,Адепт,tyrannosaurus-rex,8,"Хроматический шар: холод, ячейка I",14.993750,14.993750
11,Адепт,vampire-vampire,13,"Хроматический шар: холод, ячейка I",12.312500,12.312500
11,Адепт,vampire-bat,13,"Хроматический шар: холод, ячейка I",12.312500,12.312500
11,Адепт,vampire-mist,13,"Хроматический шар: холод, ячейка I",12.312500,12.312500
11,Адепт,young-blue-dragon,9,"Хроматический шар: холод, ячейка I",10.525000,10.525000
11,Адепт,young-bronze-dragon,8,"Хроматический шар: холод, ячейка I",10.525000,10.525000
11,Адепт,young-gold-dragon,10,"Хроматический шар: холод, ячейка I",10.525000,10.525000
11,Адепт,young-green-dragon,8,"Хроматический шар: холод, ячейка I",10.525000,10.525000
11,Адепт,young-red-dragon,10,"Хроматический шар: холод, ячейка I",10.525000,10.525000
11,Адепт,young-silver-dragon,9,"Хроматический шар: холод, ячейка I",0.000000,0.000000
11,Адепт,aboleth,10,Психическая плеть Таши,6.925000,6.925000
11,Адепт,adult-black-dragon,14,Психическая плеть Таши,8.575000,5.000000
11,Адепт,adult-blue-dragon,16,Психическая плеть Таши,8.300000,5.000000
11,Адепт,adult-brass-dragon,13,Психическая плеть Таши,8.575000,5.000000
11,Адепт,adult-bronze-dragon,15,Психическая плеть Таши,8.300000,5.000000
11,Адепт,adult-copper-dragon,14,Психическая плеть Таши,8.025000,5.000000
11,Адепт,adult-gold-dragon,17,Психическая плеть Таши,8.300000,5.000000
11,Адепт,adult-green-dragon,15,Психическая плеть Таши,8.025000,5.000000
11,Адепт,adult-red-dragon,17,Психическая плеть Таши,8.300000,5.000000
11,Адепт,adult-silver-dragon,16,Психическая плеть Таши,8.300000,5.000000
11,Адепт,adult-white-dragon,13,Психическая плеть Таши,9.400000,5.000000
11,Адепт,androsphinx,17,Психическая плеть Таши,0.000000,0.000000
11,Адепт,archmage,12,Психическая плеть Таши,5.495000,5.495000
11,Адепт,assassin,8,Психическая плеть Таши,8.025000,8.025000
11,Адепт,behir,11,Психическая плеть Таши,9.675000,9.675000
11,Адепт,bone-devil,9,Психическая плеть Таши,6.375000,6.375000
11,Адепт,chain-devil,8,Психическая плеть Таши,8.093750,8.093750
11,Адепт,clay-golem,9,Психическая плеть Таши,0.000000,0.000000
11,Адепт,cloaker,8,Психическая плеть Таши,8.850000,8.850000
11,Адепт,cloud-giant,9,Психическая плеть Таши,8.850000,8.850000
11,Адепт,deva,10,Психическая плеть Таши,6.980000,6.980000
11,Адепт,djinni,11,Психическая плеть Таши,8.575000,8.575000
11,Адепт,dragon-turtle,17,Психическая плеть Таши,9.125000,9.125000
11,Адепт,efreeti,11,Психическая плеть Таши,7.200000,7.200000
11,Адепт,erinyes,12,Психическая плеть Таши,7.323750,7.323750
11,Адепт,fire-giant,9,Психическая плеть Таши,9.125000,9.125000
11,Адепт,frost-giant,8,Психическая плеть Таши,9.400000,9.400000
11,Адепт,glabrezu,9,Психическая плеть Таши,6.663750,6.663750
11,Адепт,guardian-naga,10,Психическая плеть Таши,7.200000,7.200000
11,Адепт,gynosphinx,11,Психическая плеть Таши,0.000000,0.000000
11,Адепт,hezrou,8,Психическая плеть Таши,9.455000,9.455000
11,Адепт,horned-devil,11,Психическая плеть Таши,7.695000,7.695000
11,Адепт,hydra,8,Психическая плеть Таши,10.225000,10.225000
11,Адепт,ice-devil,14,Психическая плеть Таши,6.663750,6.663750
11,Адепт,iron-golem,16,Психическая плеть Таши,0.000000,0.000000
11,Адепт,marilith,16,Психическая плеть Таши,6.663750,6.663750
11,Адепт,mummy-lord,15,Психическая плеть Таши,6.375000,6.375000
11,Адепт,nalfeshnee,13,Психическая плеть Таши,5.495000,5.495000
11,Адепт,planetar,16,Психическая плеть Таши,6.663750,6.663750
11,Адепт,purple-worm,15,Психическая плеть Таши,10.500000,10.500000
11,Адепт,rakshasa,13,Психическая плеть Таши,0.000000,0.000000
11,Адепт,remorhaz,11,Психическая плеть Таши,9.950000,9.950000
11,Адепт,roc,11,Психическая плеть Таши,10.225000,10.225000
11,Адепт,spirit-naga,8,Психическая плеть Таши,8.300000,8.300000
11,Адепт,stone-golem,10,Психическая плеть Таши,0.000000,0.000000
11,Адепт,storm-giant,13,Психическая плеть Таши,8.300000,8.300000
11,Адепт,treant,9,Психическая плеть Таши,8.850000,8.850000
11,Адепт,tyrannosaurus-rex,8,Психическая плеть Таши,10.225000,10.225000
11,Адепт,vampire-vampire,13,Психическая плеть Таши,8.300000,5.000000
11,Адепт,vampire-bat,13,Психическая плеть Таши,8.300000,5.000000
11,Адепт,vampire-mist,13,Психическая плеть Таши,8.300000,5.000000
11,Адепт,young-blue-dragon,9,Психическая плеть Таши,8.575000,8.575000
11,Адепт,young-bronze-dragon,8,Психическая плеть Таши,8.575000,8.575000
11,Адепт,young-gold-dragon,10,Психическая плеть Таши,8.300000,8.300000
11,Адепт,young-green-dragon,8,Психическая плеть Таши,8.300000,8.300000
11,Адепт,young-red-dragon,10,Психическая плеть Таши,8.575000,8.575000
11,Адепт,young-silver-dragon,9,Психическая плеть Таши,8.575000,8.575000
11,Адепт,aboleth,10,Псионический заряд,20.200000,20.200000
11,Адепт,adult-black-dragon,14,Псионический заряд,15.600000,11.000000
11,Адепт,adult-blue-dragon,16,Псионический заряд,16.750000,11.000000
11,Адепт,adult-brass-dragon,13,Псионический заряд,16.750000,11.000000
11,Адепт,adult-bronze-dragon,15,Псионический заряд,16.750000,11.000000
11,Адепт,adult-copper-dragon,14,Псионический заряд,16.175000,11.000000
11,Адепт,adult-gold-dragon,17,Псионический заряд,15.025000,11.000000
11,Адепт,adult-green-dragon,15,Псионический заряд,16.175000,11.000000
11,Адепт,adult-red-dragon,17,Псионический заряд,16.175000,11.000000
11,Адепт,adult-silver-dragon,16,Псионический заряд,16.750000,11.000000
11,Адепт,adult-white-dragon,13,Псионический заряд,16.750000,11.000000
11,Адепт,androsphinx,17,Псионический заряд,16.175000,16.175000
11,Адепт,archmage,12,Псионический заряд,15.858750,15.858750
11,Адепт,assassin,8,Псионический заряд,16.175000,16.175000
11,Адепт,behir,11,Псионический заряд,17.900000,17.900000
11,Адепт,bone-devil,9,Псионический заряд,15.140000,15.140000
11,Адепт,chain-devil,8,Псионический заряд,15.858750,15.858750
11,Адепт,clay-golem,9,Псионический заряд,18.360000,18.360000
11,Адепт,cloaker,8,Псионический заряд,18.475000,18.475000
11,Адепт,cloud-giant,9,Псионический заряд,19.625000,19.625000
11,Адепт,deva,10,Псионический заряд,14.478750,14.478750
11,Адепт,djinni,11,Псионический заряд,16.175000,16.175000
11,Адепт,dragon-turtle,17,Псионический заряд,16.175000,16.175000
11,Адепт,efreeti,11,Псионический заряд,19.050000,19.050000
11,Адепт,erinyes,12,Псионический заряд,12.840000,12.840000
11,Адепт,fire-giant,9,Псионический заряд,17.900000,17.900000
11,Адепт,frost-giant,8,Псионический заряд,20.200000,20.200000
11,Адепт,glabrezu,9,Псионический заряд,15.858750,15.858750
11,Адепт,guardian-naga,10,Псионический заряд,15.025000,15.025000
11,Адепт,gynosphinx,11,Псионический заряд,18.475000,18.475000
11,Адепт,hezrou,8,Псионический заряд,15.140000,15.140000
11,Адепт,horned-devil,11,Псионический заряд,12.840000,12.840000
11,Адепт,hydra,8,Псионический заряд,19.050000,19.050000
11,Адепт,ice-devil,14,Псионический заряд,12.840000,12.840000
11,Адепт,iron-golem,16,Псионический заряд,18.360000,18.360000
11,Адепт,marilith,16,Псионический заряд,13.875000,13.875000
11,Адепт,mummy-lord,15,Псионический заряд,17.468750,17.468750
11,Адепт,nalfeshnee,13,Псионический заряд,17.468750,17.468750
11,Адепт,planetar,16,Псионический заряд,13.875000,13.875000
11,Адепт,purple-worm,15,Псионический заряд,20.775000,20.775000
11,Адепт,rakshasa,13,Псионический заряд,0.000000,0.000000
11,Адепт,remorhaz,11,Псионический заряд,19.050000,19.050000
11,Адепт,roc,11,Псионический заряд,17.325000,17.325000
11,Адепт,spirit-naga,8,Псионический заряд,16.175000,16.175000
11,Адепт,stone-golem,10,Псионический заряд,18.360000,18.360000
11,Адепт,storm-giant,13,Псионический заряд,18.475000,18.475000
11,Адепт,treant,9,Псионический заряд,20.200000,20.200000
11,Адепт,tyrannosaurus-rex,8,Псионический заряд,19.625000,19.625000
11,Адепт,vampire-vampire,13,Псионический заряд,14.450000,11.000000
11,Адепт,vampire-bat,13,Псионический заряд,14.450000,11.000000
11,Адепт,vampire-mist,13,Псионический заряд,14.450000,11.000000
11,Адепт,young-blue-dragon,9,Псионический заряд,17.325000,17.325000
11,Адепт,young-bronze-dragon,8,Псионический заряд,17.900000,17.900000
11,Адепт,young-gold-dragon,10,Псионический заряд,16.175000,16.175000
11,Адепт,young-green-dragon,8,Псионический заряд,17.325000,17.325000
11,Адепт,young-red-dragon,10,Псионический заряд,17.325000,17.325000
11,Адепт,young-silver-dragon,9,Псионический заряд,17.325000,17.325000
11,Адепт,aboleth,10,Застывшие лезвия: одно срабатывание,19.701852,19.701852
11,Адепт,adult-black-dragon,14,Застывшие лезвия: одно срабатывание,15.105556,10.509259
11,Адепт,adult-blue-dragon,16,Застывшие лезвия: одно срабатывание,16.254630,10.509259
11,Адепт,adult-brass-dragon,13,Застывшие лезвия: одно срабатывание,16.254630,10.509259
11,Адепт,adult-bronze-dragon,15,Застывшие лезвия: одно срабатывание,16.254630,10.509259
11,Адепт,adult-copper-dragon,14,Застывшие лезвия: одно срабатывание,15.680093,10.509259
11,Адепт,adult-gold-dragon,17,Застывшие лезвия: одно срабатывание,14.531019,10.509259
11,Адепт,adult-green-dragon,15,Застывшие лезвия: одно срабатывание,15.680093,10.509259
11,Адепт,adult-red-dragon,17,Застывшие лезвия: одно срабатывание,15.680093,10.509259
11,Адепт,adult-silver-dragon,16,Застывшие лезвия: одно срабатывание,5.125000,3.250000
11,Адепт,adult-white-dragon,13,Застывшие лезвия: одно срабатывание,5.125000,3.250000
11,Адепт,androsphinx,17,Застывшие лезвия: одно срабатывание,15.680093,15.680093
11,Адепт,archmage,12,Застывшие лезвия: одно срабатывание,15.364097,15.364097
11,Адепт,assassin,8,Застывшие лезвия: одно срабатывание,15.680093,15.680093
11,Адепт,behir,11,Застывшие лезвия: одно срабатывание,17.403704,17.403704
11,Адепт,bone-devil,9,Застывшие лезвия: одно срабатывание,14.645926,14.645926
11,Адепт,chain-devil,8,Застывшие лезвия: одно срабатывание,15.364097,15.364097
11,Адепт,clay-golem,9,Застывшие лезвия: одно срабатывание,17.863333,17.863333
11,Адепт,cloaker,8,Застывшие лезвия: одно срабатывание,17.978241,17.978241
11,Адепт,cloud-giant,9,Застывшие лезвия: одно срабатывание,19.127315,19.127315
11,Адепт,deva,10,Застывшие лезвия: одно срабатывание,13.985208,13.985208
11,Адепт,djinni,11,Застывшие лезвия: одно срабатывание,15.680093,15.680093
11,Адепт,dragon-turtle,17,Застывшие лезвия: одно срабатывание,15.680093,15.680093
11,Адепт,efreeti,11,Застывшие лезвия: одно срабатывание,18.552778,18.552778
11,Адепт,erinyes,12,Застывшие лезвия: одно срабатывание,12.347778,12.347778
11,Адепт,fire-giant,9,Застывшие лезвия: одно срабатывание,17.403704,17.403704
11,Адепт,frost-giant,8,Застывшие лезвия: одно срабатывание,6.250000,6.250000
11,Адепт,glabrezu,9,Застывшие лезвия: одно срабатывание,15.364097,15.364097
11,Адепт,guardian-naga,10,Застывшие лезвия: одно срабатывание,14.531019,14.531019
11,Адепт,gynosphinx,11,Застывшие лезвия: одно срабатывание,17.978241,17.978241
11,Адепт,hezrou,8,Застывшие лезвия: одно срабатывание,14.645926,14.645926
11,Адепт,horned-devil,11,Застывшие лезвия: одно срабатывание,12.347778,12.347778
11,Адепт,hydra,8,Застывшие лезвия: одно срабатывание,18.552778,18.552778
11,Адепт,ice-devil,14,Застывшие лезвия: одно срабатывание,12.347778,12.347778
11,Адепт,iron-golem,16,Застывшие лезвия: одно срабатывание,17.863333,17.863333
11,Адепт,marilith,16,Застывшие лезвия: одно срабатывание,13.381944,13.381944
11,Адепт,mummy-lord,15,Застывшие лезвия: одно срабатывание,16.972801,16.972801
11,Адепт,nalfeshnee,13,Застывшие лезвия: одно срабатывание,16.972801,16.972801
11,Адепт,planetar,16,Застывшие лезвия: одно срабатывание,13.381944,13.381944
11,Адепт,purple-worm,15,Застывшие лезвия: одно срабатывание,20.276389,20.276389
11,Адепт,rakshasa,13,Застывшие лезвия: одно срабатывание,0.000000,0.000000
11,Адепт,remorhaz,11,Застывшие лезвия: одно срабатывание,5.875000,5.875000
11,Адепт,roc,11,Застывшие лезвия: одно срабатывание,16.829167,16.829167
11,Адепт,spirit-naga,8,Застывшие лезвия: одно срабатывание,15.680093,15.680093
11,Адепт,stone-golem,10,Застывшие лезвия: одно срабатывание,17.863333,17.863333
11,Адепт,storm-giant,13,Застывшие лезвия: одно срабатывание,17.978241,17.978241
11,Адепт,treant,9,Застывшие лезвия: одно срабатывание,19.701852,19.701852
11,Адепт,tyrannosaurus-rex,8,Застывшие лезвия: одно срабатывание,19.127315,19.127315
11,Адепт,vampire-vampire,13,Застывшие лезвия: одно срабатывание,13.956481,10.509259
11,Адепт,vampire-bat,13,Застывшие лезвия: одно срабатывание,13.956481,10.509259
11,Адепт,vampire-mist,13,Застывшие лезвия: одно срабатывание,13.956481,10.509259
11,Адепт,young-blue-dragon,9,Застывшие лезвия: одно срабатывание,16.829167,16.829167
11,Адепт,young-bronze-dragon,8,Застывшие лезвия: одно срабатывание,17.403704,17.403704
11,Адепт,young-gold-dragon,10,Застывшие лезвия: одно срабатывание,15.680093,15.680093
11,Адепт,young-green-dragon,8,Застывшие лезвия: одно срабатывание,16.829167,16.829167
11,Адепт,young-red-dragon,10,Застывшие лезвия: одно срабатывание,16.829167,16.829167
11,Адепт,young-silver-dragon,9,Застывшие лезвия: одно срабатывание,5.312500,5.312500
11,Адепт,aboleth,10,"Огненный шар: альтернатива, не выбор игрока",25.150000,25.150000
11,Адепт,adult-black-dragon,14,"Огненный шар: альтернатива, не выбор игрока",19.450000,13.750000
11,Адепт,adult-blue-dragon,16,"Огненный шар: альтернатива, не выбор игрока",20.875000,13.750000
11,Адепт,adult-brass-dragon,13,"Огненный шар: альтернатива, не выбор игрока",0.000000,0.000000
11,Адепт,adult-bronze-dragon,15,"Огненный шар: альтернатива, не выбор игрока",20.875000,13.750000
11,Адепт,adult-copper-dragon,14,"Огненный шар: альтернатива, не выбор игрока",20.162500,13.750000
11,Адепт,adult-gold-dragon,17,"Огненный шар: альтернатива, не выбор игрока",0.000000,0.000000
11,Адепт,adult-green-dragon,15,"Огненный шар: альтернатива, не выбор игрока",20.162500,13.750000
11,Адепт,adult-red-dragon,17,"Огненный шар: альтернатива, не выбор игрока",0.000000,0.000000
11,Адепт,adult-silver-dragon,16,"Огненный шар: альтернатива, не выбор игрока",20.875000,13.750000
11,Адепт,adult-white-dragon,13,"Огненный шар: альтернатива, не выбор игрока",20.875000,13.750000
11,Адепт,androsphinx,17,"Огненный шар: альтернатива, не выбор игрока",20.162500,20.162500
11,Адепт,archmage,12,"Огненный шар: альтернатива, не выбор игрока",19.770625,19.770625
11,Адепт,assassin,8,"Огненный шар: альтернатива, не выбор игрока",20.162500,20.162500
11,Адепт,behir,11,"Огненный шар: альтернатива, не выбор игрока",22.300000,22.300000
11,Адепт,bone-devil,9,"Огненный шар: альтернатива, не выбор игрока",0.000000,0.000000
11,Адепт,chain-devil,8,"Огненный шар: альтернатива, не выбор игрока",0.000000,0.000000
11,Адепт,clay-golem,9,"Огненный шар: альтернатива, не выбор игрока",22.870000,22.870000
11,Адепт,cloaker,8,"Огненный шар: альтернатива, не выбор игрока",23.012500,23.012500
11,Адепт,cloud-giant,9,"Огненный шар: альтернатива, не выбор игрока",24.437500,24.437500
11,Адепт,deva,10,"Огненный шар: альтернатива, не выбор игрока",18.060625,18.060625
11,Адепт,djinni,11,"Огненный шар: альтернатива, не выбор игрока",20.162500,20.162500
11,Адепт,dragon-turtle,17,"Огненный шар: альтернатива, не выбор игрока",9.831251,9.831251
11,Адепт,efreeti,11,"Огненный шар: альтернатива, не выбор игрока",0.000000,0.000000
11,Адепт,erinyes,12,"Огненный шар: альтернатива, не выбор игрока",0.000000,0.000000
11,Адепт,fire-giant,9,"Огненный шар: альтернатива, не выбор игрока",0.000000,0.000000
11,Адепт,frost-giant,8,"Огненный шар: альтернатива, не выбор игрока",25.150000,25.150000
11,Адепт,glabrezu,9,"Огненный шар: альтернатива, не выбор игрока",9.635314,9.635314
11,Адепт,guardian-naga,10,"Огненный шар: альтернатива, не выбор игрока",18.737500,18.737500
11,Адепт,gynosphinx,11,"Огненный шар: альтернатива, не выбор игрока",23.012500,23.012500
11,Адепт,hezrou,8,"Огненный шар: альтернатива, не выбор игрока",9.190002,9.190002
11,Адепт,horned-devil,11,"Огненный шар: альтернатива, не выбор игрока",0.000000,0.000000
11,Адепт,hydra,8,"Огненный шар: альтернатива, не выбор игрока",23.725000,23.725000
11,Адепт,ice-devil,14,"Огненный шар: альтернатива, не выбор игрока",0.000000,0.000000
11,Адепт,iron-golem,16,"Огненный шар: альтернатива, не выбор игрока",0.000000,0.000000
11,Адепт,marilith,16,"Огненный шар: альтернатива, не выбор игрока",8.406252,8.406252
11,Адепт,mummy-lord,15,"Огненный шар: альтернатива, не выбор игрока",43.531250,43.531250
11,Адепт,nalfeshnee,13,"Огненный шар: альтернатива, не выбор игрока",10.632814,10.632814
11,Адепт,planetar,16,"Огненный шар: альтернатива, не выбор игрока",17.312500,17.312500
11,Адепт,purple-worm,15,"Огненный шар: альтернатива, не выбор игрока",25.862500,25.862500
11,Адепт,rakshasa,13,"Огненный шар: альтернатива, не выбор игрока",0.000000,0.000000
11,Адепт,remorhaz,11,"Огненный шар: альтернатива, не выбор игрока",0.000000,0.000000
11,Адепт,roc,11,"Огненный шар: альтернатива, не выбор игрока",21.587500,21.587500
11,Адепт,spirit-naga,8,"Огненный шар: альтернатива, не выбор игрока",20.162500,20.162500
11,Адепт,stone-golem,10,"Огненный шар: альтернатива, не выбор игрока",22.870000,22.870000
11,Адепт,storm-giant,13,"Огненный шар: альтернатива, не выбор игрока",23.012500,23.012500
11,Адепт,treant,9,"Огненный шар: альтернатива, не выбор игрока",50.300000,50.300000
11,Адепт,tyrannosaurus-rex,8,"Огненный шар: альтернатива, не выбор игрока",24.437500,24.437500
11,Адепт,vampire-vampire,13,"Огненный шар: альтернатива, не выбор игрока",18.025000,13.750000
11,Адепт,vampire-bat,13,"Огненный шар: альтернатива, не выбор игрока",18.025000,13.750000
11,Адепт,vampire-mist,13,"Огненный шар: альтернатива, не выбор игрока",18.025000,13.750000
11,Адепт,young-blue-dragon,9,"Огненный шар: альтернатива, не выбор игрока",21.587500,21.587500
11,Адепт,young-bronze-dragon,8,"Огненный шар: альтернатива, не выбор игрока",22.300000,22.300000
11,Адепт,young-gold-dragon,10,"Огненный шар: альтернатива, не выбор игрока",0.000000,0.000000
11,Адепт,young-green-dragon,8,"Огненный шар: альтернатива, не выбор игрока",21.587500,21.587500
11,Адепт,young-red-dragon,10,"Огненный шар: альтернатива, не выбор игрока",0.000000,0.000000
11,Адепт,young-silver-dragon,9,"Огненный шар: альтернатива, не выбор игрока",21.587500,21.587500
11,Адепт,aboleth,10,Мистическое копьё Раулотима,16.375000,16.375000
11,Адепт,adult-black-dragon,14,Мистическое копьё Раулотима,20.125000,12.000000
11,Адепт,adult-blue-dragon,16,Мистическое копьё Раулотима,19.500000,12.000000
11,Адепт,adult-brass-dragon,13,Мистическое копьё Раулотима,20.125000,12.000000
11,Адепт,adult-bronze-dragon,15,Мистическое копьё Раулотима,19.500000,12.000000
11,Адепт,adult-copper-dragon,14,Мистическое копьё Раулотима,18.875000,12.000000
11,Адепт,adult-gold-dragon,17,Мистическое копьё Раулотима,19.500000,12.000000
11,Адепт,adult-green-dragon,15,Мистическое копьё Раулотима,18.875000,12.000000
11,Адепт,adult-red-dragon,17,Мистическое копьё Раулотима,19.500000,12.000000
11,Адепт,adult-silver-dragon,16,Мистическое копьё Раулотима,19.500000,12.000000
11,Адепт,adult-white-dragon,13,Мистическое копьё Раулотима,22.000000,12.000000
11,Адепт,androsphinx,17,Мистическое копьё Раулотима,0.000000,0.000000
11,Адепт,archmage,12,Мистическое копьё Раулотима,13.125000,13.125000
11,Адепт,assassin,8,Мистическое копьё Раулотима,18.875000,18.875000
11,Адепт,behir,11,Мистическое копьё Раулотима,22.625000,22.625000
11,Адепт,bone-devil,9,Мистическое копьё Раулотима,15.125000,15.125000
11,Адепт,chain-devil,8,Мистическое копьё Раулотима,19.031250,19.031250
11,Адепт,clay-golem,9,Мистическое копьё Раулотима,0.000000,0.000000
11,Адепт,cloaker,8,Мистическое копьё Раулотима,20.750000,20.750000
11,Адепт,cloud-giant,9,Мистическое копьё Раулотима,20.750000,20.750000
11,Адепт,deva,10,Мистическое копьё Раулотима,16.500000,16.500000
11,Адепт,djinni,11,Мистическое копьё Раулотима,20.125000,20.125000
11,Адепт,dragon-turtle,17,Мистическое копьё Раулотима,21.375000,21.375000
11,Адепт,efreeti,11,Мистическое копьё Раулотима,17.000000,17.000000
11,Адепт,erinyes,12,Мистическое копьё Раулотима,17.281250,17.281250
11,Адепт,fire-giant,9,Мистическое копьё Раулотима,21.375000,21.375000
11,Адепт,frost-giant,8,Мистическое копьё Раулотима,22.000000,22.000000
11,Адепт,glabrezu,9,Мистическое копьё Раулотима,15.781250,15.781250
11,Адепт,guardian-naga,10,Мистическое копьё Раулотима,17.000000,17.000000
11,Адепт,gynosphinx,11,Мистическое копьё Раулотима,0.000000,0.000000
11,Адепт,hezrou,8,Мистическое копьё Раулотима,22.125000,22.125000
11,Адепт,horned-devil,11,Мистическое копьё Раулотима,18.125000,18.125000
11,Адепт,hydra,8,Мистическое копьё Раулотима,23.875000,23.875000
11,Адепт,ice-devil,14,Мистическое копьё Раулотима,15.781250,15.781250
11,Адепт,iron-golem,16,Мистическое копьё Раулотима,0.000000,0.000000
11,Адепт,marilith,16,Мистическое копьё Раулотима,15.781250,15.781250
11,Адепт,mummy-lord,15,Мистическое копьё Раулотима,15.125000,15.125000
11,Адепт,nalfeshnee,13,Мистическое копьё Раулотима,13.125000,13.125000
11,Адепт,planetar,16,Мистическое копьё Раулотима,15.781250,15.781250
11,Адепт,purple-worm,15,Мистическое копьё Раулотима,24.500000,24.500000
11,Адепт,rakshasa,13,Мистическое копьё Раулотима,0.000000,0.000000
11,Адепт,remorhaz,11,Мистическое копьё Раулотима,23.250000,23.250000
11,Адепт,roc,11,Мистическое копьё Раулотима,23.875000,23.875000
11,Адепт,spirit-naga,8,Мистическое копьё Раулотима,19.500000,19.500000
11,Адепт,stone-golem,10,Мистическое копьё Раулотима,0.000000,0.000000
11,Адепт,storm-giant,13,Мистическое копьё Раулотима,19.500000,19.500000
11,Адепт,treant,9,Мистическое копьё Раулотима,20.750000,20.750000
11,Адепт,tyrannosaurus-rex,8,Мистическое копьё Раулотима,23.875000,23.875000
11,Адепт,vampire-vampire,13,Мистическое копьё Раулотима,19.500000,12.000000
11,Адепт,vampire-bat,13,Мистическое копьё Раулотима,19.500000,12.000000
11,Адепт,vampire-mist,13,Мистическое копьё Раулотима,19.500000,12.000000
11,Адепт,young-blue-dragon,9,Мистическое копьё Раулотима,20.125000,20.125000
11,Адепт,young-bronze-dragon,8,Мистическое копьё Раулотима,20.125000,20.125000
11,Адепт,young-gold-dragon,10,Мистическое копьё Раулотима,19.500000,19.500000
11,Адепт,young-green-dragon,8,Мистическое копьё Раулотима,19.500000,19.500000
11,Адепт,young-red-dragon,10,Мистическое копьё Раулотима,20.125000,20.125000
11,Адепт,young-silver-dragon,9,Мистическое копьё Раулотима,20.125000,20.125000
11,Адепт,aboleth,10,Ледяная буря: дар IV,24.800617,24.800617
11,Адепт,adult-black-dragon,14,Ледяная буря: дар IV,19.068519,13.336420
11,Адепт,adult-blue-dragon,16,Ледяная буря: дар IV,20.501543,13.336420
11,Адепт,adult-brass-dragon,13,Ледяная буря: дар IV,20.501543,13.336420
11,Адепт,adult-bronze-dragon,15,Ледяная буря: дар IV,20.501543,13.336420
11,Адепт,adult-copper-dragon,14,Ледяная буря: дар IV,19.785031,13.336420
11,Адепт,adult-gold-dragon,17,Ледяная буря: дар IV,18.352006,13.336420
11,Адепт,adult-green-dragon,15,Ледяная буря: дар IV,19.785031,13.336420
11,Адепт,adult-red-dragon,17,Ледяная буря: дар IV,19.785031,13.336420
11,Адепт,adult-silver-dragon,16,Ледяная буря: дар IV,6.625000,4.250000
11,Адепт,adult-white-dragon,13,Ледяная буря: дар IV,6.625000,4.250000
11,Адепт,androsphinx,17,Ледяная буря: дар IV,19.785031,19.785031
11,Адепт,archmage,12,Ледяная буря: дар IV,19.390949,19.390949
11,Адепт,assassin,8,Ледяная буря: дар IV,19.785031,19.785031
11,Адепт,behir,11,Ледяная буря: дар IV,21.934568,21.934568
11,Адепт,bone-devil,9,Ледяная буря: дар IV,18.495309,18.495309
11,Адепт,chain-devil,8,Ледяная буря: дар IV,19.390949,19.390949
11,Адепт,clay-golem,9,Ледяная буря: дар IV,22.507778,22.507778
11,Адепт,cloaker,8,Ледяная буря: дар IV,22.651080,22.651080
11,Адепт,cloud-giant,9,Ледяная буря: дар IV,24.084105,24.084105
11,Адепт,deva,10,Ледяная буря: дар IV,17.671319,17.671319
11,Адепт,djinni,11,Ледяная буря: дар IV,19.785031,19.785031
11,Адепт,dragon-turtle,17,Ледяная буря: дар IV,19.785031,19.785031
11,Адепт,efreeti,11,Ледяная буря: дар IV,23.367593,23.367593
11,Адепт,erinyes,12,Ледяная буря: дар IV,15.629259,15.629259
11,Адепт,fire-giant,9,Ледяная буря: дар IV,21.934568,21.934568
11,Адепт,frost-giant,8,Ледяная буря: дар IV,8.050000,8.050000
11,Адепт,glabrezu,9,Ледяная буря: дар IV,19.390949,19.390949
11,Адепт,guardian-naga,10,Ледяная буря: дар IV,18.352006,18.352006
11,Адепт,gynosphinx,11,Ледяная буря: дар IV,22.651080,22.651080
11,Адепт,hezrou,8,Ледяная буря: дар IV,18.495309,18.495309
11,Адепт,horned-devil,11,Ледяная буря: дар IV,15.629259,15.629259
11,Адепт,hydra,8,Ледяная буря: дар IV,23.367593,23.367593
11,Адепт,ice-devil,14,Ледяная буря: дар IV,15.629259,15.629259
11,Адепт,iron-golem,16,Ледяная буря: дар IV,22.507778,22.507778
11,Адепт,marilith,16,Ледяная буря: дар IV,16.918981,16.918981
11,Адепт,mummy-lord,15,Ледяная буря: дар IV,21.397184,21.397184
11,Адепт,nalfeshnee,13,Ледяная буря: дар IV,21.397184,21.397184
11,Адепт,planetar,16,Ледяная буря: дар IV,16.918981,16.918981
11,Адепт,purple-worm,15,Ледяная буря: дар IV,25.517130,25.517130
11,Адепт,rakshasa,13,Ледяная буря: дар IV,0.000000,0.000000
11,Адепт,remorhaz,11,Ледяная буря: дар IV,7.575000,7.575000
11,Адепт,roc,11,Ледяная буря: дар IV,21.218056,21.218056
11,Адепт,spirit-naga,8,Ледяная буря: дар IV,19.785031,19.785031
11,Адепт,stone-golem,10,Ледяная буря: дар IV,22.507778,22.507778
11,Адепт,storm-giant,13,Ледяная буря: дар IV,22.651080,22.651080
11,Адепт,treant,9,Ледяная буря: дар IV,20.525617,20.525617
11,Адепт,tyrannosaurus-rex,8,Ледяная буря: дар IV,24.084105,24.084105
11,Адепт,vampire-vampire,13,Ледяная буря: дар IV,17.635494,13.336420
11,Адепт,vampire-bat,13,Ледяная буря: дар IV,17.635494,13.336420
11,Адепт,vampire-mist,13,Ледяная буря: дар IV,17.635494,13.336420
11,Адепт,young-blue-dragon,9,Ледяная буря: дар IV,21.218056,21.218056
11,Адепт,young-bronze-dragon,8,Ледяная буря: дар IV,21.934568,21.934568
11,Адепт,young-gold-dragon,10,Ледяная буря: дар IV,19.785031,19.785031
11,Адепт,young-green-dragon,8,Ледяная буря: дар IV,21.218056,21.218056
11,Адепт,young-red-dragon,10,Ледяная буря: дар IV,21.218056,21.218056
11,Адепт,young-silver-dragon,9,Ледяная буря: дар IV,6.862500,6.862500
11,Адепт,aboleth,10,Болезненное сияние: один контакт,9.900000,9.900000
11,Адепт,adult-black-dragon,14,Болезненное сияние: один контакт,5.500000,0.000000
11,Адепт,adult-blue-dragon,16,Болезненное сияние: один контакт,4.400000,0.000000
11,Адепт,adult-brass-dragon,13,Болезненное сияние: один контакт,5.500000,0.000000
11,Адепт,adult-bronze-dragon,15,Болезненное сияние: один контакт,4.400000,0.000000
11,Адепт,adult-copper-dragon,14,Болезненное сияние: один контакт,5.500000,0.000000
11,Адепт,adult-gold-dragon,17,Болезненное сияние: один контакт,2.200000,0.000000
11,Адепт,adult-green-dragon,15,Болезненное сияние: один контакт,5.500000,0.000000
11,Адепт,adult-red-dragon,17,Болезненное сияние: один контакт,2.200000,0.000000
11,Адепт,adult-silver-dragon,16,Болезненное сияние: один контакт,3.300000,0.000000
11,Адепт,adult-white-dragon,13,Болезненное сияние: один контакт,4.400000,0.000000
11,Адепт,androsphinx,17,Болезненное сияние: один контакт,4.400000,4.400000
11,Адепт,archmage,12,Болезненное сияние: один контакт,10.780000,10.780000
11,Адепт,assassin,8,Болезненное сияние: один контакт,14.300000,14.300000
11,Адепт,behir,11,Болезненное сияние: один контакт,12.100000,12.100000
11,Адепт,bone-devil,9,Болезненное сияние: один контакт,6.655000,6.655000
11,Адепт,chain-devil,8,Болезненное сияние: один контакт,3.520000,3.520000
11,Адепт,clay-golem,9,Болезненное сияние: один контакт,6.655000,6.655000
11,Адепт,cloaker,8,Болезненное сияние: один контакт,15.400000,15.400000
11,Адепт,cloud-giant,9,Болезненное сияние: один контакт,5.500000,5.500000
11,Адепт,deva,10,Болезненное сияние: один контакт,3.251875,3.251875
11,Адепт,djinni,11,Болезненное сияние: один контакт,9.900000,9.900000
11,Адепт,dragon-turtle,17,Болезненное сияние: один контакт,4.400000,4.400000
11,Адепт,efreeti,11,Болезненное сияние: один контакт,8.800000,8.800000
11,Адепт,erinyes,12,Болезненное сияние: один контакт,2.695000,2.695000
11,Адепт,fire-giant,9,Болезненное сияние: один контакт,5.500000,5.500000
11,Адепт,frost-giant,8,Болезненное сияние: один контакт,7.700000,7.700000
11,Адепт,glabrezu,9,Болезненное сияние: один контакт,1.980000,1.980000
11,Адепт,guardian-naga,10,Болезненное сияние: один контакт,8.800000,8.800000
11,Адепт,gynosphinx,11,Болезненное сияние: один контакт,13.200000,13.200000
11,Адепт,hezrou,8,Болезненное сияние: один контакт,2.695000,2.695000
11,Адепт,horned-devil,11,Болезненное сияние: один контакт,5.500000,5.500000
11,Адепт,hydra,8,Болезненное сияние: один контакт,11.000000,11.000000
11,Адепт,ice-devil,14,Болезненное сияние: один контакт,1.980000,1.980000
11,Адепт,iron-golem,16,Болезненное сияние: один контакт,5.500000,5.500000
11,Адепт,marilith,16,Болезненное сияние: один контакт,1.375000,1.375000
11,Адепт,mummy-lord,15,Болезненное сияние: один контакт,2.695000,2.695000
11,Адепт,nalfeshnee,13,Болезненное сияние: один контакт,0.880000,0.880000
11,Адепт,planetar,16,Болезненное сияние: один контакт,0.241875,0.241875
11,Адепт,purple-worm,15,Болезненное сияние: один контакт,4.400000,4.400000
11,Адепт,rakshasa,13,Болезненное сияние: один контакт,0.000000,0.000000
11,Адепт,remorhaz,11,Болезненное сияние: один контакт,11.000000,11.000000
11,Адепт,roc,11,Болезненное сияние: один контакт,6.600000,6.600000
11,Адепт,spirit-naga,8,Болезненное сияние: один контакт,11.000000,11.000000
11,Адепт,stone-golem,10,Болезненное сияние: один контакт,5.500000,5.500000
11,Адепт,storm-giant,13,Болезненное сияние: один контакт,5.500000,5.500000
11,Адепт,treant,9,Болезненное сияние: один контакт,11.000000,11.000000
11,Адепт,tyrannosaurus-rex,8,Болезненное сияние: один контакт,12.100000,12.100000
11,Адепт,vampire-vampire,13,Болезненное сияние: один контакт,12.100000,0.000000
11,Адепт,vampire-bat,13,Болезненное сияние: один контакт,12.100000,0.000000
11,Адепт,vampire-mist,13,Болезненное сияние: один контакт,12.100000,0.000000
11,Адепт,young-blue-dragon,9,Болезненное сияние: один контакт,7.700000,7.700000
11,Адепт,young-bronze-dragon,8,Болезненное сияние: один контакт,8.800000,8.800000
11,Адепт,young-gold-dragon,10,Болезненное сияние: один контакт,6.600000,6.600000
11,Адепт,young-green-dragon,8,Болезненное сияние: один контакт,9.900000,9.900000
11,Адепт,young-red-dragon,10,Болезненное сияние: один контакт,6.600000,6.600000
11,Адепт,young-silver-dragon,9,Болезненное сияние: один контакт,6.600000,6.600000
11,Адепт,aboleth,10,Конус холода,29.587502,29.587502
11,Адепт,adult-black-dragon,14,Конус холода,25.437503,20.250004
11,Адепт,adult-blue-dragon,16,Конус холода,24.400003,20.250004
11,Адепт,adult-brass-dragon,13,Конус холода,25.437503,20.250004
11,Адепт,adult-bronze-dragon,15,Конус холода,24.400003,20.250004
11,Адепт,adult-copper-dragon,14,Конус холода,25.437503,20.250004
11,Адепт,adult-gold-dragon,17,Конус холода,22.325003,20.250004
11,Адепт,adult-green-dragon,15,Конус холода,25.437503,20.250004
11,Адепт,adult-red-dragon,17,Конус холода,22.325003,20.250004
11,Адепт,adult-silver-dragon,16,Конус холода,0.000000,0.000000
11,Адепт,adult-white-dragon,13,Конус холода,0.000000,0.000000
11,Адепт,androsphinx,17,Конус холода,24.400003,24.400003
11,Адепт,archmage,12,Конус холода,30.417502,30.417502
11,Адепт,assassin,8,Конус холода,33.737501,33.737501
11,Адепт,behir,11,Конус холода,31.662502,31.662502
11,Адепт,bone-devil,9,Конус холода,26.526878,26.526878
11,Адепт,chain-devil,8,Конус холода,23.570003,23.570003
11,Адепт,clay-golem,9,Конус холода,26.526878,26.526878
11,Адепт,cloaker,8,Конус холода,34.775001,34.775001
11,Адепт,cloud-giant,9,Конус холода,25.437503,25.437503
11,Адепт,deva,10,Конус холода,26.526878,26.526878
11,Адепт,djinni,11,Конус холода,29.587502,29.587502
11,Адепт,dragon-turtle,17,Конус холода,24.400003,24.400003
11,Адепт,efreeti,11,Конус холода,28.550002,28.550002
11,Адепт,erinyes,12,Конус холода,22.791878,22.791878
11,Адепт,fire-giant,9,Конус холода,25.437503,25.437503
11,Адепт,frost-giant,8,Конус холода,0.000000,0.000000
11,Адепт,glabrezu,9,Конус холода,22.117503,22.117503
11,Адепт,guardian-naga,10,Конус холода,28.550002,28.550002
11,Адепт,gynosphinx,11,Конус холода,32.700002,32.700002
11,Адепт,hezrou,8,Конус холода,22.791878,22.791878
11,Адепт,horned-devil,11,Конус холода,25.437503,25.437503
11,Адепт,hydra,8,Конус холода,30.625002,30.625002
11,Адепт,ice-devil,14,Конус холода,22.117503,22.117503
11,Адепт,iron-golem,16,Конус холода,25.437503,25.437503
11,Адепт,marilith,16,Конус холода,21.546879,21.546879
11,Адепт,mummy-lord,15,Конус холода,22.791878,22.791878
11,Адепт,nalfeshnee,13,Конус холода,21.080004,21.080004
11,Адепт,planetar,16,Конус холода,20.716879,20.716879
11,Адепт,purple-worm,15,Конус холода,24.400003,24.400003
11,Адепт,rakshasa,13,Конус холода,0.000000,0.000000
11,Адепт,remorhaz,11,Конус холода,0.000000,0.000000
11,Адепт,roc,11,Конус холода,26.475003,26.475003
11,Адепт,spirit-naga,8,Конус холода,30.625002,30.625002
11,Адепт,stone-golem,10,Конус холода,25.437503,25.437503
11,Адепт,storm-giant,13,Конус холода,25.437503,25.437503
11,Адепт,treant,9,Конус холода,30.625002,30.625002
11,Адепт,tyrannosaurus-rex,8,Конус холода,31.662502,31.662502
11,Адепт,vampire-vampire,13,Конус холода,31.662502,20.250004
11,Адепт,vampire-bat,13,Конус холода,31.662502,20.250004
11,Адепт,vampire-mist,13,Конус холода,31.662502,20.250004
11,Адепт,young-blue-dragon,9,Конус холода,27.512502,27.512502
11,Адепт,young-bronze-dragon,8,Конус холода,28.550002,28.550002
11,Адепт,young-gold-dragon,10,Конус холода,26.475003,26.475003
11,Адепт,young-green-dragon,8,Конус холода,29.587502,29.587502
11,Адепт,young-red-dragon,10,Конус холода,26.475003,26.475003
11,Адепт,young-silver-dragon,9,Конус холода,0.000000,0.000000
11,Адепт,aboleth,10,Синаптический заряд,18.737500,18.737500
11,Адепт,adult-black-dragon,14,Синаптический заряд,23.012500,13.750000
11,Адепт,adult-blue-dragon,16,Синаптический заряд,22.300000,13.750000
11,Адепт,adult-brass-dragon,13,Синаптический заряд,23.012500,13.750000
11,Адепт,adult-bronze-dragon,15,Синаптический заряд,22.300000,13.750000
11,Адепт,adult-copper-dragon,14,Синаптический заряд,21.587500,13.750000
11,Адепт,adult-gold-dragon,17,Синаптический заряд,22.300000,13.750000
11,Адепт,adult-green-dragon,15,Синаптический заряд,21.587500,13.750000
11,Адепт,adult-red-dragon,17,Синаптический заряд,22.300000,13.750000
11,Адепт,adult-silver-dragon,16,Синаптический заряд,22.300000,13.750000
11,Адепт,adult-white-dragon,13,Синаптический заряд,25.150000,13.750000
11,Адепт,androsphinx,17,Синаптический заряд,0.000000,0.000000
11,Адепт,archmage,12,Синаптический заряд,15.032500,15.032500
11,Адепт,assassin,8,Синаптический заряд,21.587500,21.587500
11,Адепт,behir,11,Синаптический заряд,25.862500,25.862500
11,Адепт,bone-devil,9,Синаптический заряд,17.312500,17.312500
11,Адепт,chain-devil,8,Синаптический заряд,21.765625,21.765625
11,Адепт,clay-golem,9,Синаптический заряд,0.000000,0.000000
11,Адепт,cloaker,8,Синаптический заряд,23.725000,23.725000
11,Адепт,cloud-giant,9,Синаптический заряд,23.725000,23.725000
11,Адепт,deva,10,Синаптический заряд,18.880000,18.880000
11,Адепт,djinni,11,Синаптический заряд,23.012500,23.012500
11,Адепт,dragon-turtle,17,Синаптический заряд,24.437500,24.437500
11,Адепт,efreeti,11,Синаптический заряд,19.450000,19.450000
11,Адепт,erinyes,12,Синаптический заряд,19.770625,19.770625
11,Адепт,fire-giant,9,Синаптический заряд,24.437500,24.437500
11,Адепт,frost-giant,8,Синаптический заряд,25.150000,25.150000
11,Адепт,glabrezu,9,Синаптический заряд,18.060625,18.060625
11,Адепт,guardian-naga,10,Синаптический заряд,19.450000,19.450000
11,Адепт,gynosphinx,11,Синаптический заряд,0.000000,0.000000
11,Адепт,hezrou,8,Синаптический заряд,25.292500,25.292500
11,Адепт,horned-devil,11,Синаптический заряд,20.732500,20.732500
11,Адепт,hydra,8,Синаптический заряд,0.000000,0.000000
11,Адепт,ice-devil,14,Синаптический заряд,18.060625,18.060625
11,Адепт,iron-golem,16,Синаптический заряд,0.000000,0.000000
11,Адепт,marilith,16,Синаптический заряд,18.060625,18.060625
11,Адепт,mummy-lord,15,Синаптический заряд,17.312500,17.312500
11,Адепт,nalfeshnee,13,Синаптический заряд,15.032500,15.032500
11,Адепт,planetar,16,Синаптический заряд,18.060625,18.060625
11,Адепт,purple-worm,15,Синаптический заряд,0.000000,0.000000
11,Адепт,rakshasa,13,Синаптический заряд,0.000000,0.000000
11,Адепт,remorhaz,11,Синаптический заряд,26.575000,26.575000
11,Адепт,roc,11,Синаптический заряд,27.287500,27.287500
11,Адепт,spirit-naga,8,Синаптический заряд,22.300000,22.300000
11,Адепт,stone-golem,10,Синаптический заряд,0.000000,0.000000
11,Адепт,storm-giant,13,Синаптический заряд,22.300000,22.300000
11,Адепт,treant,9,Синаптический заряд,23.725000,23.725000
11,Адепт,tyrannosaurus-rex,8,Синаптический заряд,0.000000,0.000000
11,Адепт,vampire-vampire,13,Синаптический заряд,22.300000,13.750000
11,Адепт,vampire-bat,13,Синаптический заряд,22.300000,13.750000
11,Адепт,vampire-mist,13,Синаптический заряд,22.300000,13.750000
11,Адепт,young-blue-dragon,9,Синаптический заряд,23.012500,23.012500
11,Адепт,young-bronze-dragon,8,Синаптический заряд,23.012500,23.012500
11,Адепт,young-gold-dragon,10,Синаптический заряд,22.300000,22.300000
11,Адепт,young-green-dragon,8,Синаптический заряд,22.300000,22.300000
11,Адепт,young-red-dragon,10,Синаптический заряд,23.012500,23.012500
11,Адепт,young-silver-dragon,9,Синаптический заряд,23.012500,23.012500
11,Адепт,aboleth,10,Ледяная сфера Отилюка,29.345836,29.345836
11,Адепт,adult-black-dragon,14,Ледяная сфера Отилюка,25.229170,20.083338
11,Адепт,adult-blue-dragon,16,Ледяная сфера Отилюка,24.200003,20.083338
11,Адепт,adult-brass-dragon,13,Ледяная сфера Отилюка,25.229170,20.083338
11,Адепт,adult-bronze-dragon,15,Ледяная сфера Отилюка,24.200003,20.083338
11,Адепт,adult-copper-dragon,14,Ледяная сфера Отилюка,25.229170,20.083338
11,Адепт,adult-gold-dragon,17,Ледяная сфера Отилюка,22.141670,20.083338
11,Адепт,adult-green-dragon,15,Ледяная сфера Отилюка,25.229170,20.083338
11,Адепт,adult-red-dragon,17,Ледяная сфера Отилюка,22.141670,20.083338
11,Адепт,adult-silver-dragon,16,Ледяная сфера Отилюка,0.000000,0.000000
11,Адепт,adult-white-dragon,13,Ледяная сфера Отилюка,0.000000,0.000000
11,Адепт,androsphinx,17,Ледяная сфера Отилюка,24.200003,24.200003
11,Адепт,archmage,12,Ледяная сфера Отилюка,30.169169,30.169169
11,Адепт,assassin,8,Ледяная сфера Отилюка,33.462501,33.462501
11,Адепт,behir,11,Ледяная сфера Отилюка,31.404169,31.404169
11,Адепт,bone-devil,9,Ледяная сфера Отилюка,26.309795,26.309795
11,Адепт,chain-devil,8,Ледяная сфера Отилюка,23.376670,23.376670
11,Адепт,clay-golem,9,Ледяная сфера Отилюка,26.309795,26.309795
11,Адепт,cloaker,8,Ледяная сфера Отилюка,34.491668,34.491668
11,Адепт,cloud-giant,9,Ледяная сфера Отилюка,25.229170,25.229170
11,Адепт,deva,10,Ледяная сфера Отилюка,26.309795,26.309795
11,Адепт,djinni,11,Ледяная сфера Отилюка,29.345836,29.345836
11,Адепт,dragon-turtle,17,Ледяная сфера Отилюка,24.200003,24.200003
11,Адепт,efreeti,11,Ледяная сфера Отилюка,28.316669,28.316669
11,Адепт,erinyes,12,Ледяная сфера Отилюка,22.604795,22.604795
11,Адепт,fire-giant,9,Ледяная сфера Отилюка,25.229170,25.229170
11,Адепт,frost-giant,8,Ледяная сфера Отилюка,0.000000,0.000000
11,Адепт,glabrezu,9,Ледяная сфера Отилюка,21.935837,21.935837
11,Адепт,guardian-naga,10,Ледяная сфера Отилюка,28.316669,28.316669
11,Адепт,gynosphinx,11,Ледяная сфера Отилюка,32.433335,32.433335
11,Адепт,hezrou,8,Ледяная сфера Отилюка,22.604795,22.604795
11,Адепт,horned-devil,11,Ледяная сфера Отилюка,25.229170,25.229170
11,Адепт,hydra,8,Ледяная сфера Отилюка,30.375002,30.375002
11,Адепт,ice-devil,14,Ледяная сфера Отилюка,21.935837,21.935837
11,Адепт,iron-golem,16,Ледяная сфера Отилюка,25.229170,25.229170
11,Адепт,marilith,16,Ледяная сфера Отилюка,21.369796,21.369796
11,Адепт,mummy-lord,15,Ледяная сфера Отилюка,22.604795,22.604795
11,Адепт,nalfeshnee,13,Ледяная сфера Отилюка,20.906671,20.906671
11,Адепт,planetar,16,Ледяная сфера Отилюка,20.546462,20.546462
11,Адепт,purple-worm,15,Ледяная сфера Отилюка,24.200003,24.200003
11,Адепт,rakshasa,13,Ледяная сфера Отилюка,0.000000,0.000000
11,Адепт,remorhaz,11,Ледяная сфера Отилюка,0.000000,0.000000
11,Адепт,roc,11,Ледяная сфера Отилюка,26.258336,26.258336
11,Адепт,spirit-naga,8,Ледяная сфера Отилюка,30.375002,30.375002
11,Адепт,stone-golem,10,Ледяная сфера Отилюка,25.229170,25.229170
11,Адепт,storm-giant,13,Ледяная сфера Отилюка,25.229170,25.229170
11,Адепт,treant,9,Ледяная сфера Отилюка,30.375002,30.375002
11,Адепт,tyrannosaurus-rex,8,Ледяная сфера Отилюка,31.404169,31.404169
11,Адепт,vampire-vampire,13,Ледяная сфера Отилюка,31.404169,20.083338
11,Адепт,vampire-bat,13,Ледяная сфера Отилюка,31.404169,20.083338
11,Адепт,vampire-mist,13,Ледяная сфера Отилюка,31.404169,20.083338
11,Адепт,young-blue-dragon,9,Ледяная сфера Отилюка,27.287503,27.287503
11,Адепт,young-bronze-dragon,8,Ледяная сфера Отилюка,28.316669,28.316669
11,Адепт,young-gold-dragon,10,Ледяная сфера Отилюка,26.258336,26.258336
11,Адепт,young-green-dragon,8,Ледяная сфера Отилюка,29.345836,29.345836
11,Адепт,young-red-dragon,10,Ледяная сфера Отилюка,26.258336,26.258336
11,Адепт,young-silver-dragon,9,Ледяная сфера Отилюка,0.000000,0.000000
11,Адепт,aboleth,10,Цепная молния: дар VI,40.450000,40.450000
11,Адепт,adult-black-dragon,14,Цепная молния: дар VI,31.350000,22.250000
11,Адепт,adult-blue-dragon,16,Цепная молния: дар VI,0.000000,0.000000
11,Адепт,adult-brass-dragon,13,Цепная молния: дар VI,33.625000,22.250000
11,Адепт,adult-bronze-dragon,15,Цепная молния: дар VI,0.000000,0.000000
11,Адепт,adult-copper-dragon,14,Цепная молния: дар VI,32.487500,22.250000
11,Адепт,adult-gold-dragon,17,Цепная молния: дар VI,30.212500,22.250000
11,Адепт,adult-green-dragon,15,Цепная молния: дар VI,32.487500,22.250000
11,Адепт,adult-red-dragon,17,Цепная молния: дар VI,32.487500,22.250000
11,Адепт,adult-silver-dragon,16,Цепная молния: дар VI,33.625000,22.250000
11,Адепт,adult-white-dragon,13,Цепная молния: дар VI,33.625000,22.250000
11,Адепт,androsphinx,17,Цепная молния: дар VI,32.487500,32.487500
11,Адепт,archmage,12,Цепная молния: дар VI,31.861875,31.861875
11,Адепт,assassin,8,Цепная молния: дар VI,32.487500,32.487500
11,Адепт,behir,11,Цепная молния: дар VI,0.000000,0.000000
11,Адепт,bone-devil,9,Цепная молния: дар VI,30.440000,30.440000
11,Адепт,chain-devil,8,Цепная молния: дар VI,31.861875,31.861875
11,Адепт,clay-golem,9,Цепная молния: дар VI,36.810000,36.810000
11,Адепт,cloaker,8,Цепная молния: дар VI,37.037500,37.037500
11,Адепт,cloud-giant,9,Цепная молния: дар VI,39.312500,39.312500
11,Адепт,deva,10,Цепная молния: дар VI,29.131875,29.131875
11,Адепт,djinni,11,Цепная молния: дар VI,0.000000,0.000000
11,Адепт,dragon-turtle,17,Цепная молния: дар VI,32.487500,32.487500
11,Адепт,efreeti,11,Цепная молния: дар VI,38.175000,38.175000
11,Адепт,erinyes,12,Цепная молния: дар VI,25.890000,25.890000
11,Адепт,fire-giant,9,Цепная молния: дар VI,35.900000,35.900000
11,Адепт,frost-giant,8,Цепная молния: дар VI,40.450000,40.450000
11,Адепт,glabrezu,9,Цепная молния: дар VI,15.680937,15.680937
11,Адепт,guardian-naga,10,Цепная молния: дар VI,30.212500,30.212500
11,Адепт,gynosphinx,11,Цепная молния: дар VI,37.037500,37.037500
11,Адепт,hezrou,8,Цепная молния: дар VI,14.970000,14.970000
11,Адепт,horned-devil,11,Цепная молния: дар VI,25.890000,25.890000
11,Адепт,hydra,8,Цепная молния: дар VI,38.175000,38.175000
11,Адепт,ice-devil,14,Цепная молния: дар VI,25.890000,25.890000
11,Адепт,iron-golem,16,Цепная молния: дар VI,36.810000,36.810000
11,Адепт,marilith,16,Цепная молния: дар VI,13.718750,13.718750
11,Адепт,mummy-lord,15,Цепная молния: дар VI,35.046875,35.046875
11,Адепт,nalfeshnee,13,Цепная молния: дар VI,17.273438,17.273438
11,Адепт,planetar,16,Цепная молния: дар VI,27.937500,27.937500
11,Адепт,purple-worm,15,Цепная молния: дар VI,41.587500,41.587500
11,Адепт,rakshasa,13,Цепная молния: дар VI,0.000000,0.000000
11,Адепт,remorhaz,11,Цепная молния: дар VI,38.175000,38.175000
11,Адепт,roc,11,Цепная молния: дар VI,34.762500,34.762500
11,Адепт,spirit-naga,8,Цепная молния: дар VI,32.487500,32.487500
11,Адепт,stone-golem,10,Цепная молния: дар VI,36.810000,36.810000
11,Адепт,storm-giant,13,Цепная молния: дар VI,0.000000,0.000000
11,Адепт,treant,9,Цепная молния: дар VI,40.450000,40.450000
11,Адепт,tyrannosaurus-rex,8,Цепная молния: дар VI,39.312500,39.312500
11,Адепт,vampire-vampire,13,Цепная молния: дар VI,29.075000,22.250000
11,Адепт,vampire-bat,13,Цепная молния: дар VI,29.075000,22.250000
11,Адепт,vampire-mist,13,Цепная молния: дар VI,29.075000,22.250000
11,Адепт,young-blue-dragon,9,Цепная молния: дар VI,0.000000,0.000000
11,Адепт,young-bronze-dragon,8,Цепная молния: дар VI,0.000000,0.000000
11,Адепт,young-gold-dragon,10,Цепная молния: дар VI,32.487500,32.487500
11,Адепт,young-green-dragon,8,Цепная молния: дар VI,34.762500,34.762500
11,Адепт,young-red-dragon,10,Цепная молния: дар VI,34.762500,34.762500
11,Адепт,young-silver-dragon,9,Цепная молния: дар VI,34.762500,34.762500
13,Харизма,aboleth,10,"Хроматический шар: холод, ячейка I",13.625000,13.625000
13,Харизма,adult-black-dragon,14,"Хроматический шар: холод, ячейка I",11.775000,11.775000
13,Харизма,adult-blue-dragon,16,"Хроматический шар: холод, ячейка I",11.775000,11.775000
13,Харизма,adult-brass-dragon,13,"Хроматический шар: холод, ячейка I",12.700000,12.700000
13,Харизма,adult-bronze-dragon,15,"Хроматический шар: холод, ячейка I",11.775000,11.775000
13,Харизма,adult-copper-dragon,14,"Хроматический шар: холод, ячейка I",12.700000,12.700000
13,Харизма,adult-gold-dragon,17,"Хроматический шар: холод, ячейка I",11.775000,11.775000
13,Харизма,adult-green-dragon,15,"Хроматический шар: холод, ячейка I",11.775000,11.775000
13,Харизма,adult-red-dragon,17,"Хроматический шар: холод, ячейка I",11.775000,11.775000
13,Харизма,adult-silver-dragon,16,"Хроматический шар: холод, ячейка I",0.000000,0.000000
13,Харизма,adult-white-dragon,13,"Хроматический шар: холод, ячейка I",0.000000,0.000000
13,Харизма,androsphinx,17,"Хроматический шар: холод, ячейка I",13.625000,13.625000
13,Харизма,archmage,12,"Хроматический шар: холод, ячейка I",15.475000,15.475000
13,Харизма,assassin,8,"Хроматический шар: холод, ячейка I",15.475000,15.475000
13,Харизма,behir,11,"Хроматический шар: холод, ячейка I",13.625000,13.625000
13,Харизма,bone-devil,9,"Хроматический шар: холод, ячейка I",5.737500,5.737500
13,Харизма,chain-devil,8,"Хроматический шар: холод, ячейка I",7.087500,7.087500
13,Харизма,clay-golem,9,"Хроматический шар: холод, ячейка I",16.400000,16.400000
13,Харизма,cloaker,8,"Хроматический шар: холод, ячейка I",16.400000,16.400000
13,Харизма,cloud-giant,9,"Хроматический шар: холод, ячейка I",16.400000,16.400000
13,Харизма,deva,10,"Хроматический шар: холод, ячейка I",13.625000,13.625000
13,Харизма,djinni,11,"Хроматический шар: холод, ячейка I",13.625000,13.625000
13,Харизма,dragon-turtle,17,"Хроматический шар: холод, ячейка I",10.850000,10.850000
13,Харизма,efreeti,11,"Хроматический шар: холод, ячейка I",13.625000,13.625000
13,Харизма,erinyes,12,"Хроматический шар: холод, ячейка I",6.187500,6.187500
13,Харизма,fire-giant,9,"Хроматический шар: холод, ячейка I",12.700000,12.700000
13,Харизма,frost-giant,8,"Хроматический шар: холод, ячейка I",0.000000,0.000000
13,Харизма,glabrezu,9,"Хроматический шар: холод, ячейка I",6.637500,6.637500
13,Харизма,guardian-naga,10,"Хроматический шар: холод, ячейка I",12.700000,12.700000
13,Харизма,gynosphinx,11,"Хроматический шар: холод, ячейка I",13.625000,13.625000
13,Харизма,hezrou,8,"Хроматический шар: холод, ячейка I",7.087500,7.087500
13,Харизма,horned-devil,11,"Хроматический шар: холод, ячейка I",6.187500,6.187500
13,Харизма,hydra,8,"Хроматический шар: холод, ячейка I",15.475000,15.475000
13,Харизма,ice-devil,14,"Хроматический шар: холод, ячейка I",12.700000,12.700000
13,Харизма,iron-golem,16,"Хроматический шар: холод, ячейка I",10.850000,10.850000
13,Харизма,marilith,16,"Хроматический шар: холод, ячейка I",6.187500,6.187500
13,Харизма,mummy-lord,15,"Хроматический шар: холод, ячейка I",13.625000,13.625000
13,Харизма,nalfeshnee,13,"Хроматический шар: холод, ячейка I",6.187500,6.187500
13,Харизма,planetar,16,"Хроматический шар: холод, ячейка I",11.775000,11.775000
13,Харизма,purple-worm,15,"Хроматический шар: холод, ячейка I",12.700000,12.700000
13,Харизма,rakshasa,13,"Хроматический шар: холод, ячейка I",0.000000,0.000000
13,Харизма,remorhaz,11,"Хроматический шар: холод, ячейка I",0.000000,0.000000
13,Харизма,roc,11,"Хроматический шар: холод, ячейка I",15.475000,15.475000
13,Харизма,spirit-naga,8,"Хроматический шар: холод, ячейка I",15.475000,15.475000
13,Харизма,stone-golem,10,"Хроматический шар: холод, ячейка I",13.625000,13.625000
13,Харизма,storm-giant,13,"Хроматический шар: холод, ячейка I",7.087500,7.087500
13,Харизма,treant,9,"Хроматический шар: холод, ячейка I",14.550000,14.550000
13,Харизма,tyrannosaurus-rex,8,"Хроматический шар: холод, ячейка I",17.325000,17.325000
13,Харизма,vampire-vampire,13,"Хроматический шар: холод, ячейка I",14.550000,14.550000
13,Харизма,vampire-bat,13,"Хроматический шар: холод, ячейка I",14.550000,14.550000
13,Харизма,vampire-mist,13,"Хроматический шар: холод, ячейка I",14.550000,14.550000
13,Харизма,young-blue-dragon,9,"Хроматический шар: холод, ячейка I",12.700000,12.700000
13,Харизма,young-bronze-dragon,8,"Хроматический шар: холод, ячейка I",12.700000,12.700000
13,Харизма,young-gold-dragon,10,"Хроматический шар: холод, ячейка I",12.700000,12.700000
13,Харизма,young-green-dragon,8,"Хроматический шар: холод, ячейка I",12.700000,12.700000
13,Харизма,young-red-dragon,10,"Хроматический шар: холод, ячейка I",12.700000,12.700000
13,Харизма,young-silver-dragon,9,"Хроматический шар: холод, ячейка I",0.000000,0.000000
13,Харизма,aboleth,10,Психическая плеть Таши,7.475000,7.475000
13,Харизма,adult-black-dragon,14,Психическая плеть Таши,9.125000,5.000000
13,Харизма,adult-blue-dragon,16,Психическая плеть Таши,8.850000,5.000000
13,Харизма,adult-brass-dragon,13,Психическая плеть Таши,9.125000,5.000000
13,Харизма,adult-bronze-dragon,15,Психическая плеть Таши,8.850000,5.000000
13,Харизма,adult-copper-dragon,14,Психическая плеть Таши,8.575000,5.000000
13,Харизма,adult-gold-dragon,17,Психическая плеть Таши,8.850000,5.000000
13,Харизма,adult-green-dragon,15,Психическая плеть Таши,8.575000,5.000000
13,Харизма,adult-red-dragon,17,Психическая плеть Таши,8.850000,5.000000
13,Харизма,adult-silver-dragon,16,Психическая плеть Таши,8.850000,5.000000
13,Харизма,adult-white-dragon,13,Психическая плеть Таши,9.950000,5.000000
13,Харизма,androsphinx,17,Психическая плеть Таши,0.000000,0.000000
13,Харизма,archmage,12,Психическая плеть Таши,5.880000,5.880000
13,Харизма,assassin,8,Психическая плеть Таши,8.575000,8.575000
13,Харизма,behir,11,Психическая плеть Таши,10.225000,10.225000
13,Харизма,bone-devil,9,Психическая плеть Таши,6.980000,6.980000
13,Харизма,chain-devil,8,Психическая плеть Таши,8.973750,8.973750
13,Харизма,clay-golem,9,Психическая плеть Таши,0.000000,0.000000
13,Харизма,cloaker,8,Психическая плеть Таши,9.400000,9.400000
13,Харизма,cloud-giant,9,Психическая плеть Таши,9.400000,9.400000
13,Харизма,deva,10,Психическая плеть Таши,7.695000,7.695000
13,Харизма,djinni,11,Психическая плеть Таши,9.125000,9.125000
13,Харизма,dragon-turtle,17,Психическая плеть Таши,9.675000,9.675000
13,Харизма,efreeti,11,Психическая плеть Таши,7.750000,7.750000
13,Харизма,erinyes,12,Психическая плеть Таши,8.093750,8.093750
13,Харизма,fire-giant,9,Психическая плеть Таши,9.675000,9.675000
13,Харизма,frost-giant,8,Психическая плеть Таши,9.950000,9.950000
13,Харизма,glabrezu,9,Психическая плеть Таши,7.323750,7.323750
13,Харизма,guardian-naga,10,Психическая плеть Таши,7.750000,7.750000
13,Харизма,gynosphinx,11,Психическая плеть Таши,0.000000,0.000000
13,Харизма,hezrou,8,Психическая плеть Таши,10.500000,10.500000
13,Харизма,horned-devil,11,Психическая плеть Таши,8.520000,8.520000
13,Харизма,hydra,8,Психическая плеть Таши,10.500000,10.500000
13,Харизма,ice-devil,14,Психическая плеть Таши,7.323750,7.323750
13,Харизма,iron-golem,16,Психическая плеть Таши,0.000000,0.000000
13,Харизма,marilith,16,Психическая плеть Таши,7.323750,7.323750
13,Харизма,mummy-lord,15,Психическая плеть Таши,6.980000,6.980000
13,Харизма,nalfeshnee,13,Психическая плеть Таши,5.880000,5.880000
13,Харизма,planetar,16,Психическая плеть Таши,7.323750,7.323750
13,Харизма,purple-worm,15,Психическая плеть Таши,10.500000,10.500000
13,Харизма,rakshasa,13,Психическая плеть Таши,0.000000,0.000000
13,Харизма,remorhaz,11,Психическая плеть Таши,10.500000,10.500000
13,Харизма,roc,11,Психическая плеть Таши,10.500000,10.500000
13,Харизма,spirit-naga,8,Психическая плеть Таши,8.850000,8.850000
13,Харизма,stone-golem,10,Психическая плеть Таши,0.000000,0.000000
13,Харизма,storm-giant,13,Психическая плеть Таши,8.850000,8.850000
13,Харизма,treant,9,Психическая плеть Таши,9.400000,9.400000
13,Харизма,tyrannosaurus-rex,8,Психическая плеть Таши,10.500000,10.500000
13,Харизма,vampire-vampire,13,Психическая плеть Таши,8.850000,5.000000
13,Харизма,vampire-bat,13,Психическая плеть Таши,8.850000,5.000000
13,Харизма,vampire-mist,13,Психическая плеть Таши,8.850000,5.000000
13,Харизма,young-blue-dragon,9,Психическая плеть Таши,9.125000,9.125000
13,Харизма,young-bronze-dragon,8,Психическая плеть Таши,9.125000,9.125000
13,Харизма,young-gold-dragon,10,Психическая плеть Таши,8.850000,8.850000
13,Харизма,young-green-dragon,8,Психическая плеть Таши,8.850000,8.850000
13,Харизма,young-red-dragon,10,Психическая плеть Таши,9.125000,9.125000
13,Харизма,young-silver-dragon,9,Психическая плеть Таши,9.125000,9.125000
13,Харизма,aboleth,10,Псионический заряд,21.350000,21.350000
13,Харизма,adult-black-dragon,14,Псионический заряд,16.750000,11.000000
13,Харизма,adult-blue-dragon,16,Псионический заряд,17.900000,11.000000
13,Харизма,adult-brass-dragon,13,Псионический заряд,17.900000,11.000000
13,Харизма,adult-bronze-dragon,15,Псионический заряд,17.900000,11.000000
13,Харизма,adult-copper-dragon,14,Псионический заряд,17.325000,11.000000
13,Харизма,adult-gold-dragon,17,Псионический заряд,16.175000,11.000000
13,Харизма,adult-green-dragon,15,Псионический заряд,17.325000,11.000000
13,Харизма,adult-red-dragon,17,Псионический заряд,17.325000,11.000000
13,Харизма,adult-silver-dragon,16,Псионический заряд,17.900000,11.000000
13,Харизма,adult-white-dragon,13,Псионический заряд,17.900000,11.000000
13,Харизма,androsphinx,17,Псионический заряд,17.325000,17.325000
13,Харизма,archmage,12,Псионический заряд,17.468750,17.468750
13,Харизма,assassin,8,Псионический заряд,17.325000,17.325000
13,Харизма,behir,11,Псионический заряд,19.050000,19.050000
13,Харизма,bone-devil,9,Псионический заряд,16.635000,16.635000
13,Харизма,chain-devil,8,Псионический заряд,17.468750,17.468750
13,Харизма,clay-golem,9,Псионический заряд,20.315000,20.315000
13,Харизма,cloaker,8,Псионический заряд,19.625000,19.625000
13,Харизма,cloud-giant,9,Псионический заряд,20.775000,20.775000
13,Харизма,deva,10,Псионический заряд,15.858750,15.858750
13,Харизма,djinni,11,Псионический заряд,17.325000,17.325000
13,Харизма,dragon-turtle,17,Псионический заряд,17.325000,17.325000
13,Харизма,efreeti,11,Псионический заряд,20.200000,20.200000
13,Харизма,erinyes,12,Псионический заряд,13.875000,13.875000
13,Харизма,fire-giant,9,Псионический заряд,19.050000,19.050000
13,Харизма,frost-giant,8,Псионический заряд,21.350000,21.350000
13,Харизма,glabrezu,9,Псионический заряд,17.468750,17.468750
13,Харизма,guardian-naga,10,Псионический заряд,16.175000,16.175000
13,Харизма,gynosphinx,11,Псионический заряд,19.625000,19.625000
13,Харизма,hezrou,8,Псионический заряд,16.635000,16.635000
13,Харизма,horned-devil,11,Псионический заряд,13.875000,13.875000
13,Харизма,hydra,8,Псионический заряд,20.200000,20.200000
13,Харизма,ice-devil,14,Псионический заряд,13.875000,13.875000
13,Харизма,iron-golem,16,Псионический заряд,20.315000,20.315000
13,Харизма,marilith,16,Псионический заряд,15.140000,15.140000
13,Харизма,mummy-lord,15,Псионический заряд,19.308750,19.308750
13,Харизма,nalfeshnee,13,Псионический заряд,19.308750,19.308750
13,Харизма,planetar,16,Псионический заряд,15.140000,15.140000
13,Харизма,purple-worm,15,Псионический заряд,21.925000,21.925000
13,Харизма,rakshasa,13,Псионический заряд,0.000000,0.000000
13,Харизма,remorhaz,11,Псионический заряд,20.200000,20.200000
13,Харизма,roc,11,Псионический заряд,18.475000,18.475000
13,Харизма,spirit-naga,8,Псионический заряд,17.325000,17.325000
13,Харизма,stone-golem,10,Псионический заряд,20.315000,20.315000
13,Харизма,storm-giant,13,Псионический заряд,19.625000,19.625000
13,Харизма,treant,9,Псионический заряд,21.350000,21.350000
13,Харизма,tyrannosaurus-rex,8,Псионический заряд,20.775000,20.775000
13,Харизма,vampire-vampire,13,Псионический заряд,15.600000,11.000000
13,Харизма,vampire-bat,13,Псионический заряд,15.600000,11.000000
13,Харизма,vampire-mist,13,Псионический заряд,15.600000,11.000000
13,Харизма,young-blue-dragon,9,Псионический заряд,18.475000,18.475000
13,Харизма,young-bronze-dragon,8,Псионический заряд,19.050000,19.050000
13,Харизма,young-gold-dragon,10,Псионический заряд,17.325000,17.325000
13,Харизма,young-green-dragon,8,Псионический заряд,18.475000,18.475000
13,Харизма,young-red-dragon,10,Псионический заряд,18.475000,18.475000
13,Харизма,young-silver-dragon,9,Псионический заряд,18.475000,18.475000
13,Харизма,aboleth,10,Застывшие лезвия: одно срабатывание,21.325000,21.325000
13,Харизма,adult-black-dragon,14,Застывшие лезвия: одно срабатывание,16.625000,10.750000
13,Харизма,adult-blue-dragon,16,Застывшие лезвия: одно срабатывание,17.800000,10.750000
13,Харизма,adult-brass-dragon,13,Застывшие лезвия: одно срабатывание,17.800000,10.750000
13,Харизма,adult-bronze-dragon,15,Застывшие лезвия: одно срабатывание,17.800000,10.750000
13,Харизма,adult-copper-dragon,14,Застывшие лезвия: одно срабатывание,17.212500,10.750000
13,Харизма,adult-gold-dragon,17,Застывшие лезвия: одно срабатывание,16.037500,10.750000
13,Харизма,adult-green-dragon,15,Застывшие лезвия: одно срабатывание,17.212500,10.750000
13,Харизма,adult-red-dragon,17,Застывшие лезвия: одно срабатывание,17.212500,10.750000
13,Харизма,adult-silver-dragon,16,Застывшие лезвия: одно срабатывание,5.500000,3.250000
13,Харизма,adult-white-dragon,13,Застывшие лезвия: одно срабатывание,5.500000,3.250000
13,Харизма,androsphinx,17,Застывшие лезвия: одно срабатывание,17.212500,17.212500
13,Харизма,archmage,12,Застывшие лезвия: одно срабатывание,17.359375,17.359375
13,Харизма,assassin,8,Застывшие лезвия: одно срабатывание,17.212500,17.212500
13,Харизма,behir,11,Застывшие лезвия: одно срабатывание,18.975000,18.975000
13,Харизма,bone-devil,9,Застывшие лезвия: одно срабатывание,10.547500,10.547500
13,Харизма,chain-devil,8,Застывшие лезвия: одно срабатывание,11.109375,11.109375
13,Харизма,clay-golem,9,Застывшие лезвия: одно срабатывание,20.267500,20.267500
13,Харизма,cloaker,8,Застывшие лезвия: одно срабатывание,19.562500,19.562500
13,Харизма,cloud-giant,9,Застывшие лезвия: одно срабатывание,20.737500,20.737500
13,Харизма,deva,10,Застывшие лезвия: одно срабатывание,15.714375,15.714375
13,Харизма,djinni,11,Застывшие лезвия: одно срабатывание,17.212500,17.212500
13,Харизма,dragon-turtle,17,Застывшие лезвия: одно срабатывание,17.212500,17.212500
13,Харизма,efreeti,11,Застывшие лезвия: одно срабатывание,20.150000,20.150000
13,Харизма,erinyes,12,Застывшие лезвия: одно срабатывание,8.687500,8.687500
13,Харизма,fire-giant,9,Застывшие лезвия: одно срабатывание,18.975000,18.975000
13,Харизма,frost-giant,8,Застывшие лезвия: одно срабатывание,6.625000,6.625000
13,Харизма,glabrezu,9,Застывшие лезвия: одно срабатывание,11.109375,11.109375
13,Харизма,guardian-naga,10,Застывшие лезвия: одно срабатывание,16.037500,16.037500
13,Харизма,gynosphinx,11,Застывшие лезвия: одно срабатывание,19.562500,19.562500
13,Харизма,hezrou,8,Застывшие лезвия: одно срабатывание,10.547500,10.547500
13,Харизма,horned-devil,11,Застывшие лезвия: одно срабатывание,8.687500,8.687500
13,Харизма,hydra,8,Застывшие лезвия: одно срабатывание,20.150000,20.150000
13,Харизма,ice-devil,14,Застывшие лезвия: одно срабатывание,13.687500,13.687500
13,Харизма,iron-golem,16,Застывшие лезвия: одно срабатывание,20.267500,20.267500
13,Харизма,marilith,16,Застывшие лезвия: одно срабатывание,9.540000,9.540000
13,Харизма,mummy-lord,15,Застывшие лезвия: одно срабатывание,19.239375,19.239375
13,Харизма,nalfeshnee,13,Застывшие лезвия: одно срабатывание,12.349375,12.349375
13,Харизма,planetar,16,Застывшие лезвия: одно срабатывание,14.980000,14.980000
13,Харизма,purple-worm,15,Застывшие лезвия: одно срабатывание,21.912500,21.912500
13,Харизма,rakshasa,13,Застывшие лезвия: одно срабатывание,0.000000,0.000000
13,Харизма,remorhaz,11,Застывшие лезвия: одно срабатывание,6.250000,6.250000
13,Харизма,roc,11,Застывшие лезвия: одно срабатывание,18.387500,18.387500
13,Харизма,spirit-naga,8,Застывшие лезвия: одно срабатывание,17.212500,17.212500
13,Харизма,stone-golem,10,Застывшие лезвия: одно срабатывание,20.267500,20.267500
13,Харизма,storm-giant,13,Застывшие лезвия: одно срабатывание,12.562500,12.562500
13,Харизма,treant,9,Застывшие лезвия: одно срабатывание,21.325000,21.325000
13,Харизма,tyrannosaurus-rex,8,Застывшие лезвия: одно срабатывание,20.737500,20.737500
13,Харизма,vampire-vampire,13,Застывшие лезвия: одно срабатывание,15.450000,10.750000
13,Харизма,vampire-bat,13,Застывшие лезвия: одно срабатывание,15.450000,10.750000
13,Харизма,vampire-mist,13,Застывшие лезвия: одно срабатывание,15.450000,10.750000
13,Харизма,young-blue-dragon,9,Застывшие лезвия: одно срабатывание,18.387500,18.387500
13,Харизма,young-bronze-dragon,8,Застывшие лезвия: одно срабатывание,18.975000,18.975000
13,Харизма,young-gold-dragon,10,Застывшие лезвия: одно срабатывание,17.212500,17.212500
13,Харизма,young-green-dragon,8,Застывшие лезвия: одно срабатывание,18.387500,18.387500
13,Харизма,young-red-dragon,10,Застывшие лезвия: одно срабатывание,18.387500,18.387500
13,Харизма,young-silver-dragon,9,Застывшие лезвия: одно срабатывание,5.687500,5.687500
13,Харизма,aboleth,10,"Огненный шар: альтернатива, не выбор игрока",26.575000,26.575000
13,Харизма,adult-black-dragon,14,"Огненный шар: альтернатива, не выбор игрока",20.875000,13.750000
13,Харизма,adult-blue-dragon,16,"Огненный шар: альтернатива, не выбор игрока",22.300000,13.750000
13,Харизма,adult-brass-dragon,13,"Огненный шар: альтернатива, не выбор игрока",0.000000,0.000000
13,Харизма,adult-bronze-dragon,15,"Огненный шар: альтернатива, не выбор игрока",22.300000,13.750000
13,Харизма,adult-copper-dragon,14,"Огненный шар: альтернатива, не выбор игрока",21.587500,13.750000
13,Харизма,adult-gold-dragon,17,"Огненный шар: альтернатива, не выбор игрока",0.000000,0.000000
13,Харизма,adult-green-dragon,15,"Огненный шар: альтернатива, не выбор игрока",21.587500,13.750000
13,Харизма,adult-red-dragon,17,"Огненный шар: альтернатива, не выбор игрока",0.000000,0.000000
13,Харизма,adult-silver-dragon,16,"Огненный шар: альтернатива, не выбор игрока",22.300000,13.750000
13,Харизма,adult-white-dragon,13,"Огненный шар: альтернатива, не выбор игрока",22.300000,13.750000
13,Харизма,androsphinx,17,"Огненный шар: альтернатива, не выбор игрока",21.587500,21.587500
13,Харизма,archmage,12,"Огненный шар: альтернатива, не выбор игрока",21.765625,21.765625
13,Харизма,assassin,8,"Огненный шар: альтернатива, не выбор игрока",21.587500,21.587500
13,Харизма,behir,11,"Огненный шар: альтернатива, не выбор игрока",23.725000,23.725000
13,Харизма,bone-devil,9,"Огненный шар: альтернатива, не выбор игрока",0.000000,0.000000
13,Харизма,chain-devil,8,"Огненный шар: альтернатива, не выбор игрока",0.000000,0.000000
13,Харизма,clay-golem,9,"Огненный шар: альтернатива, не выбор игрока",25.292500,25.292500
13,Харизма,cloaker,8,"Огненный шар: альтернатива, не выбор игрока",24.437500,24.437500
13,Харизма,cloud-giant,9,"Огненный шар: альтернатива, не выбор игрока",25.862500,25.862500
13,Харизма,deva,10,"Огненный шар: альтернатива, не выбор игрока",19.770625,19.770625
13,Харизма,djinni,11,"Огненный шар: альтернатива, не выбор игрока",21.587500,21.587500
13,Харизма,dragon-turtle,17,"Огненный шар: альтернатива, не выбор игрока",10.543751,10.543751
13,Харизма,efreeti,11,"Огненный шар: альтернатива, не выбор игрока",0.000000,0.000000
13,Харизма,erinyes,12,"Огненный шар: альтернатива, не выбор игрока",0.000000,0.000000
13,Харизма,fire-giant,9,"Огненный шар: альтернатива, не выбор игрока",0.000000,0.000000
13,Харизма,frost-giant,8,"Огненный шар: альтернатива, не выбор игрока",26.575000,26.575000
13,Харизма,glabrezu,9,"Огненный шар: альтернатива, не выбор игрока",10.632814,10.632814
13,Харизма,guardian-naga,10,"Огненный шар: альтернатива, не выбор игрока",20.162500,20.162500
13,Харизма,gynosphinx,11,"Огненный шар: альтернатива, не выбор игрока",24.437500,24.437500
13,Харизма,hezrou,8,"Огненный шар: альтернатива, не выбор игрока",10.116251,10.116251
13,Харизма,horned-devil,11,"Огненный шар: альтернатива, не выбор игрока",0.000000,0.000000
13,Харизма,hydra,8,"Огненный шар: альтернатива, не выбор игрока",25.150000,25.150000
13,Харизма,ice-devil,14,"Огненный шар: альтернатива, не выбор игрока",0.000000,0.000000
13,Харизма,iron-golem,16,"Огненный шар: альтернатива, не выбор игрока",0.000000,0.000000
13,Харизма,marilith,16,"Огненный шар: альтернатива, не выбор игрока",9.190002,9.190002
13,Харизма,mummy-lord,15,"Огненный шар: альтернатива, не выбор игрока",48.091250,48.091250
13,Харизма,nalfeshnee,13,"Огненный шар: альтернатива, не выбор игрока",11.772813,11.772813
13,Харизма,planetar,16,"Огненный шар: альтернатива, не выбор игрока",18.880000,18.880000
13,Харизма,purple-worm,15,"Огненный шар: альтернатива, не выбор игрока",27.287500,27.287500
13,Харизма,rakshasa,13,"Огненный шар: альтернатива, не выбор игрока",0.000000,0.000000
13,Харизма,remorhaz,11,"Огненный шар: альтернатива, не выбор игрока",0.000000,0.000000
13,Харизма,roc,11,"Огненный шар: альтернатива, не выбор игрока",23.012500,23.012500
13,Харизма,spirit-naga,8,"Огненный шар: альтернатива, не выбор игрока",21.587500,21.587500
13,Харизма,stone-golem,10,"Огненный шар: альтернатива, не выбор игрока",25.292500,25.292500
13,Харизма,storm-giant,13,"Огненный шар: альтернатива, не выбор игрока",24.437500,24.437500
13,Харизма,treant,9,"Огненный шар: альтернатива, не выбор игрока",53.150000,53.150000
13,Харизма,tyrannosaurus-rex,8,"Огненный шар: альтернатива, не выбор игрока",25.862500,25.862500
13,Харизма,vampire-vampire,13,"Огненный шар: альтернатива, не выбор игрока",19.450000,13.750000
13,Харизма,vampire-bat,13,"Огненный шар: альтернатива, не выбор игрока",19.450000,13.750000
13,Харизма,vampire-mist,13,"Огненный шар: альтернатива, не выбор игрока",19.450000,13.750000
13,Харизма,young-blue-dragon,9,"Огненный шар: альтернатива, не выбор игрока",23.012500,23.012500
13,Харизма,young-bronze-dragon,8,"Огненный шар: альтернатива, не выбор игрока",23.725000,23.725000
13,Харизма,young-gold-dragon,10,"Огненный шар: альтернатива, не выбор игрока",0.000000,0.000000
13,Харизма,young-green-dragon,8,"Огненный шар: альтернатива, не выбор игрока",23.012500,23.012500
13,Харизма,young-red-dragon,10,"Огненный шар: альтернатива, не выбор игрока",0.000000,0.000000
13,Харизма,young-silver-dragon,9,"Огненный шар: альтернатива, не выбор игрока",23.012500,23.012500
13,Харизма,aboleth,10,Мистическое копьё Раулотима,17.625000,17.625000
13,Харизма,adult-black-dragon,14,Мистическое копьё Раулотима,21.375000,12.000000
13,Харизма,adult-blue-dragon,16,Мистическое копьё Раулотима,20.750000,12.000000
13,Харизма,adult-brass-dragon,13,Мистическое копьё Раулотима,21.375000,12.000000
13,Харизма,adult-bronze-dragon,15,Мистическое копьё Раулотима,20.750000,12.000000
13,Харизма,adult-copper-dragon,14,Мистическое копьё Раулотима,20.125000,12.000000
13,Харизма,adult-gold-dragon,17,Мистическое копьё Раулотима,20.750000,12.000000
13,Харизма,adult-green-dragon,15,Мистическое копьё Раулотима,20.125000,12.000000
13,Харизма,adult-red-dragon,17,Мистическое копьё Раулотима,20.750000,12.000000
13,Харизма,adult-silver-dragon,16,Мистическое копьё Раулотима,20.750000,12.000000
13,Харизма,adult-white-dragon,13,Мистическое копьё Раулотима,23.250000,12.000000
13,Харизма,androsphinx,17,Мистическое копьё Раулотима,0.000000,0.000000
13,Харизма,archmage,12,Мистическое копьё Раулотима,14.000000,14.000000
13,Харизма,assassin,8,Мистическое копьё Раулотима,20.125000,20.125000
13,Харизма,behir,11,Мистическое копьё Раулотима,23.875000,23.875000
13,Харизма,bone-devil,9,Мистическое копьё Раулотима,16.500000,16.500000
13,Харизма,chain-devil,8,Мистическое копьё Раулотима,21.031250,21.031250
13,Харизма,clay-golem,9,Мистическое копьё Раулотима,0.000000,0.000000
13,Харизма,cloaker,8,Мистическое копьё Раулотима,22.000000,22.000000
13,Харизма,cloud-giant,9,Мистическое копьё Раулотима,22.000000,22.000000
13,Харизма,deva,10,Мистическое копьё Раулотима,18.125000,18.125000
13,Харизма,djinni,11,Мистическое копьё Раулотима,21.375000,21.375000
13,Харизма,dragon-turtle,17,Мистическое копьё Раулотима,22.625000,22.625000
13,Харизма,efreeti,11,Мистическое копьё Раулотима,18.250000,18.250000
13,Харизма,erinyes,12,Мистическое копьё Раулотима,19.031250,19.031250
13,Харизма,fire-giant,9,Мистическое копьё Раулотима,22.625000,22.625000
13,Харизма,frost-giant,8,Мистическое копьё Раулотима,23.250000,23.250000
13,Харизма,glabrezu,9,Мистическое копьё Раулотима,17.281250,17.281250
13,Харизма,guardian-naga,10,Мистическое копьё Раулотима,18.250000,18.250000
13,Харизма,gynosphinx,11,Мистическое копьё Раулотима,0.000000,0.000000
13,Харизма,hezrou,8,Мистическое копьё Раулотима,24.500000,24.500000
13,Харизма,horned-devil,11,Мистическое копьё Раулотима,20.000000,20.000000
13,Харизма,hydra,8,Мистическое копьё Раулотима,24.500000,24.500000
13,Харизма,ice-devil,14,Мистическое копьё Раулотима,17.281250,17.281250
13,Харизма,iron-golem,16,Мистическое копьё Раулотима,0.000000,0.000000
13,Харизма,marilith,16,Мистическое копьё Раулотима,17.281250,17.281250
13,Харизма,mummy-lord,15,Мистическое копьё Раулотима,16.500000,16.500000
13,Харизма,nalfeshnee,13,Мистическое копьё Раулотима,14.000000,14.000000
13,Харизма,planetar,16,Мистическое копьё Раулотима,17.281250,17.281250
13,Харизма,purple-worm,15,Мистическое копьё Раулотима,24.500000,24.500000
13,Харизма,rakshasa,13,Мистическое копьё Раулотима,0.000000,0.000000
13,Харизма,remorhaz,11,Мистическое копьё Раулотима,24.500000,24.500000
13,Харизма,roc,11,Мистическое копьё Раулотима,24.500000,24.500000
13,Харизма,spirit-naga,8,Мистическое копьё Раулотима,20.750000,20.750000
13,Харизма,stone-golem,10,Мистическое копьё Раулотима,0.000000,0.000000
13,Харизма,storm-giant,13,Мистическое копьё Раулотима,20.750000,20.750000
13,Харизма,treant,9,Мистическое копьё Раулотима,22.000000,22.000000
13,Харизма,tyrannosaurus-rex,8,Мистическое копьё Раулотима,24.500000,24.500000
13,Харизма,vampire-vampire,13,Мистическое копьё Раулотима,20.750000,12.000000
13,Харизма,vampire-bat,13,Мистическое копьё Раулотима,20.750000,12.000000
13,Харизма,vampire-mist,13,Мистическое копьё Раулотима,20.750000,12.000000
13,Харизма,young-blue-dragon,9,Мистическое копьё Раулотима,21.375000,21.375000
13,Харизма,young-bronze-dragon,8,Мистическое копьё Раулотима,21.375000,21.375000
13,Харизма,young-gold-dragon,10,Мистическое копьё Раулотима,20.750000,20.750000
13,Харизма,young-green-dragon,8,Мистическое копьё Раулотима,20.750000,20.750000
13,Харизма,young-red-dragon,10,Мистическое копьё Раулотима,21.375000,21.375000
13,Харизма,young-silver-dragon,9,Мистическое копьё Раулотима,21.375000,21.375000
13,Харизма,aboleth,10,Ледяная буря: дар IV,26.550000,26.550000
13,Харизма,adult-black-dragon,14,Ледяная буря: дар IV,20.750000,13.500000
13,Харизма,adult-blue-dragon,16,Ледяная буря: дар IV,22.200000,13.500000
13,Харизма,adult-brass-dragon,13,Ледяная буря: дар IV,22.200000,13.500000
13,Харизма,adult-bronze-dragon,15,Ледяная буря: дар IV,22.200000,13.500000
13,Харизма,adult-copper-dragon,14,Ледяная буря: дар IV,21.475000,13.500000
13,Харизма,adult-gold-dragon,17,Ледяная буря: дар IV,20.025000,13.500000
13,Харизма,adult-green-dragon,15,Ледяная буря: дар IV,21.475000,13.500000
13,Харизма,adult-red-dragon,17,Ледяная буря: дар IV,21.475000,13.500000
13,Харизма,adult-silver-dragon,16,Ледяная буря: дар IV,7.100000,4.250000
13,Харизма,adult-white-dragon,13,Ледяная буря: дар IV,7.100000,4.250000
13,Харизма,androsphinx,17,Ледяная буря: дар IV,21.475000,21.475000
13,Харизма,archmage,12,Ледяная буря: дар IV,21.656250,21.656250
13,Харизма,assassin,8,Ледяная буря: дар IV,21.475000,21.475000
13,Харизма,behir,11,Ледяная буря: дар IV,23.650000,23.650000
13,Харизма,bone-devil,9,Ледяная буря: дар IV,13.340856,13.340856
13,Харизма,chain-devil,8,Ледяная буря: дар IV,14.038725,14.038725
13,Харизма,clay-golem,9,Ледяная буря: дар IV,25.245000,25.245000
13,Харизма,cloaker,8,Ледяная буря: дар IV,24.375000,24.375000
13,Харизма,cloud-giant,9,Ледяная буря: дар IV,25.825000,25.825000
13,Харизма,deva,10,Ледяная буря: дар IV,19.626250,19.626250
13,Харизма,djinni,11,Ледяная буря: дар IV,21.475000,21.475000
13,Харизма,dragon-turtle,17,Ледяная буря: дар IV,21.475000,21.475000
13,Харизма,efreeti,11,Ледяная буря: дар IV,25.100000,25.100000
13,Харизма,erinyes,12,Ледяная буря: дар IV,11.030671,11.030671
13,Харизма,fire-giant,9,Ледяная буря: дар IV,23.650000,23.650000
13,Харизма,frost-giant,8,Ледяная буря: дар IV,8.525000,8.525000
13,Харизма,glabrezu,9,Ледяная буря: дар IV,14.038725,14.038725
13,Харизма,guardian-naga,10,Ледяная буря: дар IV,20.025000,20.025000
13,Харизма,gynosphinx,11,Ледяная буря: дар IV,24.375000,24.375000
13,Харизма,hezrou,8,Ледяная буря: дар IV,13.340856,13.340856
13,Харизма,horned-devil,11,Ледяная буря: дар IV,11.030671,11.030671
13,Харизма,hydra,8,Ледяная буря: дар IV,25.100000,25.100000
13,Харизма,ice-devil,14,Ледяная буря: дар IV,17.125000,17.125000
13,Харизма,iron-golem,16,Ледяная буря: дар IV,25.245000,25.245000
13,Харизма,marilith,16,Ледяная буря: дар IV,12.089506,12.089506
13,Харизма,mummy-lord,15,Ледяная буря: дар IV,23.976250,23.976250
13,Харизма,nalfeshnee,13,Ледяная буря: дар IV,15.578848,15.578848
13,Харизма,planetar,16,Ледяная буря: дар IV,18.720000,18.720000
13,Харизма,purple-worm,15,Ледяная буря: дар IV,27.275000,27.275000
13,Харизма,rakshasa,13,Ледяная буря: дар IV,0.000000,0.000000
13,Харизма,remorhaz,11,Ледяная буря: дар IV,8.050000,8.050000
13,Харизма,roc,11,Ледяная буря: дар IV,22.925000,22.925000
13,Харизма,spirit-naga,8,Ледяная буря: дар IV,21.475000,21.475000
13,Харизма,stone-golem,10,Ледяная буря: дар IV,25.245000,25.245000
13,Харизма,storm-giant,13,Ледяная буря: дар IV,15.843557,15.843557
13,Харизма,treant,9,Ледяная буря: дар IV,22.037500,22.037500
13,Харизма,tyrannosaurus-rex,8,Ледяная буря: дар IV,25.825000,25.825000
13,Харизма,vampire-vampire,13,Ледяная буря: дар IV,19.300000,13.500000
13,Харизма,vampire-bat,13,Ледяная буря: дар IV,19.300000,13.500000
13,Харизма,vampire-mist,13,Ледяная буря: дар IV,19.300000,13.500000
13,Харизма,young-blue-dragon,9,Ледяная буря: дар IV,22.925000,22.925000
13,Харизма,young-bronze-dragon,8,Ледяная буря: дар IV,23.650000,23.650000
13,Харизма,young-gold-dragon,10,Ледяная буря: дар IV,21.475000,21.475000
13,Харизма,young-green-dragon,8,Ледяная буря: дар IV,22.925000,22.925000
13,Харизма,young-red-dragon,10,Ледяная буря: дар IV,22.925000,22.925000
13,Харизма,young-silver-dragon,9,Ледяная буря: дар IV,7.337500,7.337500
13,Харизма,aboleth,10,Болезненное сияние: один контакт,12.100000,12.100000
13,Харизма,adult-black-dragon,14,Болезненное сияние: один контакт,7.700000,0.000000
13,Харизма,adult-blue-dragon,16,Болезненное сияние: один контакт,6.600000,0.000000
13,Харизма,adult-brass-dragon,13,Болезненное сияние: один контакт,7.700000,0.000000
13,Харизма,adult-bronze-dragon,15,Болезненное сияние: один контакт,6.600000,0.000000
13,Харизма,adult-copper-dragon,14,Болезненное сияние: один контакт,7.700000,0.000000
13,Харизма,adult-gold-dragon,17,Болезненное сияние: один контакт,4.400000,0.000000
13,Харизма,adult-green-dragon,15,Болезненное сияние: один контакт,7.700000,0.000000
13,Харизма,adult-red-dragon,17,Болезненное сияние: один контакт,4.400000,0.000000
13,Харизма,adult-silver-dragon,16,Болезненное сияние: один контакт,5.500000,0.000000
13,Харизма,adult-white-dragon,13,Болезненное сияние: один контакт,6.600000,0.000000
13,Харизма,androsphinx,17,Болезненное сияние: один контакт,6.600000,6.600000
13,Харизма,archmage,12,Болезненное сияние: один контакт,14.080000,14.080000
13,Харизма,assassin,8,Болезненное сияние: один контакт,16.500000,16.500000
13,Харизма,behir,11,Болезненное сияние: один контакт,14.300000,14.300000
13,Харизма,bone-devil,9,Болезненное сияние: один контакт,9.295000,9.295000
13,Харизма,chain-devil,8,Болезненное сияние: один контакт,5.500000,5.500000
13,Харизма,clay-golem,9,Болезненное сияние: один контакт,9.295000,9.295000
13,Харизма,cloaker,8,Болезненное сияние: один контакт,17.600000,17.600000
13,Харизма,cloud-giant,9,Болезненное сияние: один контакт,7.700000,7.700000
13,Харизма,deva,10,Болезненное сияние: один контакт,4.541875,4.541875
13,Харизма,djinni,11,Болезненное сияние: один контакт,12.100000,12.100000
13,Харизма,dragon-turtle,17,Болезненное сияние: один контакт,6.600000,6.600000
13,Харизма,efreeti,11,Болезненное сияние: один контакт,11.000000,11.000000
13,Харизма,erinyes,12,Болезненное сияние: один контакт,4.455000,4.455000
13,Харизма,fire-giant,9,Болезненное сияние: один контакт,7.700000,7.700000
13,Харизма,frost-giant,8,Болезненное сияние: один контакт,9.900000,9.900000
13,Харизма,glabrezu,9,Болезненное сияние: один контакт,3.520000,3.520000
13,Харизма,guardian-naga,10,Болезненное сияние: один контакт,11.000000,11.000000
13,Харизма,gynosphinx,11,Болезненное сияние: один контакт,15.400000,15.400000
13,Харизма,hezrou,8,Болезненное сияние: один контакт,4.455000,4.455000
13,Харизма,horned-devil,11,Болезненное сияние: один контакт,7.920000,7.920000
13,Харизма,hydra,8,Болезненное сияние: один контакт,13.200000,13.200000
13,Харизма,ice-devil,14,Болезненное сияние: один контакт,3.520000,3.520000
13,Харизма,iron-golem,16,Болезненное сияние: один контакт,7.920000,7.920000
13,Харизма,marilith,16,Болезненное сияние: один контакт,2.695000,2.695000
13,Харизма,mummy-lord,15,Болезненное сияние: один контакт,4.455000,4.455000
13,Харизма,nalfeshnee,13,Болезненное сияние: один контакт,1.980000,1.980000
13,Харизма,planetar,16,Болезненное сияние: один контакт,0.671875,0.671875
13,Харизма,purple-worm,15,Болезненное сияние: один контакт,6.600000,6.600000
13,Харизма,rakshasa,13,Болезненное сияние: один контакт,0.000000,0.000000
13,Харизма,remorhaz,11,Болезненное сияние: один контакт,13.200000,13.200000
13,Харизма,roc,11,Болезненное сияние: один контакт,8.800000,8.800000
13,Харизма,spirit-naga,8,Болезненное сияние: один контакт,13.200000,13.200000
13,Харизма,stone-golem,10,Болезненное сияние: один контакт,7.920000,7.920000
13,Харизма,storm-giant,13,Болезненное сияние: один контакт,7.700000,7.700000
13,Харизма,treant,9,Болезненное сияние: один контакт,13.200000,13.200000
13,Харизма,tyrannosaurus-rex,8,Болезненное сияние: один контакт,14.300000,14.300000
13,Харизма,vampire-vampire,13,Болезненное сияние: один контакт,14.300000,0.000000
13,Харизма,vampire-bat,13,Болезненное сияние: один контакт,14.300000,0.000000
13,Харизма,vampire-mist,13,Болезненное сияние: один контакт,14.300000,0.000000
13,Харизма,young-blue-dragon,9,Болезненное сияние: один контакт,9.900000,9.900000
13,Харизма,young-bronze-dragon,8,Болезненное сияние: один контакт,11.000000,11.000000
13,Харизма,young-gold-dragon,10,Болезненное сияние: один контакт,8.800000,8.800000
13,Харизма,young-green-dragon,8,Болезненное сияние: один контакт,12.100000,12.100000
13,Харизма,young-red-dragon,10,Болезненное сияние: один контакт,8.800000,8.800000
13,Харизма,young-silver-dragon,9,Болезненное сияние: один контакт,8.800000,8.800000
13,Харизма,aboleth,10,Конус холода,31.662500,31.662500
13,Харизма,adult-black-dragon,14,Конус холода,27.512500,20.250000
13,Харизма,adult-blue-dragon,16,Конус холода,26.475000,20.250000
13,Харизма,adult-brass-dragon,13,Конус холода,27.512500,20.250000
13,Харизма,adult-bronze-dragon,15,Конус холода,26.475000,20.250000
13,Харизма,adult-copper-dragon,14,Конус холода,27.512500,20.250000
13,Харизма,adult-gold-dragon,17,Конус холода,24.400000,20.250000
13,Харизма,adult-green-dragon,15,Конус холода,27.512500,20.250000
13,Харизма,adult-red-dragon,17,Конус холода,24.400000,20.250000
13,Харизма,adult-silver-dragon,16,Конус холода,0.000000,0.000000
13,Харизма,adult-white-dragon,13,Конус холода,0.000000,0.000000
13,Харизма,androsphinx,17,Конус холода,26.475000,26.475000
13,Харизма,archmage,12,Конус холода,33.530000,33.530000
13,Харизма,assassin,8,Конус холода,35.812500,35.812500
13,Харизма,behir,11,Конус холода,33.737500,33.737500
13,Харизма,bone-devil,9,Конус холода,14.258437,14.258437
13,Харизма,chain-devil,8,Конус холода,12.468750,12.468750
13,Харизма,clay-golem,9,Конус холода,29.016875,29.016875
13,Харизма,cloaker,8,Конус холода,36.850000,36.850000
13,Харизма,cloud-giant,9,Конус холода,27.512500,27.512500
13,Харизма,deva,10,Конус холода,29.016875,29.016875
13,Харизма,djinni,11,Конус холода,31.662500,31.662500
13,Харизма,dragon-turtle,17,Конус холода,26.475000,26.475000
13,Харизма,efreeti,11,Конус холода,30.625000,30.625000
13,Харизма,erinyes,12,Конус холода,11.975938,11.975938
13,Харизма,fire-giant,9,Конус холода,27.512500,27.512500
13,Харизма,frost-giant,8,Конус холода,0.000000,0.000000
13,Харизма,glabrezu,9,Конус холода,11.535000,11.535000
13,Харизма,guardian-naga,10,Конус холода,30.625000,30.625000
13,Харизма,gynosphinx,11,Конус холода,34.775000,34.775000
13,Харизма,hezrou,8,Конус холода,11.975938,11.975938
13,Харизма,horned-devil,11,Конус холода,13.610000,13.610000
13,Харизма,hydra,8,Конус холода,32.700000,32.700000
13,Харизма,ice-devil,14,Конус холода,23.570000,23.570000
13,Харизма,iron-golem,16,Конус холода,27.720000,27.720000
13,Харизма,marilith,16,Конус холода,11.145937,11.145937
13,Харизма,mummy-lord,15,Конус холода,24.451875,24.451875
13,Харизма,nalfeshnee,13,Конус холода,10.808750,10.808750
13,Харизма,planetar,16,Конус холода,21.546875,21.546875
13,Харизма,purple-worm,15,Конус холода,26.475000,26.475000
13,Харизма,rakshasa,13,Конус холода,0.000000,0.000000
13,Харизма,remorhaz,11,Конус холода,0.000000,0.000000
13,Харизма,roc,11,Конус холода,28.550000,28.550000
13,Харизма,spirit-naga,8,Конус холода,32.700000,32.700000
13,Харизма,stone-golem,10,Конус холода,27.720000,27.720000
13,Харизма,storm-giant,13,Конус холода,13.506250,13.506250
13,Харизма,treant,9,Конус холода,32.700000,32.700000
13,Харизма,tyrannosaurus-rex,8,Конус холода,33.737500,33.737500
13,Харизма,vampire-vampire,13,Конус холода,33.737500,20.250000
13,Харизма,vampire-bat,13,Конус холода,33.737500,20.250000
13,Харизма,vampire-mist,13,Конус холода,33.737500,20.250000
13,Харизма,young-blue-dragon,9,Конус холода,29.587500,29.587500
13,Харизма,young-bronze-dragon,8,Конус холода,30.625000,30.625000
13,Харизма,young-gold-dragon,10,Конус холода,28.550000,28.550000
13,Харизма,young-green-dragon,8,Конус холода,31.662500,31.662500
13,Харизма,young-red-dragon,10,Конус холода,28.550000,28.550000
13,Харизма,young-silver-dragon,9,Конус холода,0.000000,0.000000
13,Харизма,aboleth,10,Синаптический заряд,20.162500,20.162500
13,Харизма,adult-black-dragon,14,Синаптический заряд,24.437500,13.750000
13,Харизма,adult-blue-dragon,16,Синаптический заряд,23.725000,13.750000
13,Харизма,adult-brass-dragon,13,Синаптический заряд,24.437500,13.750000
13,Харизма,adult-bronze-dragon,15,Синаптический заряд,23.725000,13.750000
13,Харизма,adult-copper-dragon,14,Синаптический заряд,23.012500,13.750000
13,Харизма,adult-gold-dragon,17,Синаптический заряд,23.725000,13.750000
13,Харизма,adult-green-dragon,15,Синаптический заряд,23.012500,13.750000
13,Харизма,adult-red-dragon,17,Синаптический заряд,23.725000,13.750000
13,Харизма,adult-silver-dragon,16,Синаптический заряд,23.725000,13.750000
13,Харизма,adult-white-dragon,13,Синаптический заряд,26.575000,13.750000
13,Харизма,androsphinx,17,Синаптический заряд,0.000000,0.000000
13,Харизма,archmage,12,Синаптический заряд,16.030000,16.030000
13,Харизма,assassin,8,Синаптический заряд,23.012500,23.012500
13,Харизма,behir,11,Синаптический заряд,27.287500,27.287500
13,Харизма,bone-devil,9,Синаптический заряд,18.880000,18.880000
13,Харизма,chain-devil,8,Синаптический заряд,24.045625,24.045625
13,Харизма,clay-golem,9,Синаптический заряд,0.000000,0.000000
13,Харизма,cloaker,8,Синаптический заряд,25.150000,25.150000
13,Харизма,cloud-giant,9,Синаптический заряд,25.150000,25.150000
13,Харизма,deva,10,Синаптический заряд,20.732500,20.732500
13,Харизма,djinni,11,Синаптический заряд,24.437500,24.437500
13,Харизма,dragon-turtle,17,Синаптический заряд,25.862500,25.862500
13,Харизма,efreeti,11,Синаптический заряд,20.875000,20.875000
13,Харизма,erinyes,12,Синаптический заряд,21.765625,21.765625
13,Харизма,fire-giant,9,Синаптический заряд,25.862500,25.862500
13,Харизма,frost-giant,8,Синаптический заряд,26.575000,26.575000
13,Харизма,glabrezu,9,Синаптический заряд,19.770625,19.770625
13,Харизма,guardian-naga,10,Синаптический заряд,20.875000,20.875000
13,Харизма,gynosphinx,11,Синаптический заряд,0.000000,0.000000
13,Харизма,hezrou,8,Синаптический заряд,28.000000,28.000000
13,Харизма,horned-devil,11,Синаптический заряд,22.870000,22.870000
13,Харизма,hydra,8,Синаптический заряд,0.000000,0.000000
13,Харизма,ice-devil,14,Синаптический заряд,19.770625,19.770625
13,Харизма,iron-golem,16,Синаптический заряд,0.000000,0.000000
13,Харизма,marilith,16,Синаптический заряд,19.770625,19.770625
13,Харизма,mummy-lord,15,Синаптический заряд,18.880000,18.880000
13,Харизма,nalfeshnee,13,Синаптический заряд,16.030000,16.030000
13,Харизма,planetar,16,Синаптический заряд,19.770625,19.770625
13,Харизма,purple-worm,15,Синаптический заряд,0.000000,0.000000
13,Харизма,rakshasa,13,Синаптический заряд,0.000000,0.000000
13,Харизма,remorhaz,11,Синаптический заряд,28.000000,28.000000
13,Харизма,roc,11,Синаптический заряд,28.000000,28.000000
13,Харизма,spirit-naga,8,Синаптический заряд,23.725000,23.725000
13,Харизма,stone-golem,10,Синаптический заряд,0.000000,0.000000
13,Харизма,storm-giant,13,Синаптический заряд,23.725000,23.725000
13,Харизма,treant,9,Синаптический заряд,25.150000,25.150000
13,Харизма,tyrannosaurus-rex,8,Синаптический заряд,0.000000,0.000000
13,Харизма,vampire-vampire,13,Синаптический заряд,23.725000,13.750000
13,Харизма,vampire-bat,13,Синаптический заряд,23.725000,13.750000
13,Харизма,vampire-mist,13,Синаптический заряд,23.725000,13.750000
13,Харизма,young-blue-dragon,9,Синаптический заряд,24.437500,24.437500
13,Харизма,young-bronze-dragon,8,Синаптический заряд,24.437500,24.437500
13,Харизма,young-gold-dragon,10,Синаптический заряд,23.725000,23.725000
13,Харизма,young-green-dragon,8,Синаптический заряд,23.725000,23.725000
13,Харизма,young-red-dragon,10,Синаптический заряд,24.437500,24.437500
13,Харизма,young-silver-dragon,9,Синаптический заряд,24.437500,24.437500
13,Харизма,aboleth,10,Ледяная сфера Отилюка,30.887500,30.887500
13,Харизма,adult-black-dragon,14,Ледяная сфера Отилюка,26.837500,19.750000
13,Харизма,adult-blue-dragon,16,Ледяная сфера Отилюка,25.825000,19.750000
13,Харизма,adult-brass-dragon,13,Ледяная сфера Отилюка,26.837500,19.750000
13,Харизма,adult-bronze-dragon,15,Ледяная сфера Отилюка,25.825000,19.750000
13,Харизма,adult-copper-dragon,14,Ледяная сфера Отилюка,26.837500,19.750000
13,Харизма,adult-gold-dragon,17,Ледяная сфера Отилюка,23.800000,19.750000
13,Харизма,adult-green-dragon,15,Ледяная сфера Отилюка,26.837500,19.750000
13,Харизма,adult-red-dragon,17,Ледяная сфера Отилюка,23.800000,19.750000
13,Харизма,adult-silver-dragon,16,Ледяная сфера Отилюка,0.000000,0.000000
13,Харизма,adult-white-dragon,13,Ледяная сфера Отилюка,0.000000,0.000000
13,Харизма,androsphinx,17,Ледяная сфера Отилюка,25.825000,25.825000
13,Харизма,archmage,12,Ледяная сфера Отилюка,32.710000,32.710000
13,Харизма,assassin,8,Ледяная сфера Отилюка,34.937500,34.937500
13,Харизма,behir,11,Ледяная сфера Отилюка,32.912500,32.912500
13,Харизма,bone-devil,9,Ледяная сфера Отилюка,13.902813,13.902813
13,Харизма,chain-devil,8,Ледяная сфера Отилюка,12.156250,12.156250
13,Харизма,clay-golem,9,Ледяная сфера Отилюка,28.305625,28.305625
13,Харизма,cloaker,8,Ледяная сфера Отилюка,35.950000,35.950000
13,Харизма,cloud-giant,9,Ледяная сфера Отилюка,26.837500,26.837500
13,Харизма,deva,10,Ледяная сфера Отилюка,28.305625,28.305625
13,Харизма,djinni,11,Ледяная сфера Отилюка,30.887500,30.887500
13,Харизма,dragon-turtle,17,Ледяная сфера Отилюка,25.825000,25.825000
13,Харизма,efreeti,11,Ледяная сфера Отилюка,29.875000,29.875000
13,Харизма,erinyes,12,Ледяная сфера Отилюка,11.675313,11.675313
13,Харизма,fire-giant,9,Ледяная сфера Отилюка,26.837500,26.837500
13,Харизма,frost-giant,8,Ледяная сфера Отилюка,0.000000,0.000000
13,Харизма,glabrezu,9,Ледяная сфера Отилюка,11.245000,11.245000
13,Харизма,guardian-naga,10,Ледяная сфера Отилюка,29.875000,29.875000
13,Харизма,gynosphinx,11,Ледяная сфера Отилюка,33.925000,33.925000
13,Харизма,hezrou,8,Ледяная сфера Отилюка,11.675313,11.675313
13,Харизма,horned-devil,11,Ледяная сфера Отилюка,13.270000,13.270000
13,Харизма,hydra,8,Ледяная сфера Отилюка,31.900000,31.900000
13,Харизма,ice-devil,14,Ледяная сфера Отилюка,22.990000,22.990000
13,Харизма,iron-golem,16,Ледяная сфера Отилюка,27.040000,27.040000
13,Харизма,marilith,16,Ледяная сфера Отилюка,10.865313,10.865313
13,Харизма,mummy-lord,15,Ледяная сфера Отилюка,23.850625,23.850625
13,Харизма,nalfeshnee,13,Ледяная сфера Отилюка,10.536250,10.536250
13,Харизма,planetar,16,Ледяная сфера Отилюка,21.015625,21.015625
13,Харизма,purple-worm,15,Ледяная сфера Отилюка,25.825000,25.825000
13,Харизма,rakshasa,13,Ледяная сфера Отилюка,0.000000,0.000000
13,Харизма,remorhaz,11,Ледяная сфера Отилюка,0.000000,0.000000
13,Харизма,roc,11,Ледяная сфера Отилюка,27.850000,27.850000
13,Харизма,spirit-naga,8,Ледяная сфера Отилюка,31.900000,31.900000
13,Харизма,stone-golem,10,Ледяная сфера Отилюка,27.040000,27.040000
13,Харизма,storm-giant,13,Ледяная сфера Отилюка,13.168750,13.168750
13,Харизма,treant,9,Ледяная сфера Отилюка,31.900000,31.900000
13,Харизма,tyrannosaurus-rex,8,Ледяная сфера Отилюка,32.912500,32.912500
13,Харизма,vampire-vampire,13,Ледяная сфера Отилюка,32.912500,19.750000
13,Харизма,vampire-bat,13,Ледяная сфера Отилюка,32.912500,19.750000
13,Харизма,vampire-mist,13,Ледяная сфера Отилюка,32.912500,19.750000
13,Харизма,young-blue-dragon,9,Ледяная сфера Отилюка,28.862500,28.862500
13,Харизма,young-bronze-dragon,8,Ледяная сфера Отилюка,29.875000,29.875000
13,Харизма,young-gold-dragon,10,Ледяная сфера Отилюка,27.850000,27.850000
13,Харизма,young-green-dragon,8,Ледяная сфера Отилюка,30.887500,30.887500
13,Харизма,young-red-dragon,10,Ледяная сфера Отилюка,27.850000,27.850000
13,Харизма,young-silver-dragon,9,Ледяная сфера Отилюка,0.000000,0.000000
13,Харизма,aboleth,10,Цепная молния: дар VI,42.725000,42.725000
13,Харизма,adult-black-dragon,14,Цепная молния: дар VI,33.625000,22.250000
13,Харизма,adult-blue-dragon,16,Цепная молния: дар VI,0.000000,0.000000
13,Харизма,adult-brass-dragon,13,Цепная молния: дар VI,35.900000,22.250000
13,Харизма,adult-bronze-dragon,15,Цепная молния: дар VI,0.000000,0.000000
13,Харизма,adult-copper-dragon,14,Цепная молния: дар VI,34.762500,22.250000
13,Харизма,adult-gold-dragon,17,Цепная молния: дар VI,32.487500,22.250000
13,Харизма,adult-green-dragon,15,Цепная молния: дар VI,34.762500,22.250000
13,Харизма,adult-red-dragon,17,Цепная молния: дар VI,34.762500,22.250000
13,Харизма,adult-silver-dragon,16,Цепная молния: дар VI,35.900000,22.250000
13,Харизма,adult-white-dragon,13,Цепная молния: дар VI,35.900000,22.250000
13,Харизма,androsphinx,17,Цепная молния: дар VI,34.762500,34.762500
13,Харизма,archmage,12,Цепная молния: дар VI,35.046875,35.046875
13,Харизма,assassin,8,Цепная молния: дар VI,34.762500,34.762500
13,Харизма,behir,11,Цепная молния: дар VI,0.000000,0.000000
13,Харизма,bone-devil,9,Цепная молния: дар VI,33.397500,33.397500
13,Харизма,chain-devil,8,Цепная молния: дар VI,35.046875,35.046875
13,Харизма,clay-golem,9,Цепная молния: дар VI,40.677500,40.677500
13,Харизма,cloaker,8,Цепная молния: дар VI,39.312500,39.312500
13,Харизма,cloud-giant,9,Цепная молния: дар VI,41.587500,41.587500
13,Харизма,deva,10,Цепная молния: дар VI,31.861875,31.861875
13,Харизма,djinni,11,Цепная молния: дар VI,0.000000,0.000000
13,Харизма,dragon-turtle,17,Цепная молния: дар VI,34.762500,34.762500
13,Харизма,efreeti,11,Цепная молния: дар VI,40.450000,40.450000
13,Харизма,erinyes,12,Цепная молния: дар VI,27.937500,27.937500
13,Харизма,fire-giant,9,Цепная молния: дар VI,38.175000,38.175000
13,Харизма,frost-giant,8,Цепная молния: дар VI,42.725000,42.725000
13,Харизма,glabrezu,9,Цепная молния: дар VI,17.273438,17.273438
13,Харизма,guardian-naga,10,Цепная молния: дар VI,32.487500,32.487500
13,Харизма,gynosphinx,11,Цепная молния: дар VI,39.312500,39.312500
13,Харизма,hezrou,8,Цепная молния: дар VI,16.448750,16.448750
13,Харизма,horned-devil,11,Цепная молния: дар VI,27.937500,27.937500
13,Харизма,hydra,8,Цепная молния: дар VI,40.450000,40.450000
13,Харизма,ice-devil,14,Цепная молния: дар VI,27.937500,27.937500
13,Харизма,iron-golem,16,Цепная молния: дар VI,40.677500,40.677500
13,Харизма,marilith,16,Цепная молния: дар VI,14.970000,14.970000
13,Харизма,mummy-lord,15,Цепная молния: дар VI,38.686875,38.686875
13,Харизма,nalfeshnee,13,Цепная молния: дар VI,19.093438,19.093438
13,Харизма,planetar,16,Цепная молния: дар VI,30.440000,30.440000
13,Харизма,purple-worm,15,Цепная молния: дар VI,43.862500,43.862500
13,Харизма,rakshasa,13,Цепная молния: дар VI,0.000000,0.000000
13,Харизма,remorhaz,11,Цепная молния: дар VI,40.450000,40.450000
13,Харизма,roc,11,Цепная молния: дар VI,37.037500,37.037500
13,Харизма,spirit-naga,8,Цепная молния: дар VI,34.762500,34.762500
13,Харизма,stone-golem,10,Цепная молния: дар VI,40.677500,40.677500
13,Харизма,storm-giant,13,Цепная молния: дар VI,0.000000,0.000000
13,Харизма,treant,9,Цепная молния: дар VI,42.725000,42.725000
13,Харизма,tyrannosaurus-rex,8,Цепная молния: дар VI,41.587500,41.587500
13,Харизма,vampire-vampire,13,Цепная молния: дар VI,31.350000,22.250000
13,Харизма,vampire-bat,13,Цепная молния: дар VI,31.350000,22.250000
13,Харизма,vampire-mist,13,Цепная молния: дар VI,31.350000,22.250000
13,Харизма,young-blue-dragon,9,Цепная молния: дар VI,0.000000,0.000000
13,Харизма,young-bronze-dragon,8,Цепная молния: дар VI,0.000000,0.000000
13,Харизма,young-gold-dragon,10,Цепная молния: дар VI,34.762500,34.762500
13,Харизма,young-green-dragon,8,Цепная молния: дар VI,37.037500,37.037500
13,Харизма,young-red-dragon,10,Цепная молния: дар VI,37.037500,37.037500
13,Харизма,young-silver-dragon,9,Цепная молния: дар VI,37.037500,37.037500
13,Харизма,aboleth,10,Звёздная корона: один выстрел,19.500000,19.500000
13,Харизма,adult-black-dragon,14,Звёздная корона: один выстрел,16.900000,16.900000
13,Харизма,adult-blue-dragon,16,Звёздная корона: один выстрел,16.900000,16.900000
13,Харизма,adult-brass-dragon,13,Звёздная корона: один выстрел,18.200000,18.200000
13,Харизма,adult-bronze-dragon,15,Звёздная корона: один выстрел,16.900000,16.900000
13,Харизма,adult-copper-dragon,14,Звёздная корона: один выстрел,18.200000,18.200000
13,Харизма,adult-gold-dragon,17,Звёздная корона: один выстрел,16.900000,16.900000
13,Харизма,adult-green-dragon,15,Звёздная корона: один выстрел,16.900000,16.900000
13,Харизма,adult-red-dragon,17,Звёздная корона: один выстрел,16.900000,16.900000
13,Харизма,adult-silver-dragon,16,Звёздная корона: один выстрел,16.900000,16.900000
13,Харизма,adult-white-dragon,13,Звёздная корона: один выстрел,18.200000,18.200000
13,Харизма,androsphinx,17,Звёздная корона: один выстрел,19.500000,19.500000
13,Харизма,archmage,12,Звёздная корона: один выстрел,22.100000,22.100000
13,Харизма,assassin,8,Звёздная корона: один выстрел,22.100000,22.100000
13,Харизма,behir,11,Звёздная корона: один выстрел,19.500000,19.500000
13,Харизма,bone-devil,9,Звёздная корона: один выстрел,16.900000,16.900000
13,Харизма,chain-devil,8,Звёздная корона: один выстрел,20.800000,20.800000
13,Харизма,clay-golem,9,Звёздная корона: один выстрел,23.400000,23.400000
13,Харизма,cloaker,8,Звёздная корона: один выстрел,23.400000,23.400000
13,Харизма,cloud-giant,9,Звёздная корона: один выстрел,23.400000,23.400000
13,Харизма,deva,10,Звёздная корона: один выстрел,9.575000,9.575000
13,Харизма,djinni,11,Звёздная корона: один выстрел,19.500000,19.500000
13,Харизма,dragon-turtle,17,Звёздная корона: один выстрел,15.600000,15.600000
13,Харизма,efreeti,11,Звёздная корона: один выстрел,19.500000,19.500000
13,Харизма,erinyes,12,Звёздная корона: один выстрел,18.200000,18.200000
13,Харизма,fire-giant,9,Звёздная корона: один выстрел,18.200000,18.200000
13,Харизма,frost-giant,8,Звёздная корона: один выстрел,22.100000,22.100000
13,Харизма,glabrezu,9,Звёздная корона: один выстрел,19.500000,19.500000
13,Харизма,guardian-naga,10,Звёздная корона: один выстрел,18.200000,18.200000
13,Харизма,gynosphinx,11,Звёздная корона: один выстрел,19.500000,19.500000
13,Харизма,hezrou,8,Звёздная корона: один выстрел,20.800000,20.800000
13,Харизма,horned-devil,11,Звёздная корона: один выстрел,18.200000,18.200000
13,Харизма,hydra,8,Звёздная корона: один выстрел,22.100000,22.100000
13,Харизма,ice-devil,14,Звёздная корона: один выстрел,18.200000,18.200000
13,Харизма,iron-golem,16,Звёздная корона: один выстрел,15.600000,15.600000
13,Харизма,marilith,16,Звёздная корона: один выстрел,18.200000,18.200000
13,Харизма,mummy-lord,15,Звёздная корона: один выстрел,19.500000,19.500000
13,Харизма,nalfeshnee,13,Звёздная корона: один выстрел,18.200000,18.200000
13,Харизма,planetar,16,Звёздная корона: один выстрел,8.300000,8.300000
13,Харизма,purple-worm,15,Звёздная корона: один выстрел,18.200000,18.200000
13,Харизма,rakshasa,13,Звёздная корона: один выстрел,20.800000,20.800000
13,Харизма,remorhaz,11,Звёздная корона: один выстрел,19.500000,19.500000
13,Харизма,roc,11,Звёздная корона: один выстрел,22.100000,22.100000
13,Харизма,spirit-naga,8,Звёздная корона: один выстрел,22.100000,22.100000
13,Харизма,stone-golem,10,Звёздная корона: один выстрел,19.500000,19.500000
13,Харизма,storm-giant,13,Звёздная корона: один выстрел,20.800000,20.800000
13,Харизма,treant,9,Звёздная корона: один выстрел,20.800000,20.800000
13,Харизма,tyrannosaurus-rex,8,Звёздная корона: один выстрел,24.700000,24.700000
13,Харизма,vampire-vampire,13,Звёздная корона: один выстрел,20.800000,20.800000
13,Харизма,vampire-bat,13,Звёздная корона: один выстрел,20.800000,20.800000
13,Харизма,vampire-mist,13,Звёздная корона: один выстрел,20.800000,20.800000
13,Харизма,young-blue-dragon,9,Звёздная корона: один выстрел,18.200000,18.200000
13,Харизма,young-bronze-dragon,8,Звёздная корона: один выстрел,18.200000,18.200000
13,Харизма,young-gold-dragon,10,Звёздная корона: один выстрел,18.200000,18.200000
13,Харизма,young-green-dragon,8,Звёздная корона: один выстрел,18.200000,18.200000
13,Харизма,young-red-dragon,10,Звёздная корона: один выстрел,18.200000,18.200000
13,Харизма,young-silver-dragon,9,Звёздная корона: один выстрел,18.200000,18.200000
13,Харизма,aboleth,10,Огненная буря,36.550000,36.550000
13,Харизма,adult-black-dragon,14,Огненная буря,28.750000,19.000000
13,Харизма,adult-blue-dragon,16,Огненная буря,30.700000,19.000000
13,Харизма,adult-brass-dragon,13,Огненная буря,0.000000,0.000000
13,Харизма,adult-bronze-dragon,15,Огненная буря,30.700000,19.000000
13,Харизма,adult-copper-dragon,14,Огненная буря,29.725000,19.000000
13,Харизма,adult-gold-dragon,17,Огненная буря,0.000000,0.000000
13,Харизма,adult-green-dragon,15,Огненная буря,29.725000,19.000000
13,Харизма,adult-red-dragon,17,Огненная буря,0.000000,0.000000
13,Харизма,adult-silver-dragon,16,Огненная буря,30.700000,19.000000
13,Харизма,adult-white-dragon,13,Огненная буря,30.700000,19.000000
13,Харизма,androsphinx,17,Огненная буря,29.725000,29.725000
13,Харизма,archmage,12,Огненная буря,29.968750,29.968750
13,Харизма,assassin,8,Огненная буря,29.725000,29.725000
13,Харизма,behir,11,Огненная буря,32.650000,32.650000
13,Харизма,bone-devil,9,Огненная буря,0.000000,0.000000
13,Харизма,chain-devil,8,Огненная буря,0.000000,0.000000
13,Харизма,clay-golem,9,Огненная буря,34.795000,34.795000
13,Харизма,cloaker,8,Огненная буря,33.625000,33.625000
13,Харизма,cloud-giant,9,Огненная буря,35.575000,35.575000
13,Харизма,deva,10,Огненная буря,27.238750,27.238750
13,Харизма,djinni,11,Огненная буря,29.725000,29.725000
13,Харизма,dragon-turtle,17,Огненная буря,14.612500,14.612500
13,Харизма,efreeti,11,Огненная буря,0.000000,0.000000
13,Харизма,erinyes,12,Огненная буря,0.000000,0.000000
13,Харизма,fire-giant,9,Огненная буря,0.000000,0.000000
13,Харизма,frost-giant,8,Огненная буря,36.550000,36.550000
13,Харизма,glabrezu,9,Огненная буря,14.734375,14.734375
13,Харизма,guardian-naga,10,Огненная буря,27.775000,27.775000
13,Харизма,gynosphinx,11,Огненная буря,33.625000,33.625000
13,Харизма,hezrou,8,Огненная буря,14.027500,14.027500
13,Харизма,horned-devil,11,Огненная буря,0.000000,0.000000
13,Харизма,hydra,8,Огненная буря,34.600000,34.600000
13,Харизма,ice-devil,14,Огненная буря,0.000000,0.000000
13,Харизма,iron-golem,16,Огненная буря,0.000000,0.000000
13,Харизма,marilith,16,Огненная буря,12.760000,12.760000
13,Харизма,mummy-lord,15,Огненная буря,66.177500,66.177500
13,Харизма,nalfeshnee,13,Огненная буря,16.294375,16.294375
13,Харизма,planetar,16,Огненная буря,26.020000,26.020000
13,Харизма,purple-worm,15,Огненная буря,37.525000,37.525000
13,Харизма,rakshasa,13,Огненная буря,28.555000,28.555000
13,Харизма,remorhaz,11,Огненная буря,0.000000,0.000000
13,Харизма,roc,11,Огненная буря,31.675000,31.675000
13,Харизма,spirit-naga,8,Огненная буря,29.725000,29.725000
13,Харизма,stone-golem,10,Огненная буря,34.795000,34.795000
13,Харизма,storm-giant,13,Огненная буря,33.625000,33.625000
13,Харизма,treant,9,Огненная буря,73.100000,73.100000
13,Харизма,tyrannosaurus-rex,8,Огненная буря,35.575000,35.575000
13,Харизма,vampire-vampire,13,Огненная буря,26.800000,19.000000
13,Харизма,vampire-bat,13,Огненная буря,26.800000,19.000000
13,Харизма,vampire-mist,13,Огненная буря,26.800000,19.000000
13,Харизма,young-blue-dragon,9,Огненная буря,31.675000,31.675000
13,Харизма,young-bronze-dragon,8,Огненная буря,32.650000,32.650000
13,Харизма,young-gold-dragon,10,Огненная буря,0.000000,0.000000
13,Харизма,young-green-dragon,8,Огненная буря,31.675000,31.675000
13,Харизма,young-red-dragon,10,Огненная буря,0.000000,0.000000
13,Харизма,young-silver-dragon,9,Огненная буря,31.675000,31.675000
13,Адепт,aboleth,10,"Хроматический шар: холод, ячейка I",13.906250,13.906250
13,Адепт,adult-black-dragon,14,"Хроматический шар: холод, ячейка I",12.018750,12.018750
13,Адепт,adult-blue-dragon,16,"Хроматический шар: холод, ячейка I",12.018750,12.018750
13,Адепт,adult-brass-dragon,13,"Хроматический шар: холод, ячейка I",12.962500,12.962500
13,Адепт,adult-bronze-dragon,15,"Хроматический шар: холод, ячейка I",12.018750,12.018750
13,Адепт,adult-copper-dragon,14,"Хроматический шар: холод, ячейка I",12.962500,12.962500
13,Адепт,adult-gold-dragon,17,"Хроматический шар: холод, ячейка I",12.018750,12.018750
13,Адепт,adult-green-dragon,15,"Хроматический шар: холод, ячейка I",12.018750,12.018750
13,Адепт,adult-red-dragon,17,"Хроматический шар: холод, ячейка I",12.018750,12.018750
13,Адепт,adult-silver-dragon,16,"Хроматический шар: холод, ячейка I",0.000000,0.000000
13,Адепт,adult-white-dragon,13,"Хроматический шар: холод, ячейка I",0.000000,0.000000
13,Адепт,androsphinx,17,"Хроматический шар: холод, ячейка I",13.906250,13.906250
13,Адепт,archmage,12,"Хроматический шар: холод, ячейка I",15.793750,15.793750
13,Адепт,assassin,8,"Хроматический шар: холод, ячейка I",15.793750,15.793750
13,Адепт,behir,11,"Хроматический шар: холод, ячейка I",13.906250,13.906250
13,Адепт,bone-devil,9,"Хроматический шар: холод, ячейка I",12.018750,12.018750
13,Адепт,chain-devil,8,"Хроматический шар: холод, ячейка I",14.850000,14.850000
13,Адепт,clay-golem,9,"Хроматический шар: холод, ячейка I",16.737500,16.737500
13,Адепт,cloaker,8,"Хроматический шар: холод, ячейка I",16.737500,16.737500
13,Адепт,cloud-giant,9,"Хроматический шар: холод, ячейка I",16.737500,16.737500
13,Адепт,deva,10,"Хроматический шар: холод, ячейка I",13.906250,13.906250
13,Адепт,djinni,11,"Хроматический шар: холод, ячейка I",13.906250,13.906250
13,Адепт,dragon-turtle,17,"Хроматический шар: холод, ячейка I",11.075000,11.075000
13,Адепт,efreeti,11,"Хроматический шар: холод, ячейка I",13.906250,13.906250
13,Адепт,erinyes,12,"Хроматический шар: холод, ячейка I",12.962500,12.962500
13,Адепт,fire-giant,9,"Хроматический шар: холод, ячейка I",12.962500,12.962500
13,Адепт,frost-giant,8,"Хроматический шар: холод, ячейка I",0.000000,0.000000
13,Адепт,glabrezu,9,"Хроматический шар: холод, ячейка I",13.906250,13.906250
13,Адепт,guardian-naga,10,"Хроматический шар: холод, ячейка I",12.962500,12.962500
13,Адепт,gynosphinx,11,"Хроматический шар: холод, ячейка I",13.906250,13.906250
13,Адепт,hezrou,8,"Хроматический шар: холод, ячейка I",14.850000,14.850000
13,Адепт,horned-devil,11,"Хроматический шар: холод, ячейка I",12.962500,12.962500
13,Адепт,hydra,8,"Хроматический шар: холод, ячейка I",15.793750,15.793750
13,Адепт,ice-devil,14,"Хроматический шар: холод, ячейка I",12.962500,12.962500
13,Адепт,iron-golem,16,"Хроматический шар: холод, ячейка I",11.075000,11.075000
13,Адепт,marilith,16,"Хроматический шар: холод, ячейка I",12.962500,12.962500
13,Адепт,mummy-lord,15,"Хроматический шар: холод, ячейка I",13.906250,13.906250
13,Адепт,nalfeshnee,13,"Хроматический шар: холод, ячейка I",12.962500,12.962500
13,Адепт,planetar,16,"Хроматический шар: холод, ячейка I",12.018750,12.018750
13,Адепт,purple-worm,15,"Хроматический шар: холод, ячейка I",12.962500,12.962500
13,Адепт,rakshasa,13,"Хроматический шар: холод, ячейка I",0.000000,0.000000
13,Адепт,remorhaz,11,"Хроматический шар: холод, ячейка I",0.000000,0.000000
13,Адепт,roc,11,"Хроматический шар: холод, ячейка I",15.793750,15.793750
13,Адепт,spirit-naga,8,"Хроматический шар: холод, ячейка I",15.793750,15.793750
13,Адепт,stone-golem,10,"Хроматический шар: холод, ячейка I",13.906250,13.906250
13,Адепт,storm-giant,13,"Хроматический шар: холод, ячейка I",14.850000,14.850000
13,Адепт,treant,9,"Хроматический шар: холод, ячейка I",14.850000,14.850000
13,Адепт,tyrannosaurus-rex,8,"Хроматический шар: холод, ячейка I",17.681250,17.681250
13,Адепт,vampire-vampire,13,"Хроматический шар: холод, ячейка I",14.850000,14.850000
13,Адепт,vampire-bat,13,"Хроматический шар: холод, ячейка I",14.850000,14.850000
13,Адепт,vampire-mist,13,"Хроматический шар: холод, ячейка I",14.850000,14.850000
13,Адепт,young-blue-dragon,9,"Хроматический шар: холод, ячейка I",12.962500,12.962500
13,Адепт,young-bronze-dragon,8,"Хроматический шар: холод, ячейка I",12.962500,12.962500
13,Адепт,young-gold-dragon,10,"Хроматический шар: холод, ячейка I",12.962500,12.962500
13,Адепт,young-green-dragon,8,"Хроматический шар: холод, ячейка I",12.962500,12.962500
13,Адепт,young-red-dragon,10,"Хроматический шар: холод, ячейка I",12.962500,12.962500
13,Адепт,young-silver-dragon,9,"Хроматический шар: холод, ячейка I",0.000000,0.000000
13,Адепт,aboleth,10,Психическая плеть Таши,7.475000,7.475000
13,Адепт,adult-black-dragon,14,Психическая плеть Таши,9.125000,5.000000
13,Адепт,adult-blue-dragon,16,Психическая плеть Таши,8.850000,5.000000
13,Адепт,adult-brass-dragon,13,Психическая плеть Таши,9.125000,5.000000
13,Адепт,adult-bronze-dragon,15,Психическая плеть Таши,8.850000,5.000000
13,Адепт,adult-copper-dragon,14,Психическая плеть Таши,8.575000,5.000000
13,Адепт,adult-gold-dragon,17,Психическая плеть Таши,8.850000,5.000000
13,Адепт,adult-green-dragon,15,Психическая плеть Таши,8.575000,5.000000
13,Адепт,adult-red-dragon,17,Психическая плеть Таши,8.850000,5.000000
13,Адепт,adult-silver-dragon,16,Психическая плеть Таши,8.850000,5.000000
13,Адепт,adult-white-dragon,13,Психическая плеть Таши,9.950000,5.000000
13,Адепт,androsphinx,17,Психическая плеть Таши,0.000000,0.000000
13,Адепт,archmage,12,Психическая плеть Таши,5.880000,5.880000
13,Адепт,assassin,8,Психическая плеть Таши,8.575000,8.575000
13,Адепт,behir,11,Психическая плеть Таши,10.225000,10.225000
13,Адепт,bone-devil,9,Психическая плеть Таши,6.980000,6.980000
13,Адепт,chain-devil,8,Психическая плеть Таши,8.973750,8.973750
13,Адепт,clay-golem,9,Психическая плеть Таши,0.000000,0.000000
13,Адепт,cloaker,8,Психическая плеть Таши,9.400000,9.400000
13,Адепт,cloud-giant,9,Психическая плеть Таши,9.400000,9.400000
13,Адепт,deva,10,Психическая плеть Таши,7.695000,7.695000
13,Адепт,djinni,11,Психическая плеть Таши,9.125000,9.125000
13,Адепт,dragon-turtle,17,Психическая плеть Таши,9.675000,9.675000
13,Адепт,efreeti,11,Психическая плеть Таши,7.750000,7.750000
13,Адепт,erinyes,12,Психическая плеть Таши,8.093750,8.093750
13,Адепт,fire-giant,9,Психическая плеть Таши,9.675000,9.675000
13,Адепт,frost-giant,8,Психическая плеть Таши,9.950000,9.950000
13,Адепт,glabrezu,9,Психическая плеть Таши,7.323750,7.323750
13,Адепт,guardian-naga,10,Психическая плеть Таши,7.750000,7.750000
13,Адепт,gynosphinx,11,Психическая плеть Таши,0.000000,0.000000
13,Адепт,hezrou,8,Психическая плеть Таши,10.500000,10.500000
13,Адепт,horned-devil,11,Психическая плеть Таши,8.520000,8.520000
13,Адепт,hydra,8,Психическая плеть Таши,10.500000,10.500000
13,Адепт,ice-devil,14,Психическая плеть Таши,7.323750,7.323750
13,Адепт,iron-golem,16,Психическая плеть Таши,0.000000,0.000000
13,Адепт,marilith,16,Психическая плеть Таши,7.323750,7.323750
13,Адепт,mummy-lord,15,Психическая плеть Таши,6.980000,6.980000
13,Адепт,nalfeshnee,13,Психическая плеть Таши,5.880000,5.880000
13,Адепт,planetar,16,Психическая плеть Таши,7.323750,7.323750
13,Адепт,purple-worm,15,Психическая плеть Таши,10.500000,10.500000
13,Адепт,rakshasa,13,Психическая плеть Таши,0.000000,0.000000
13,Адепт,remorhaz,11,Психическая плеть Таши,10.500000,10.500000
13,Адепт,roc,11,Психическая плеть Таши,10.500000,10.500000
13,Адепт,spirit-naga,8,Психическая плеть Таши,8.850000,8.850000
13,Адепт,stone-golem,10,Психическая плеть Таши,0.000000,0.000000
13,Адепт,storm-giant,13,Психическая плеть Таши,8.850000,8.850000
13,Адепт,treant,9,Психическая плеть Таши,9.400000,9.400000
13,Адепт,tyrannosaurus-rex,8,Психическая плеть Таши,10.500000,10.500000
13,Адепт,vampire-vampire,13,Психическая плеть Таши,8.850000,5.000000
13,Адепт,vampire-bat,13,Психическая плеть Таши,8.850000,5.000000
13,Адепт,vampire-mist,13,Психическая плеть Таши,8.850000,5.000000
13,Адепт,young-blue-dragon,9,Психическая плеть Таши,9.125000,9.125000
13,Адепт,young-bronze-dragon,8,Психическая плеть Таши,9.125000,9.125000
13,Адепт,young-gold-dragon,10,Психическая плеть Таши,8.850000,8.850000
13,Адепт,young-green-dragon,8,Психическая плеть Таши,8.850000,8.850000
13,Адепт,young-red-dragon,10,Психическая плеть Таши,9.125000,9.125000
13,Адепт,young-silver-dragon,9,Психическая плеть Таши,9.125000,9.125000
13,Адепт,aboleth,10,Псионический заряд,21.350000,21.350000
13,Адепт,adult-black-dragon,14,Псионический заряд,16.750000,11.000000
13,Адепт,adult-blue-dragon,16,Псионический заряд,17.900000,11.000000
13,Адепт,adult-brass-dragon,13,Псионический заряд,17.900000,11.000000
13,Адепт,adult-bronze-dragon,15,Псионический заряд,17.900000,11.000000
13,Адепт,adult-copper-dragon,14,Псионический заряд,17.325000,11.000000
13,Адепт,adult-gold-dragon,17,Псионический заряд,16.175000,11.000000
13,Адепт,adult-green-dragon,15,Псионический заряд,17.325000,11.000000
13,Адепт,adult-red-dragon,17,Псионический заряд,17.325000,11.000000
13,Адепт,adult-silver-dragon,16,Псионический заряд,17.900000,11.000000
13,Адепт,adult-white-dragon,13,Псионический заряд,17.900000,11.000000
13,Адепт,androsphinx,17,Псионический заряд,17.325000,17.325000
13,Адепт,archmage,12,Псионический заряд,17.468750,17.468750
13,Адепт,assassin,8,Псионический заряд,17.325000,17.325000
13,Адепт,behir,11,Псионический заряд,19.050000,19.050000
13,Адепт,bone-devil,9,Псионический заряд,16.635000,16.635000
13,Адепт,chain-devil,8,Псионический заряд,17.468750,17.468750
13,Адепт,clay-golem,9,Псионический заряд,20.315000,20.315000
13,Адепт,cloaker,8,Псионический заряд,19.625000,19.625000
13,Адепт,cloud-giant,9,Псионический заряд,20.775000,20.775000
13,Адепт,deva,10,Псионический заряд,15.858750,15.858750
13,Адепт,djinni,11,Псионический заряд,17.325000,17.325000
13,Адепт,dragon-turtle,17,Псионический заряд,17.325000,17.325000
13,Адепт,efreeti,11,Псионический заряд,20.200000,20.200000
13,Адепт,erinyes,12,Псионический заряд,13.875000,13.875000
13,Адепт,fire-giant,9,Псионический заряд,19.050000,19.050000
13,Адепт,frost-giant,8,Псионический заряд,21.350000,21.350000
13,Адепт,glabrezu,9,Псионический заряд,17.468750,17.468750
13,Адепт,guardian-naga,10,Псионический заряд,16.175000,16.175000
13,Адепт,gynosphinx,11,Псионический заряд,19.625000,19.625000
13,Адепт,hezrou,8,Псионический заряд,16.635000,16.635000
13,Адепт,horned-devil,11,Псионический заряд,13.875000,13.875000
13,Адепт,hydra,8,Псионический заряд,20.200000,20.200000
13,Адепт,ice-devil,14,Псионический заряд,13.875000,13.875000
13,Адепт,iron-golem,16,Псионический заряд,20.315000,20.315000
13,Адепт,marilith,16,Псионический заряд,15.140000,15.140000
13,Адепт,mummy-lord,15,Псионический заряд,19.308750,19.308750
13,Адепт,nalfeshnee,13,Псионический заряд,19.308750,19.308750
13,Адепт,planetar,16,Псионический заряд,15.140000,15.140000
13,Адепт,purple-worm,15,Псионический заряд,21.925000,21.925000
13,Адепт,rakshasa,13,Псионический заряд,0.000000,0.000000
13,Адепт,remorhaz,11,Псионический заряд,20.200000,20.200000
13,Адепт,roc,11,Псионический заряд,18.475000,18.475000
13,Адепт,spirit-naga,8,Псионический заряд,17.325000,17.325000
13,Адепт,stone-golem,10,Псионический заряд,20.315000,20.315000
13,Адепт,storm-giant,13,Псионический заряд,19.625000,19.625000
13,Адепт,treant,9,Псионический заряд,21.350000,21.350000
13,Адепт,tyrannosaurus-rex,8,Псионический заряд,20.775000,20.775000
13,Адепт,vampire-vampire,13,Псионический заряд,15.600000,11.000000
13,Адепт,vampire-bat,13,Псионический заряд,15.600000,11.000000
13,Адепт,vampire-mist,13,Псионический заряд,15.600000,11.000000
13,Адепт,young-blue-dragon,9,Псионический заряд,18.475000,18.475000
13,Адепт,young-bronze-dragon,8,Псионический заряд,19.050000,19.050000
13,Адепт,young-gold-dragon,10,Псионический заряд,17.325000,17.325000
13,Адепт,young-green-dragon,8,Псионический заряд,18.475000,18.475000
13,Адепт,young-red-dragon,10,Псионический заряд,18.475000,18.475000
13,Адепт,young-silver-dragon,9,Псионический заряд,18.475000,18.475000
13,Адепт,aboleth,10,Застывшие лезвия: одно срабатывание,21.799074,21.799074
13,Адепт,adult-black-dragon,14,Застывшие лезвия: одно срабатывание,16.995370,10.990741
13,Адепт,adult-blue-dragon,16,Застывшие лезвия: одно срабатывание,18.196296,10.990741
13,Адепт,adult-brass-dragon,13,Застывшие лезвия: одно срабатывание,18.196296,10.990741
13,Адепт,adult-bronze-dragon,15,Застывшие лезвия: одно срабатывание,18.196296,10.990741
13,Адепт,adult-copper-dragon,14,Застывшие лезвия: одно срабатывание,17.595833,10.990741
13,Адепт,adult-gold-dragon,17,Застывшие лезвия: одно срабатывание,16.394907,10.990741
13,Адепт,adult-green-dragon,15,Застывшие лезвия: одно срабатывание,17.595833,10.990741
13,Адепт,adult-red-dragon,17,Застывшие лезвия: одно срабатывание,17.595833,10.990741
13,Адепт,adult-silver-dragon,16,Застывшие лезвия: одно срабатывание,5.500000,3.250000
13,Адепт,adult-white-dragon,13,Застывшие лезвия: одно срабатывание,5.500000,3.250000
13,Адепт,androsphinx,17,Застывшие лезвия: одно срабатывание,17.595833,17.595833
13,Адепт,archmage,12,Застывшие лезвия: одно срабатывание,17.745949,17.745949
13,Адепт,assassin,8,Застывшие лезвия: одно срабатывание,17.595833,17.595833
13,Адепт,behir,11,Застывшие лезвия: одно срабатывание,19.397222,19.397222
13,Адепт,bone-devil,9,Застывшие лезвия: одно срабатывание,16.875278,16.875278
13,Адепт,chain-devil,8,Застывшие лезвия: одно срабатывание,17.745949,17.745949
13,Адепт,clay-golem,9,Застывшие лезвия: одно срабатывание,20.718241,20.718241
13,Адепт,cloaker,8,Застывшие лезвия: одно срабатывание,19.997685,19.997685
13,Адепт,cloud-giant,9,Застывшие лезвия: одно срабатывание,21.198611,21.198611
13,Адепт,deva,10,Застывшие лезвия: одно срабатывание,16.064653,16.064653
13,Адепт,djinni,11,Застывшие лезвия: одно срабатывание,17.595833,17.595833
13,Адепт,dragon-turtle,17,Застывшие лезвия: одно срабатывание,17.595833,17.595833
13,Адепт,efreeti,11,Застывшие лезвия: одно срабатывание,20.598148,20.598148
13,Адепт,erinyes,12,Застывшие лезвия: одно срабатывание,13.993056,13.993056
13,Адепт,fire-giant,9,Застывшие лезвия: одно срабатывание,19.397222,19.397222
13,Адепт,frost-giant,8,Застывшие лезвия: одно срабатывание,6.625000,6.625000
13,Адепт,glabrezu,9,Застывшие лезвия: одно срабатывание,17.745949,17.745949
13,Адепт,guardian-naga,10,Застывшие лезвия: одно срабатывание,16.394907,16.394907
13,Адепт,gynosphinx,11,Застывшие лезвия: одно срабатывание,19.997685,19.997685
13,Адепт,hezrou,8,Застывшие лезвия: одно срабатывание,16.875278,16.875278
13,Адепт,horned-devil,11,Застывшие лезвия: одно срабатывание,13.993056,13.993056
13,Адепт,hydra,8,Застывшие лезвия: одно срабатывание,20.598148,20.598148
13,Адепт,ice-devil,14,Застывшие лезвия: одно срабатывание,13.993056,13.993056
13,Адепт,iron-golem,16,Застывшие лезвия: одно срабатывание,20.718241,20.718241
13,Адепт,marilith,16,Застывшие лезвия: одно срабатывание,15.314074,15.314074
13,Адепт,mummy-lord,15,Застывшие лезвия: одно срабатывание,19.667431,19.667431
13,Адепт,nalfeshnee,13,Застывшие лезвия: одно срабатывание,19.667431,19.667431
13,Адепт,planetar,16,Застывшие лезвия: одно срабатывание,15.314074,15.314074
13,Адепт,purple-worm,15,Застывшие лезвия: одно срабатывание,22.399537,22.399537
13,Адепт,rakshasa,13,Застывшие лезвия: одно срабатывание,0.000000,0.000000
13,Адепт,remorhaz,11,Застывшие лезвия: одно срабатывание,6.250000,6.250000
13,Адепт,roc,11,Застывшие лезвия: одно срабатывание,18.796759,18.796759
13,Адепт,spirit-naga,8,Застывшие лезвия: одно срабатывание,17.595833,17.595833
13,Адепт,stone-golem,10,Застывшие лезвия: одно срабатывание,20.718241,20.718241
13,Адепт,storm-giant,13,Застывшие лезвия: одно срабатывание,19.997685,19.997685
13,Адепт,treant,9,Застывшие лезвия: одно срабатывание,21.799074,21.799074
13,Адепт,tyrannosaurus-rex,8,Застывшие лезвия: одно срабатывание,21.198611,21.198611
13,Адепт,vampire-vampire,13,Застывшие лезвия: одно срабатывание,15.794444,10.990741
13,Адепт,vampire-bat,13,Застывшие лезвия: одно срабатывание,15.794444,10.990741
13,Адепт,vampire-mist,13,Застывшие лезвия: одно срабатывание,15.794444,10.990741
13,Адепт,young-blue-dragon,9,Застывшие лезвия: одно срабатывание,18.796759,18.796759
13,Адепт,young-bronze-dragon,8,Застывшие лезвия: одно срабатывание,19.397222,19.397222
13,Адепт,young-gold-dragon,10,Застывшие лезвия: одно срабатывание,17.595833,17.595833
13,Адепт,young-green-dragon,8,Застывшие лезвия: одно срабатывание,18.796759,18.796759
13,Адепт,young-red-dragon,10,Застывшие лезвия: одно срабатывание,18.796759,18.796759
13,Адепт,young-silver-dragon,9,Застывшие лезвия: одно срабатывание,5.687500,5.687500
13,Адепт,aboleth,10,"Огненный шар: альтернатива, не выбор игрока",26.575000,26.575000
13,Адепт,adult-black-dragon,14,"Огненный шар: альтернатива, не выбор игрока",20.875000,13.750000
13,Адепт,adult-blue-dragon,16,"Огненный шар: альтернатива, не выбор игрока",22.300000,13.750000
13,Адепт,adult-brass-dragon,13,"Огненный шар: альтернатива, не выбор игрока",0.000000,0.000000
13,Адепт,adult-bronze-dragon,15,"Огненный шар: альтернатива, не выбор игрока",22.300000,13.750000
13,Адепт,adult-copper-dragon,14,"Огненный шар: альтернатива, не выбор игрока",21.587500,13.750000
13,Адепт,adult-gold-dragon,17,"Огненный шар: альтернатива, не выбор игрока",0.000000,0.000000
13,Адепт,adult-green-dragon,15,"Огненный шар: альтернатива, не выбор игрока",21.587500,13.750000
13,Адепт,adult-red-dragon,17,"Огненный шар: альтернатива, не выбор игрока",0.000000,0.000000
13,Адепт,adult-silver-dragon,16,"Огненный шар: альтернатива, не выбор игрока",22.300000,13.750000
13,Адепт,adult-white-dragon,13,"Огненный шар: альтернатива, не выбор игрока",22.300000,13.750000
13,Адепт,androsphinx,17,"Огненный шар: альтернатива, не выбор игрока",21.587500,21.587500
13,Адепт,archmage,12,"Огненный шар: альтернатива, не выбор игрока",21.765625,21.765625
13,Адепт,assassin,8,"Огненный шар: альтернатива, не выбор игрока",21.587500,21.587500
13,Адепт,behir,11,"Огненный шар: альтернатива, не выбор игрока",23.725000,23.725000
13,Адепт,bone-devil,9,"Огненный шар: альтернатива, не выбор игрока",0.000000,0.000000
13,Адепт,chain-devil,8,"Огненный шар: альтернатива, не выбор игрока",0.000000,0.000000
13,Адепт,clay-golem,9,"Огненный шар: альтернатива, не выбор игрока",25.292500,25.292500
13,Адепт,cloaker,8,"Огненный шар: альтернатива, не выбор игрока",24.437500,24.437500
13,Адепт,cloud-giant,9,"Огненный шар: альтернатива, не выбор игрока",25.862500,25.862500
13,Адепт,deva,10,"Огненный шар: альтернатива, не выбор игрока",19.770625,19.770625
13,Адепт,djinni,11,"Огненный шар: альтернатива, не выбор игрока",21.587500,21.587500
13,Адепт,dragon-turtle,17,"Огненный шар: альтернатива, не выбор игрока",10.543751,10.543751
13,Адепт,efreeti,11,"Огненный шар: альтернатива, не выбор игрока",0.000000,0.000000
13,Адепт,erinyes,12,"Огненный шар: альтернатива, не выбор игрока",0.000000,0.000000
13,Адепт,fire-giant,9,"Огненный шар: альтернатива, не выбор игрока",0.000000,0.000000
13,Адепт,frost-giant,8,"Огненный шар: альтернатива, не выбор игрока",26.575000,26.575000
13,Адепт,glabrezu,9,"Огненный шар: альтернатива, не выбор игрока",10.632814,10.632814
13,Адепт,guardian-naga,10,"Огненный шар: альтернатива, не выбор игрока",20.162500,20.162500
13,Адепт,gynosphinx,11,"Огненный шар: альтернатива, не выбор игрока",24.437500,24.437500
13,Адепт,hezrou,8,"Огненный шар: альтернатива, не выбор игрока",10.116251,10.116251
13,Адепт,horned-devil,11,"Огненный шар: альтернатива, не выбор игрока",0.000000,0.000000
13,Адепт,hydra,8,"Огненный шар: альтернатива, не выбор игрока",25.150000,25.150000
13,Адепт,ice-devil,14,"Огненный шар: альтернатива, не выбор игрока",0.000000,0.000000
13,Адепт,iron-golem,16,"Огненный шар: альтернатива, не выбор игрока",0.000000,0.000000
13,Адепт,marilith,16,"Огненный шар: альтернатива, не выбор игрока",9.190002,9.190002
13,Адепт,mummy-lord,15,"Огненный шар: альтернатива, не выбор игрока",48.091250,48.091250
13,Адепт,nalfeshnee,13,"Огненный шар: альтернатива, не выбор игрока",11.772813,11.772813
13,Адепт,planetar,16,"Огненный шар: альтернатива, не выбор игрока",18.880000,18.880000
13,Адепт,purple-worm,15,"Огненный шар: альтернатива, не выбор игрока",27.287500,27.287500
13,Адепт,rakshasa,13,"Огненный шар: альтернатива, не выбор игрока",0.000000,0.000000
13,Адепт,remorhaz,11,"Огненный шар: альтернатива, не выбор игрока",0.000000,0.000000
13,Адепт,roc,11,"Огненный шар: альтернатива, не выбор игрока",23.012500,23.012500
13,Адепт,spirit-naga,8,"Огненный шар: альтернатива, не выбор игрока",21.587500,21.587500
13,Адепт,stone-golem,10,"Огненный шар: альтернатива, не выбор игрока",25.292500,25.292500
13,Адепт,storm-giant,13,"Огненный шар: альтернатива, не выбор игрока",24.437500,24.437500
13,Адепт,treant,9,"Огненный шар: альтернатива, не выбор игрока",53.150000,53.150000
13,Адепт,tyrannosaurus-rex,8,"Огненный шар: альтернатива, не выбор игрока",25.862500,25.862500
13,Адепт,vampire-vampire,13,"Огненный шар: альтернатива, не выбор игрока",19.450000,13.750000
13,Адепт,vampire-bat,13,"Огненный шар: альтернатива, не выбор игрока",19.450000,13.750000
13,Адепт,vampire-mist,13,"Огненный шар: альтернатива, не выбор игрока",19.450000,13.750000
13,Адепт,young-blue-dragon,9,"Огненный шар: альтернатива, не выбор игрока",23.012500,23.012500
13,Адепт,young-bronze-dragon,8,"Огненный шар: альтернатива, не выбор игрока",23.725000,23.725000
13,Адепт,young-gold-dragon,10,"Огненный шар: альтернатива, не выбор игрока",0.000000,0.000000
13,Адепт,young-green-dragon,8,"Огненный шар: альтернатива, не выбор игрока",23.012500,23.012500
13,Адепт,young-red-dragon,10,"Огненный шар: альтернатива, не выбор игрока",0.000000,0.000000
13,Адепт,young-silver-dragon,9,"Огненный шар: альтернатива, не выбор игрока",23.012500,23.012500
13,Адепт,aboleth,10,Мистическое копьё Раулотима,17.625000,17.625000
13,Адепт,adult-black-dragon,14,Мистическое копьё Раулотима,21.375000,12.000000
13,Адепт,adult-blue-dragon,16,Мистическое копьё Раулотима,20.750000,12.000000
13,Адепт,adult-brass-dragon,13,Мистическое копьё Раулотима,21.375000,12.000000
13,Адепт,adult-bronze-dragon,15,Мистическое копьё Раулотима,20.750000,12.000000
13,Адепт,adult-copper-dragon,14,Мистическое копьё Раулотима,20.125000,12.000000
13,Адепт,adult-gold-dragon,17,Мистическое копьё Раулотима,20.750000,12.000000
13,Адепт,adult-green-dragon,15,Мистическое копьё Раулотима,20.125000,12.000000
13,Адепт,adult-red-dragon,17,Мистическое копьё Раулотима,20.750000,12.000000
13,Адепт,adult-silver-dragon,16,Мистическое копьё Раулотима,20.750000,12.000000
13,Адепт,adult-white-dragon,13,Мистическое копьё Раулотима,23.250000,12.000000
13,Адепт,androsphinx,17,Мистическое копьё Раулотима,0.000000,0.000000
13,Адепт,archmage,12,Мистическое копьё Раулотима,14.000000,14.000000
13,Адепт,assassin,8,Мистическое копьё Раулотима,20.125000,20.125000
13,Адепт,behir,11,Мистическое копьё Раулотима,23.875000,23.875000
13,Адепт,bone-devil,9,Мистическое копьё Раулотима,16.500000,16.500000
13,Адепт,chain-devil,8,Мистическое копьё Раулотима,21.031250,21.031250
13,Адепт,clay-golem,9,Мистическое копьё Раулотима,0.000000,0.000000
13,Адепт,cloaker,8,Мистическое копьё Раулотима,22.000000,22.000000
13,Адепт,cloud-giant,9,Мистическое копьё Раулотима,22.000000,22.000000
13,Адепт,deva,10,Мистическое копьё Раулотима,18.125000,18.125000
13,Адепт,djinni,11,Мистическое копьё Раулотима,21.375000,21.375000
13,Адепт,dragon-turtle,17,Мистическое копьё Раулотима,22.625000,22.625000
13,Адепт,efreeti,11,Мистическое копьё Раулотима,18.250000,18.250000
13,Адепт,erinyes,12,Мистическое копьё Раулотима,19.031250,19.031250
13,Адепт,fire-giant,9,Мистическое копьё Раулотима,22.625000,22.625000
13,Адепт,frost-giant,8,Мистическое копьё Раулотима,23.250000,23.250000
13,Адепт,glabrezu,9,Мистическое копьё Раулотима,17.281250,17.281250
13,Адепт,guardian-naga,10,Мистическое копьё Раулотима,18.250000,18.250000
13,Адепт,gynosphinx,11,Мистическое копьё Раулотима,0.000000,0.000000
13,Адепт,hezrou,8,Мистическое копьё Раулотима,24.500000,24.500000
13,Адепт,horned-devil,11,Мистическое копьё Раулотима,20.000000,20.000000
13,Адепт,hydra,8,Мистическое копьё Раулотима,24.500000,24.500000
13,Адепт,ice-devil,14,Мистическое копьё Раулотима,17.281250,17.281250
13,Адепт,iron-golem,16,Мистическое копьё Раулотима,0.000000,0.000000
13,Адепт,marilith,16,Мистическое копьё Раулотима,17.281250,17.281250
13,Адепт,mummy-lord,15,Мистическое копьё Раулотима,16.500000,16.500000
13,Адепт,nalfeshnee,13,Мистическое копьё Раулотима,14.000000,14.000000
13,Адепт,planetar,16,Мистическое копьё Раулотима,17.281250,17.281250
13,Адепт,purple-worm,15,Мистическое копьё Раулотима,24.500000,24.500000
13,Адепт,rakshasa,13,Мистическое копьё Раулотима,0.000000,0.000000
13,Адепт,remorhaz,11,Мистическое копьё Раулотима,24.500000,24.500000
13,Адепт,roc,11,Мистическое копьё Раулотима,24.500000,24.500000
13,Адепт,spirit-naga,8,Мистическое копьё Раулотима,20.750000,20.750000
13,Адепт,stone-golem,10,Мистическое копьё Раулотима,0.000000,0.000000
13,Адепт,storm-giant,13,Мистическое копьё Раулотима,20.750000,20.750000
13,Адепт,treant,9,Мистическое копьё Раулотима,22.000000,22.000000
13,Адепт,tyrannosaurus-rex,8,Мистическое копьё Раулотима,24.500000,24.500000
13,Адепт,vampire-vampire,13,Мистическое копьё Раулотима,20.750000,12.000000
13,Адепт,vampire-bat,13,Мистическое копьё Раулотима,20.750000,12.000000
13,Адепт,vampire-mist,13,Мистическое копьё Раулотима,20.750000,12.000000
13,Адепт,young-blue-dragon,9,Мистическое копьё Раулотима,21.375000,21.375000
13,Адепт,young-bronze-dragon,8,Мистическое копьё Раулотима,21.375000,21.375000
13,Адепт,young-gold-dragon,10,Мистическое копьё Раулотима,20.750000,20.750000
13,Адепт,young-green-dragon,8,Мистическое копьё Раулотима,20.750000,20.750000
13,Адепт,young-red-dragon,10,Мистическое копьё Раулотима,21.375000,21.375000
13,Адепт,young-silver-dragon,9,Мистическое копьё Раулотима,21.375000,21.375000
13,Адепт,aboleth,10,Ледяная буря: дар IV,27.183025,27.183025
13,Адепт,adult-black-dragon,14,Ледяная буря: дар IV,21.248457,13.830247
13,Адепт,adult-blue-dragon,16,Ледяная буря: дар IV,22.732099,13.830247
13,Адепт,adult-brass-dragon,13,Ледяная буря: дар IV,22.732099,13.830247
13,Адепт,adult-bronze-dragon,15,Ледяная буря: дар IV,22.732099,13.830247
13,Адепт,adult-copper-dragon,14,Ледяная буря: дар IV,21.990278,13.830247
13,Адепт,adult-gold-dragon,17,Ледяная буря: дар IV,20.506636,13.830247
13,Адепт,adult-green-dragon,15,Ледяная буря: дар IV,21.990278,13.830247
13,Адепт,adult-red-dragon,17,Ледяная буря: дар IV,21.990278,13.830247
13,Адепт,adult-silver-dragon,16,Ледяная буря: дар IV,7.100000,4.250000
13,Адепт,adult-white-dragon,13,Ледяная буря: дар IV,7.100000,4.250000
13,Адепт,androsphinx,17,Ледяная буря: дар IV,21.990278,21.990278
13,Адепт,archmage,12,Ледяная буря: дар IV,22.175733,22.175733
13,Адепт,assassin,8,Ледяная буря: дар IV,21.990278,21.990278
13,Адепт,behir,11,Ледяная буря: дар IV,24.215741,24.215741
13,Адепт,bone-devil,9,Ледяная буря: дар IV,21.100093,21.100093
13,Адепт,chain-devil,8,Ледяная буря: дар IV,22.175733,22.175733
13,Адепт,clay-golem,9,Ледяная буря: дар IV,25.847747,25.847747
13,Адепт,cloaker,8,Ледяная буря: дар IV,24.957562,24.957562
13,Адепт,cloud-giant,9,Ледяная буря: дар IV,26.441204,26.441204
13,Адепт,deva,10,Ледяная буря: дар IV,20.098634,20.098634
13,Адепт,djinni,11,Ледяная буря: дар IV,21.990278,21.990278
13,Адепт,dragon-turtle,17,Ледяная буря: дар IV,21.990278,21.990278
13,Адепт,efreeti,11,Ледяная буря: дар IV,25.699383,25.699383
13,Адепт,erinyes,12,Ледяная буря: дар IV,17.539352,17.539352
13,Адепт,fire-giant,9,Ледяная буря: дар IV,24.215741,24.215741
13,Адепт,frost-giant,8,Ледяная буря: дар IV,8.525000,8.525000
13,Адепт,glabrezu,9,Ледяная буря: дар IV,22.175733,22.175733
13,Адепт,guardian-naga,10,Ледяная буря: дар IV,20.506636,20.506636
13,Адепт,gynosphinx,11,Ледяная буря: дар IV,24.957562,24.957562
13,Адепт,hezrou,8,Ледяная буря: дар IV,21.100093,21.100093
13,Адепт,horned-devil,11,Ледяная буря: дар IV,17.539352,17.539352
13,Адепт,hydra,8,Ледяная буря: дар IV,25.699383,25.699383
13,Адепт,ice-devil,14,Ледяная буря: дар IV,17.539352,17.539352
13,Адепт,iron-golem,16,Ледяная буря: дар IV,25.847747,25.847747
13,Адепт,marilith,16,Ледяная буря: дар IV,19.171358,19.171358
13,Адепт,mummy-lord,15,Ледяная буря: дар IV,24.549560,24.549560
13,Адепт,nalfeshnee,13,Ледяная буря: дар IV,24.549560,24.549560
13,Адепт,planetar,16,Ледяная буря: дар IV,19.171358,19.171358
13,Адепт,purple-worm,15,Ледяная буря: дар IV,27.924846,27.924846
13,Адепт,rakshasa,13,Ледяная буря: дар IV,0.000000,0.000000
13,Адепт,remorhaz,11,Ледяная буря: дар IV,8.050000,8.050000
13,Адепт,roc,11,Ледяная буря: дар IV,23.473920,23.473920
13,Адепт,spirit-naga,8,Ледяная буря: дар IV,21.990278,21.990278
13,Адепт,stone-golem,10,Ледяная буря: дар IV,25.847747,25.847747
13,Адепт,storm-giant,13,Ледяная буря: дар IV,24.957562,24.957562
13,Адепт,treant,9,Ледяная буря: дар IV,22.670525,22.670525
13,Адепт,tyrannosaurus-rex,8,Ледяная буря: дар IV,26.441204,26.441204
13,Адепт,vampire-vampire,13,Ледяная буря: дар IV,19.764815,13.830247
13,Адепт,vampire-bat,13,Ледяная буря: дар IV,19.764815,13.830247
13,Адепт,vampire-mist,13,Ледяная буря: дар IV,19.764815,13.830247
13,Адепт,young-blue-dragon,9,Ледяная буря: дар IV,23.473920,23.473920
13,Адепт,young-bronze-dragon,8,Ледяная буря: дар IV,24.215741,24.215741
13,Адепт,young-gold-dragon,10,Ледяная буря: дар IV,21.990278,21.990278
13,Адепт,young-green-dragon,8,Ледяная буря: дар IV,23.473920,23.473920
13,Адепт,young-red-dragon,10,Ледяная буря: дар IV,23.473920,23.473920
13,Адепт,young-silver-dragon,9,Ледяная буря: дар IV,7.337500,7.337500
13,Адепт,aboleth,10,Болезненное сияние: один контакт,12.100000,12.100000
13,Адепт,adult-black-dragon,14,Болезненное сияние: один контакт,7.700000,0.000000
13,Адепт,adult-blue-dragon,16,Болезненное сияние: один контакт,6.600000,0.000000
13,Адепт,adult-brass-dragon,13,Болезненное сияние: один контакт,7.700000,0.000000
13,Адепт,adult-bronze-dragon,15,Болезненное сияние: один контакт,6.600000,0.000000
13,Адепт,adult-copper-dragon,14,Болезненное сияние: один контакт,7.700000,0.000000
13,Адепт,adult-gold-dragon,17,Болезненное сияние: один контакт,4.400000,0.000000
13,Адепт,adult-green-dragon,15,Болезненное сияние: один контакт,7.700000,0.000000
13,Адепт,adult-red-dragon,17,Болезненное сияние: один контакт,4.400000,0.000000
13,Адепт,adult-silver-dragon,16,Болезненное сияние: один контакт,5.500000,0.000000
13,Адепт,adult-white-dragon,13,Болезненное сияние: один контакт,6.600000,0.000000
13,Адепт,androsphinx,17,Болезненное сияние: один контакт,6.600000,6.600000
13,Адепт,archmage,12,Болезненное сияние: один контакт,14.080000,14.080000
13,Адепт,assassin,8,Болезненное сияние: один контакт,16.500000,16.500000
13,Адепт,behir,11,Болезненное сияние: один контакт,14.300000,14.300000
13,Адепт,bone-devil,9,Болезненное сияние: один контакт,9.295000,9.295000
13,Адепт,chain-devil,8,Болезненное сияние: один контакт,5.500000,5.500000
13,Адепт,clay-golem,9,Болезненное сияние: один контакт,9.295000,9.295000
13,Адепт,cloaker,8,Болезненное сияние: один контакт,17.600000,17.600000
13,Адепт,cloud-giant,9,Болезненное сияние: один контакт,7.700000,7.700000
13,Адепт,deva,10,Болезненное сияние: один контакт,4.541875,4.541875
13,Адепт,djinni,11,Болезненное сияние: один контакт,12.100000,12.100000
13,Адепт,dragon-turtle,17,Болезненное сияние: один контакт,6.600000,6.600000
13,Адепт,efreeti,11,Болезненное сияние: один контакт,11.000000,11.000000
13,Адепт,erinyes,12,Болезненное сияние: один контакт,4.455000,4.455000
13,Адепт,fire-giant,9,Болезненное сияние: один контакт,7.700000,7.700000
13,Адепт,frost-giant,8,Болезненное сияние: один контакт,9.900000,9.900000
13,Адепт,glabrezu,9,Болезненное сияние: один контакт,3.520000,3.520000
13,Адепт,guardian-naga,10,Болезненное сияние: один контакт,11.000000,11.000000
13,Адепт,gynosphinx,11,Болезненное сияние: один контакт,15.400000,15.400000
13,Адепт,hezrou,8,Болезненное сияние: один контакт,4.455000,4.455000
13,Адепт,horned-devil,11,Болезненное сияние: один контакт,7.920000,7.920000
13,Адепт,hydra,8,Болезненное сияние: один контакт,13.200000,13.200000
13,Адепт,ice-devil,14,Болезненное сияние: один контакт,3.520000,3.520000
13,Адепт,iron-golem,16,Болезненное сияние: один контакт,7.920000,7.920000
13,Адепт,marilith,16,Болезненное сияние: один контакт,2.695000,2.695000
13,Адепт,mummy-lord,15,Болезненное сияние: один контакт,4.455000,4.455000
13,Адепт,nalfeshnee,13,Болезненное сияние: один контакт,1.980000,1.980000
13,Адепт,planetar,16,Болезненное сияние: один контакт,0.671875,0.671875
13,Адепт,purple-worm,15,Болезненное сияние: один контакт,6.600000,6.600000
13,Адепт,rakshasa,13,Болезненное сияние: один контакт,0.000000,0.000000
13,Адепт,remorhaz,11,Болезненное сияние: один контакт,13.200000,13.200000
13,Адепт,roc,11,Болезненное сияние: один контакт,8.800000,8.800000
13,Адепт,spirit-naga,8,Болезненное сияние: один контакт,13.200000,13.200000
13,Адепт,stone-golem,10,Болезненное сияние: один контакт,7.920000,7.920000
13,Адепт,storm-giant,13,Болезненное сияние: один контакт,7.700000,7.700000
13,Адепт,treant,9,Болезненное сияние: один контакт,13.200000,13.200000
13,Адепт,tyrannosaurus-rex,8,Болезненное сияние: один контакт,14.300000,14.300000
13,Адепт,vampire-vampire,13,Болезненное сияние: один контакт,14.300000,0.000000
13,Адепт,vampire-bat,13,Болезненное сияние: один контакт,14.300000,0.000000
13,Адепт,vampire-mist,13,Болезненное сияние: один контакт,14.300000,0.000000
13,Адепт,young-blue-dragon,9,Болезненное сияние: один контакт,9.900000,9.900000
13,Адепт,young-bronze-dragon,8,Болезненное сияние: один контакт,11.000000,11.000000
13,Адепт,young-gold-dragon,10,Болезненное сияние: один контакт,8.800000,8.800000
13,Адепт,young-green-dragon,8,Болезненное сияние: один контакт,12.100000,12.100000
13,Адепт,young-red-dragon,10,Болезненное сияние: один контакт,8.800000,8.800000
13,Адепт,young-silver-dragon,9,Болезненное сияние: один контакт,8.800000,8.800000
13,Адепт,aboleth,10,Конус холода,32.437498,32.437498
13,Адепт,adult-black-dragon,14,Конус холода,28.187498,20.749996
13,Адепт,adult-blue-dragon,16,Конус холода,27.124997,20.749996
13,Адепт,adult-brass-dragon,13,Конус холода,28.187498,20.749996
13,Адепт,adult-bronze-dragon,15,Конус холода,27.124997,20.749996
13,Адепт,adult-copper-dragon,14,Конус холода,28.187498,20.749996
13,Адепт,adult-gold-dragon,17,Конус холода,24.999997,20.749996
13,Адепт,adult-green-dragon,15,Конус холода,28.187498,20.749996
13,Адепт,adult-red-dragon,17,Конус холода,24.999997,20.749996
13,Адепт,adult-silver-dragon,16,Конус холода,0.000000,0.000000
13,Адепт,adult-white-dragon,13,Конус холода,0.000000,0.000000
13,Адепт,androsphinx,17,Конус холода,27.124997,27.124997
13,Адепт,archmage,12,Конус холода,34.349999,34.349999
13,Адепт,assassin,8,Конус холода,36.687499,36.687499
13,Адепт,behir,11,Конус холода,34.562499,34.562499
13,Адепт,bone-devil,9,Конус холода,29.728123,29.728123
13,Адепт,chain-devil,8,Конус холода,26.062497,26.062497
13,Адепт,clay-golem,9,Конус холода,29.728123,29.728123
13,Адепт,cloaker,8,Конус холода,37.749999,37.749999
13,Адепт,cloud-giant,9,Конус холода,28.187498,28.187498
13,Адепт,deva,10,Конус холода,29.728123,29.728123
13,Адепт,djinni,11,Конус холода,32.437498,32.437498
13,Адепт,dragon-turtle,17,Конус холода,27.124997,27.124997
13,Адепт,efreeti,11,Конус холода,31.374998,31.374998
13,Адепт,erinyes,12,Конус холода,25.053122,25.053122
13,Адепт,fire-giant,9,Конус холода,28.187498,28.187498
13,Адепт,frost-giant,8,Конус холода,0.000000,0.000000
13,Адепт,glabrezu,9,Конус холода,24.149997,24.149997
13,Адепт,guardian-naga,10,Конус холода,31.374998,31.374998
13,Адепт,gynosphinx,11,Конус холода,35.624999,35.624999
13,Адепт,hezrou,8,Конус холода,25.053122,25.053122
13,Адепт,horned-devil,11,Конус холода,28.399998,28.399998
13,Адепт,hydra,8,Конус холода,33.499998,33.499998
13,Адепт,ice-devil,14,Конус холода,24.149997,24.149997
13,Адепт,iron-golem,16,Конус холода,28.399998,28.399998
13,Адепт,marilith,16,Конус холода,23.353122,23.353122
13,Адепт,mummy-lord,15,Конус холода,25.053122,25.053122
13,Адепт,nalfeshnee,13,Конус холода,22.662497,22.662497
13,Адепт,planetar,16,Конус холода,22.078121,22.078121
13,Адепт,purple-worm,15,Конус холода,27.124997,27.124997
13,Адепт,rakshasa,13,Конус холода,0.000000,0.000000
13,Адепт,remorhaz,11,Конус холода,0.000000,0.000000
13,Адепт,roc,11,Конус холода,29.249998,29.249998
13,Адепт,spirit-naga,8,Конус холода,33.499998,33.499998
13,Адепт,stone-golem,10,Конус холода,28.399998,28.399998
13,Адепт,storm-giant,13,Конус холода,28.187498,28.187498
13,Адепт,treant,9,Конус холода,33.499998,33.499998
13,Адепт,tyrannosaurus-rex,8,Конус холода,34.562499,34.562499
13,Адепт,vampire-vampire,13,Конус холода,34.562499,20.749996
13,Адепт,vampire-bat,13,Конус холода,34.562499,20.749996
13,Адепт,vampire-mist,13,Конус холода,34.562499,20.749996
13,Адепт,young-blue-dragon,9,Конус холода,30.312498,30.312498
13,Адепт,young-bronze-dragon,8,Конус холода,31.374998,31.374998
13,Адепт,young-gold-dragon,10,Конус холода,29.249998,29.249998
13,Адепт,young-green-dragon,8,Конус холода,32.437498,32.437498
13,Адепт,young-red-dragon,10,Конус холода,29.249998,29.249998
13,Адепт,young-silver-dragon,9,Конус холода,0.000000,0.000000
13,Адепт,aboleth,10,Синаптический заряд,20.162500,20.162500
13,Адепт,adult-black-dragon,14,Синаптический заряд,24.437500,13.750000
13,Адепт,adult-blue-dragon,16,Синаптический заряд,23.725000,13.750000
13,Адепт,adult-brass-dragon,13,Синаптический заряд,24.437500,13.750000
13,Адепт,adult-bronze-dragon,15,Синаптический заряд,23.725000,13.750000
13,Адепт,adult-copper-dragon,14,Синаптический заряд,23.012500,13.750000
13,Адепт,adult-gold-dragon,17,Синаптический заряд,23.725000,13.750000
13,Адепт,adult-green-dragon,15,Синаптический заряд,23.012500,13.750000
13,Адепт,adult-red-dragon,17,Синаптический заряд,23.725000,13.750000
13,Адепт,adult-silver-dragon,16,Синаптический заряд,23.725000,13.750000
13,Адепт,adult-white-dragon,13,Синаптический заряд,26.575000,13.750000
13,Адепт,androsphinx,17,Синаптический заряд,0.000000,0.000000
13,Адепт,archmage,12,Синаптический заряд,16.030000,16.030000
13,Адепт,assassin,8,Синаптический заряд,23.012500,23.012500
13,Адепт,behir,11,Синаптический заряд,27.287500,27.287500
13,Адепт,bone-devil,9,Синаптический заряд,18.880000,18.880000
13,Адепт,chain-devil,8,Синаптический заряд,24.045625,24.045625
13,Адепт,clay-golem,9,Синаптический заряд,0.000000,0.000000
13,Адепт,cloaker,8,Синаптический заряд,25.150000,25.150000
13,Адепт,cloud-giant,9,Синаптический заряд,25.150000,25.150000
13,Адепт,deva,10,Синаптический заряд,20.732500,20.732500
13,Адепт,djinni,11,Синаптический заряд,24.437500,24.437500
13,Адепт,dragon-turtle,17,Синаптический заряд,25.862500,25.862500
13,Адепт,efreeti,11,Синаптический заряд,20.875000,20.875000
13,Адепт,erinyes,12,Синаптический заряд,21.765625,21.765625
13,Адепт,fire-giant,9,Синаптический заряд,25.862500,25.862500
13,Адепт,frost-giant,8,Синаптический заряд,26.575000,26.575000
13,Адепт,glabrezu,9,Синаптический заряд,19.770625,19.770625
13,Адепт,guardian-naga,10,Синаптический заряд,20.875000,20.875000
13,Адепт,gynosphinx,11,Синаптический заряд,0.000000,0.000000
13,Адепт,hezrou,8,Синаптический заряд,28.000000,28.000000
13,Адепт,horned-devil,11,Синаптический заряд,22.870000,22.870000
13,Адепт,hydra,8,Синаптический заряд,0.000000,0.000000
13,Адепт,ice-devil,14,Синаптический заряд,19.770625,19.770625
13,Адепт,iron-golem,16,Синаптический заряд,0.000000,0.000000
13,Адепт,marilith,16,Синаптический заряд,19.770625,19.770625
13,Адепт,mummy-lord,15,Синаптический заряд,18.880000,18.880000
13,Адепт,nalfeshnee,13,Синаптический заряд,16.030000,16.030000
13,Адепт,planetar,16,Синаптический заряд,19.770625,19.770625
13,Адепт,purple-worm,15,Синаптический заряд,0.000000,0.000000
13,Адепт,rakshasa,13,Синаптический заряд,0.000000,0.000000
13,Адепт,remorhaz,11,Синаптический заряд,28.000000,28.000000
13,Адепт,roc,11,Синаптический заряд,28.000000,28.000000
13,Адепт,spirit-naga,8,Синаптический заряд,23.725000,23.725000
13,Адепт,stone-golem,10,Синаптический заряд,0.000000,0.000000
13,Адепт,storm-giant,13,Синаптический заряд,23.725000,23.725000
13,Адепт,treant,9,Синаптический заряд,25.150000,25.150000
13,Адепт,tyrannosaurus-rex,8,Синаптический заряд,0.000000,0.000000
13,Адепт,vampire-vampire,13,Синаптический заряд,23.725000,13.750000
13,Адепт,vampire-bat,13,Синаптический заряд,23.725000,13.750000
13,Адепт,vampire-mist,13,Синаптический заряд,23.725000,13.750000
13,Адепт,young-blue-dragon,9,Синаптический заряд,24.437500,24.437500
13,Адепт,young-bronze-dragon,8,Синаптический заряд,24.437500,24.437500
13,Адепт,young-gold-dragon,10,Синаптический заряд,23.725000,23.725000
13,Адепт,young-green-dragon,8,Синаптический заряд,23.725000,23.725000
13,Адепт,young-red-dragon,10,Синаптический заряд,24.437500,24.437500
13,Адепт,young-silver-dragon,9,Синаптический заряд,24.437500,24.437500
13,Адепт,aboleth,10,Ледяная сфера Отилюка,32.179165,32.179165
13,Адепт,adult-black-dragon,14,Ледяная сфера Отилюка,27.962497,20.583329
13,Адепт,adult-blue-dragon,16,Ледяная сфера Отилюка,26.908330,20.583329
13,Адепт,adult-brass-dragon,13,Ледяная сфера Отилюка,27.962497,20.583329
13,Адепт,adult-bronze-dragon,15,Ледяная сфера Отилюка,26.908330,20.583329
13,Адепт,adult-copper-dragon,14,Ледяная сфера Отилюка,27.962497,20.583329
13,Адепт,adult-gold-dragon,17,Ледяная сфера Отилюка,24.799997,20.583329
13,Адепт,adult-green-dragon,15,Ледяная сфера Отилюка,27.962497,20.583329
13,Адепт,adult-red-dragon,17,Ледяная сфера Отилюка,24.799997,20.583329
13,Адепт,adult-silver-dragon,16,Ледяная сфера Отилюка,0.000000,0.000000
13,Адепт,adult-white-dragon,13,Ледяная сфера Отилюка,0.000000,0.000000
13,Адепт,androsphinx,17,Ледяная сфера Отилюка,26.908330,26.908330
13,Адепт,archmage,12,Ледяная сфера Отилюка,34.076665,34.076665
13,Адепт,assassin,8,Ледяная сфера Отилюка,36.395832,36.395832
13,Адепт,behir,11,Ледяная сфера Отилюка,34.287499,34.287499
13,Адепт,bone-devil,9,Ледяная сфера Отилюка,29.491039,29.491039
13,Адепт,chain-devil,8,Ледяная сфера Отилюка,25.854163,25.854163
13,Адепт,clay-golem,9,Ледяная сфера Отилюка,29.491039,29.491039
13,Адепт,cloaker,8,Ледяная сфера Отилюка,37.449999,37.449999
13,Адепт,cloud-giant,9,Ледяная сфера Отилюка,27.962497,27.962497
13,Адепт,deva,10,Ледяная сфера Отилюка,29.491039,29.491039
13,Адепт,djinni,11,Ледяная сфера Отилюка,32.179165,32.179165
13,Адепт,dragon-turtle,17,Ледяная сфера Отилюка,26.908330,26.908330
13,Адепт,efreeti,11,Ледяная сфера Отилюка,31.124998,31.124998
13,Адепт,erinyes,12,Ледяная сфера Отилюка,24.852705,24.852705
13,Адепт,fire-giant,9,Ледяная сфера Отилюка,27.962497,27.962497
13,Адепт,frost-giant,8,Ледяная сфера Отилюка,0.000000,0.000000
13,Адепт,glabrezu,9,Ледяная сфера Отилюка,23.956663,23.956663
13,Адепт,guardian-naga,10,Ледяная сфера Отилюка,31.124998,31.124998
13,Адепт,gynosphinx,11,Ледяная сфера Отилюка,35.341665,35.341665
13,Адепт,hezrou,8,Ледяная сфера Отилюка,24.852705,24.852705
13,Адепт,horned-devil,11,Ледяная сфера Отилюка,28.173331,28.173331
13,Адепт,hydra,8,Ледяная сфера Отилюка,33.233332,33.233332
13,Адепт,ice-devil,14,Ледяная сфера Отилюка,23.956663,23.956663
13,Адепт,iron-golem,16,Ледяная сфера Отилюка,28.173331,28.173331
13,Адепт,marilith,16,Ледяная сфера Отилюка,23.166038,23.166038
13,Адепт,mummy-lord,15,Ледяная сфера Отилюка,24.852705,24.852705
13,Адепт,nalfeshnee,13,Ледяная сфера Отилюка,22.480829,22.480829
13,Адепт,planetar,16,Ледяная сфера Отилюка,21.901038,21.901038
13,Адепт,purple-worm,15,Ледяная сфера Отилюка,26.908330,26.908330
13,Адепт,rakshasa,13,Ледяная сфера Отилюка,0.000000,0.000000
13,Адепт,remorhaz,11,Ледяная сфера Отилюка,0.000000,0.000000
13,Адепт,roc,11,Ледяная сфера Отилюка,29.016664,29.016664
13,Адепт,spirit-naga,8,Ледяная сфера Отилюка,33.233332,33.233332
13,Адепт,stone-golem,10,Ледяная сфера Отилюка,28.173331,28.173331
13,Адепт,storm-giant,13,Ледяная сфера Отилюка,27.962497,27.962497
13,Адепт,treant,9,Ледяная сфера Отилюка,33.233332,33.233332
13,Адепт,tyrannosaurus-rex,8,Ледяная сфера Отилюка,34.287499,34.287499
13,Адепт,vampire-vampire,13,Ледяная сфера Отилюка,34.287499,20.583329
13,Адепт,vampire-bat,13,Ледяная сфера Отилюка,34.287499,20.583329
13,Адепт,vampire-mist,13,Ледяная сфера Отилюка,34.287499,20.583329
13,Адепт,young-blue-dragon,9,Ледяная сфера Отилюка,30.070831,30.070831
13,Адепт,young-bronze-dragon,8,Ледяная сфера Отилюка,31.124998,31.124998
13,Адепт,young-gold-dragon,10,Ледяная сфера Отилюка,29.016664,29.016664
13,Адепт,young-green-dragon,8,Ледяная сфера Отилюка,32.179165,32.179165
13,Адепт,young-red-dragon,10,Ледяная сфера Отилюка,29.016664,29.016664
13,Адепт,young-silver-dragon,9,Ледяная сфера Отилюка,0.000000,0.000000
13,Адепт,aboleth,10,Цепная молния: дар VI,42.725000,42.725000
13,Адепт,adult-black-dragon,14,Цепная молния: дар VI,33.625000,22.250000
13,Адепт,adult-blue-dragon,16,Цепная молния: дар VI,0.000000,0.000000
13,Адепт,adult-brass-dragon,13,Цепная молния: дар VI,35.900000,22.250000
13,Адепт,adult-bronze-dragon,15,Цепная молния: дар VI,0.000000,0.000000
13,Адепт,adult-copper-dragon,14,Цепная молния: дар VI,34.762500,22.250000
13,Адепт,adult-gold-dragon,17,Цепная молния: дар VI,32.487500,22.250000
13,Адепт,adult-green-dragon,15,Цепная молния: дар VI,34.762500,22.250000
13,Адепт,adult-red-dragon,17,Цепная молния: дар VI,34.762500,22.250000
13,Адепт,adult-silver-dragon,16,Цепная молния: дар VI,35.900000,22.250000
13,Адепт,adult-white-dragon,13,Цепная молния: дар VI,35.900000,22.250000
13,Адепт,androsphinx,17,Цепная молния: дар VI,34.762500,34.762500
13,Адепт,archmage,12,Цепная молния: дар VI,35.046875,35.046875
13,Адепт,assassin,8,Цепная молния: дар VI,34.762500,34.762500
13,Адепт,behir,11,Цепная молния: дар VI,0.000000,0.000000
13,Адепт,bone-devil,9,Цепная молния: дар VI,33.397500,33.397500
13,Адепт,chain-devil,8,Цепная молния: дар VI,35.046875,35.046875
13,Адепт,clay-golem,9,Цепная молния: дар VI,40.677500,40.677500
13,Адепт,cloaker,8,Цепная молния: дар VI,39.312500,39.312500
13,Адепт,cloud-giant,9,Цепная молния: дар VI,41.587500,41.587500
13,Адепт,deva,10,Цепная молния: дар VI,31.861875,31.861875
13,Адепт,djinni,11,Цепная молния: дар VI,0.000000,0.000000
13,Адепт,dragon-turtle,17,Цепная молния: дар VI,34.762500,34.762500
13,Адепт,efreeti,11,Цепная молния: дар VI,40.450000,40.450000
13,Адепт,erinyes,12,Цепная молния: дар VI,27.937500,27.937500
13,Адепт,fire-giant,9,Цепная молния: дар VI,38.175000,38.175000
13,Адепт,frost-giant,8,Цепная молния: дар VI,42.725000,42.725000
13,Адепт,glabrezu,9,Цепная молния: дар VI,17.273438,17.273438
13,Адепт,guardian-naga,10,Цепная молния: дар VI,32.487500,32.487500
13,Адепт,gynosphinx,11,Цепная молния: дар VI,39.312500,39.312500
13,Адепт,hezrou,8,Цепная молния: дар VI,16.448750,16.448750
13,Адепт,horned-devil,11,Цепная молния: дар VI,27.937500,27.937500
13,Адепт,hydra,8,Цепная молния: дар VI,40.450000,40.450000
13,Адепт,ice-devil,14,Цепная молния: дар VI,27.937500,27.937500
13,Адепт,iron-golem,16,Цепная молния: дар VI,40.677500,40.677500
13,Адепт,marilith,16,Цепная молния: дар VI,14.970000,14.970000
13,Адепт,mummy-lord,15,Цепная молния: дар VI,38.686875,38.686875
13,Адепт,nalfeshnee,13,Цепная молния: дар VI,19.093438,19.093438
13,Адепт,planetar,16,Цепная молния: дар VI,30.440000,30.440000
13,Адепт,purple-worm,15,Цепная молния: дар VI,43.862500,43.862500
13,Адепт,rakshasa,13,Цепная молния: дар VI,0.000000,0.000000
13,Адепт,remorhaz,11,Цепная молния: дар VI,40.450000,40.450000
13,Адепт,roc,11,Цепная молния: дар VI,37.037500,37.037500
13,Адепт,spirit-naga,8,Цепная молния: дар VI,34.762500,34.762500
13,Адепт,stone-golem,10,Цепная молния: дар VI,40.677500,40.677500
13,Адепт,storm-giant,13,Цепная молния: дар VI,0.000000,0.000000
13,Адепт,treant,9,Цепная молния: дар VI,42.725000,42.725000
13,Адепт,tyrannosaurus-rex,8,Цепная молния: дар VI,41.587500,41.587500
13,Адепт,vampire-vampire,13,Цепная молния: дар VI,31.350000,22.250000
13,Адепт,vampire-bat,13,Цепная молния: дар VI,31.350000,22.250000
13,Адепт,vampire-mist,13,Цепная молния: дар VI,31.350000,22.250000
13,Адепт,young-blue-dragon,9,Цепная молния: дар VI,0.000000,0.000000
13,Адепт,young-bronze-dragon,8,Цепная молния: дар VI,0.000000,0.000000
13,Адепт,young-gold-dragon,10,Цепная молния: дар VI,34.762500,34.762500
13,Адепт,young-green-dragon,8,Цепная молния: дар VI,37.037500,37.037500
13,Адепт,young-red-dragon,10,Цепная молния: дар VI,37.037500,37.037500
13,Адепт,young-silver-dragon,9,Цепная молния: дар VI,37.037500,37.037500
13,Адепт,aboleth,10,Звёздная корона: один выстрел,19.500000,19.500000
13,Адепт,adult-black-dragon,14,Звёздная корона: один выстрел,16.900000,16.900000
13,Адепт,adult-blue-dragon,16,Звёздная корона: один выстрел,16.900000,16.900000
13,Адепт,adult-brass-dragon,13,Звёздная корона: один выстрел,18.200000,18.200000
13,Адепт,adult-bronze-dragon,15,Звёздная корона: один выстрел,16.900000,16.900000
13,Адепт,adult-copper-dragon,14,Звёздная корона: один выстрел,18.200000,18.200000
13,Адепт,adult-gold-dragon,17,Звёздная корона: один выстрел,16.900000,16.900000
13,Адепт,adult-green-dragon,15,Звёздная корона: один выстрел,16.900000,16.900000
13,Адепт,adult-red-dragon,17,Звёздная корона: один выстрел,16.900000,16.900000
13,Адепт,adult-silver-dragon,16,Звёздная корона: один выстрел,16.900000,16.900000
13,Адепт,adult-white-dragon,13,Звёздная корона: один выстрел,18.200000,18.200000
13,Адепт,androsphinx,17,Звёздная корона: один выстрел,19.500000,19.500000
13,Адепт,archmage,12,Звёздная корона: один выстрел,22.100000,22.100000
13,Адепт,assassin,8,Звёздная корона: один выстрел,22.100000,22.100000
13,Адепт,behir,11,Звёздная корона: один выстрел,19.500000,19.500000
13,Адепт,bone-devil,9,Звёздная корона: один выстрел,16.900000,16.900000
13,Адепт,chain-devil,8,Звёздная корона: один выстрел,20.800000,20.800000
13,Адепт,clay-golem,9,Звёздная корона: один выстрел,23.400000,23.400000
13,Адепт,cloaker,8,Звёздная корона: один выстрел,23.400000,23.400000
13,Адепт,cloud-giant,9,Звёздная корона: один выстрел,23.400000,23.400000
13,Адепт,deva,10,Звёздная корона: один выстрел,9.575000,9.575000
13,Адепт,djinni,11,Звёздная корона: один выстрел,19.500000,19.500000
13,Адепт,dragon-turtle,17,Звёздная корона: один выстрел,15.600000,15.600000
13,Адепт,efreeti,11,Звёздная корона: один выстрел,19.500000,19.500000
13,Адепт,erinyes,12,Звёздная корона: один выстрел,18.200000,18.200000
13,Адепт,fire-giant,9,Звёздная корона: один выстрел,18.200000,18.200000
13,Адепт,frost-giant,8,Звёздная корона: один выстрел,22.100000,22.100000
13,Адепт,glabrezu,9,Звёздная корона: один выстрел,19.500000,19.500000
13,Адепт,guardian-naga,10,Звёздная корона: один выстрел,18.200000,18.200000
13,Адепт,gynosphinx,11,Звёздная корона: один выстрел,19.500000,19.500000
13,Адепт,hezrou,8,Звёздная корона: один выстрел,20.800000,20.800000
13,Адепт,horned-devil,11,Звёздная корона: один выстрел,18.200000,18.200000
13,Адепт,hydra,8,Звёздная корона: один выстрел,22.100000,22.100000
13,Адепт,ice-devil,14,Звёздная корона: один выстрел,18.200000,18.200000
13,Адепт,iron-golem,16,Звёздная корона: один выстрел,15.600000,15.600000
13,Адепт,marilith,16,Звёздная корона: один выстрел,18.200000,18.200000
13,Адепт,mummy-lord,15,Звёздная корона: один выстрел,19.500000,19.500000
13,Адепт,nalfeshnee,13,Звёздная корона: один выстрел,18.200000,18.200000
13,Адепт,planetar,16,Звёздная корона: один выстрел,8.300000,8.300000
13,Адепт,purple-worm,15,Звёздная корона: один выстрел,18.200000,18.200000
13,Адепт,rakshasa,13,Звёздная корона: один выстрел,20.800000,20.800000
13,Адепт,remorhaz,11,Звёздная корона: один выстрел,19.500000,19.500000
13,Адепт,roc,11,Звёздная корона: один выстрел,22.100000,22.100000
13,Адепт,spirit-naga,8,Звёздная корона: один выстрел,22.100000,22.100000
13,Адепт,stone-golem,10,Звёздная корона: один выстрел,19.500000,19.500000
13,Адепт,storm-giant,13,Звёздная корона: один выстрел,20.800000,20.800000
13,Адепт,treant,9,Звёздная корона: один выстрел,20.800000,20.800000
13,Адепт,tyrannosaurus-rex,8,Звёздная корона: один выстрел,24.700000,24.700000
13,Адепт,vampire-vampire,13,Звёздная корона: один выстрел,20.800000,20.800000
13,Адепт,vampire-bat,13,Звёздная корона: один выстрел,20.800000,20.800000
13,Адепт,vampire-mist,13,Звёздная корона: один выстрел,20.800000,20.800000
13,Адепт,young-blue-dragon,9,Звёздная корона: один выстрел,18.200000,18.200000
13,Адепт,young-bronze-dragon,8,Звёздная корона: один выстрел,18.200000,18.200000
13,Адепт,young-gold-dragon,10,Звёздная корона: один выстрел,18.200000,18.200000
13,Адепт,young-green-dragon,8,Звёздная корона: один выстрел,18.200000,18.200000
13,Адепт,young-red-dragon,10,Звёздная корона: один выстрел,18.200000,18.200000
13,Адепт,young-silver-dragon,9,Звёздная корона: один выстрел,18.200000,18.200000
13,Адепт,aboleth,10,Огненная буря,36.550000,36.550000
13,Адепт,adult-black-dragon,14,Огненная буря,28.750000,19.000000
13,Адепт,adult-blue-dragon,16,Огненная буря,30.700000,19.000000
13,Адепт,adult-brass-dragon,13,Огненная буря,0.000000,0.000000
13,Адепт,adult-bronze-dragon,15,Огненная буря,30.700000,19.000000
13,Адепт,adult-copper-dragon,14,Огненная буря,29.725000,19.000000
13,Адепт,adult-gold-dragon,17,Огненная буря,0.000000,0.000000
13,Адепт,adult-green-dragon,15,Огненная буря,29.725000,19.000000
13,Адепт,adult-red-dragon,17,Огненная буря,0.000000,0.000000
13,Адепт,adult-silver-dragon,16,Огненная буря,30.700000,19.000000
13,Адепт,adult-white-dragon,13,Огненная буря,30.700000,19.000000
13,Адепт,androsphinx,17,Огненная буря,29.725000,29.725000
13,Адепт,archmage,12,Огненная буря,29.968750,29.968750
13,Адепт,assassin,8,Огненная буря,29.725000,29.725000
13,Адепт,behir,11,Огненная буря,32.650000,32.650000
13,Адепт,bone-devil,9,Огненная буря,0.000000,0.000000
13,Адепт,chain-devil,8,Огненная буря,0.000000,0.000000
13,Адепт,clay-golem,9,Огненная буря,34.795000,34.795000
13,Адепт,cloaker,8,Огненная буря,33.625000,33.625000
13,Адепт,cloud-giant,9,Огненная буря,35.575000,35.575000
13,Адепт,deva,10,Огненная буря,27.238750,27.238750
13,Адепт,djinni,11,Огненная буря,29.725000,29.725000
13,Адепт,dragon-turtle,17,Огненная буря,14.612500,14.612500
13,Адепт,efreeti,11,Огненная буря,0.000000,0.000000
13,Адепт,erinyes,12,Огненная буря,0.000000,0.000000
13,Адепт,fire-giant,9,Огненная буря,0.000000,0.000000
13,Адепт,frost-giant,8,Огненная буря,36.550000,36.550000
13,Адепт,glabrezu,9,Огненная буря,14.734375,14.734375
13,Адепт,guardian-naga,10,Огненная буря,27.775000,27.775000
13,Адепт,gynosphinx,11,Огненная буря,33.625000,33.625000
13,Адепт,hezrou,8,Огненная буря,14.027500,14.027500
13,Адепт,horned-devil,11,Огненная буря,0.000000,0.000000
13,Адепт,hydra,8,Огненная буря,34.600000,34.600000
13,Адепт,ice-devil,14,Огненная буря,0.000000,0.000000
13,Адепт,iron-golem,16,Огненная буря,0.000000,0.000000
13,Адепт,marilith,16,Огненная буря,12.760000,12.760000
13,Адепт,mummy-lord,15,Огненная буря,66.177500,66.177500
13,Адепт,nalfeshnee,13,Огненная буря,16.294375,16.294375
13,Адепт,planetar,16,Огненная буря,26.020000,26.020000
13,Адепт,purple-worm,15,Огненная буря,37.525000,37.525000
13,Адепт,rakshasa,13,Огненная буря,28.555000,28.555000
13,Адепт,remorhaz,11,Огненная буря,0.000000,0.000000
13,Адепт,roc,11,Огненная буря,31.675000,31.675000
13,Адепт,spirit-naga,8,Огненная буря,29.725000,29.725000
13,Адепт,stone-golem,10,Огненная буря,34.795000,34.795000
13,Адепт,storm-giant,13,Огненная буря,33.625000,33.625000
13,Адепт,treant,9,Огненная буря,73.100000,73.100000
13,Адепт,tyrannosaurus-rex,8,Огненная буря,35.575000,35.575000
13,Адепт,vampire-vampire,13,Огненная буря,26.800000,19.000000
13,Адепт,vampire-bat,13,Огненная буря,26.800000,19.000000
13,Адепт,vampire-mist,13,Огненная буря,26.800000,19.000000
13,Адепт,young-blue-dragon,9,Огненная буря,31.675000,31.675000
13,Адепт,young-bronze-dragon,8,Огненная буря,32.650000,32.650000
13,Адепт,young-gold-dragon,10,Огненная буря,0.000000,0.000000
13,Адепт,young-green-dragon,8,Огненная буря,31.675000,31.675000
13,Адепт,young-red-dragon,10,Огненная буря,0.000000,0.000000
13,Адепт,young-silver-dragon,9,Огненная буря,31.675000,31.675000
17,Харизма,adult-black-dragon,14,"Хроматический шар: холод, ячейка I",12.700000,12.700000
17,Харизма,adult-blue-dragon,16,"Хроматический шар: холод, ячейка I",12.700000,12.700000
17,Харизма,adult-brass-dragon,13,"Хроматический шар: холод, ячейка I",13.625000,13.625000
17,Харизма,adult-bronze-dragon,15,"Хроматический шар: холод, ячейка I",12.700000,12.700000
17,Харизма,adult-copper-dragon,14,"Хроматический шар: холод, ячейка I",13.625000,13.625000
17,Харизма,adult-gold-dragon,17,"Хроматический шар: холод, ячейка I",12.700000,12.700000
17,Харизма,adult-green-dragon,15,"Хроматический шар: холод, ячейка I",12.700000,12.700000
17,Харизма,adult-red-dragon,17,"Хроматический шар: холод, ячейка I",12.700000,12.700000
17,Харизма,adult-silver-dragon,16,"Хроматический шар: холод, ячейка I",0.000000,0.000000
17,Харизма,adult-white-dragon,13,"Хроматический шар: холод, ячейка I",0.000000,0.000000
17,Харизма,ancient-black-dragon,21,"Хроматический шар: холод, ячейка I",9.925000,9.925000
17,Харизма,ancient-blue-dragon,23,"Хроматический шар: холод, ячейка I",9.925000,9.925000
17,Харизма,ancient-brass-dragon,20,"Хроматический шар: холод, ячейка I",11.775000,11.775000
17,Харизма,ancient-bronze-dragon,22,"Хроматический шар: холод, ячейка I",9.925000,9.925000
17,Харизма,ancient-copper-dragon,21,"Хроматический шар: холод, ячейка I",10.850000,10.850000
17,Харизма,ancient-gold-dragon,24,"Хроматический шар: холод, ячейка I",9.925000,9.925000
17,Харизма,ancient-green-dragon,22,"Хроматический шар: холод, ячейка I",10.850000,10.850000
17,Харизма,ancient-red-dragon,24,"Хроматический шар: холод, ячейка I",9.925000,9.925000
17,Харизма,ancient-silver-dragon,23,"Хроматический шар: холод, ячейка I",0.000000,0.000000
17,Харизма,ancient-white-dragon,20,"Хроматический шар: холод, ячейка I",0.000000,0.000000
17,Харизма,androsphinx,17,"Хроматический шар: холод, ячейка I",14.550000,14.550000
17,Харизма,archmage,12,"Хроматический шар: холод, ячейка I",16.400000,16.400000
17,Харизма,balor,19,"Хроматический шар: холод, ячейка I",6.187500,6.187500
17,Харизма,dragon-turtle,17,"Хроматический шар: холод, ячейка I",11.775000,11.775000
17,Харизма,erinyes,12,"Хроматический шар: холод, ячейка I",6.637500,6.637500
17,Харизма,ice-devil,14,"Хроматический шар: холод, ячейка I",13.625000,13.625000
17,Харизма,iron-golem,16,"Хроматический шар: холод, ячейка I",11.775000,11.775000
17,Харизма,kraken,23,"Хроматический шар: холод, ячейка I",13.625000,13.625000
17,Харизма,lich,21,"Хроматический шар: холод, ячейка I",7.087500,7.087500
17,Харизма,marilith,16,"Хроматический шар: холод, ячейка I",6.637500,6.637500
17,Харизма,mummy-lord,15,"Хроматический шар: холод, ячейка I",14.550000,14.550000
17,Харизма,nalfeshnee,13,"Хроматический шар: холод, ячейка I",6.637500,6.637500
17,Харизма,pit-fiend,20,"Хроматический шар: холод, ячейка I",6.187500,6.187500
17,Харизма,planetar,16,"Хроматический шар: холод, ячейка I",12.700000,12.700000
17,Харизма,purple-worm,15,"Хроматический шар: холод, ячейка I",13.625000,13.625000
17,Харизма,rakshasa,13,"Хроматический шар: холод, ячейка I",0.000000,0.000000
17,Харизма,solar,21,"Хроматический шар: холод, ячейка I",10.850000,10.850000
17,Харизма,storm-giant,13,"Хроматический шар: холод, ячейка I",7.537500,7.537500
17,Харизма,vampire-vampire,13,"Хроматический шар: холод, ячейка I",15.475000,15.475000
17,Харизма,vampire-bat,13,"Хроматический шар: холод, ячейка I",15.475000,15.475000
17,Харизма,vampire-mist,13,"Хроматический шар: холод, ячейка I",15.475000,15.475000
17,Харизма,adult-black-dragon,14,Психическая плеть Таши,9.400000,5.000000
17,Харизма,adult-blue-dragon,16,Психическая плеть Таши,9.125000,5.000000
17,Харизма,adult-brass-dragon,13,Психическая плеть Таши,9.400000,5.000000
17,Харизма,adult-bronze-dragon,15,Психическая плеть Таши,9.125000,5.000000
17,Харизма,adult-copper-dragon,14,Психическая плеть Таши,8.850000,5.000000
17,Харизма,adult-gold-dragon,17,Психическая плеть Таши,9.125000,5.000000
17,Харизма,adult-green-dragon,15,Психическая плеть Таши,8.850000,5.000000
17,Харизма,adult-red-dragon,17,Психическая плеть Таши,9.125000,5.000000
17,Харизма,adult-silver-dragon,16,Психическая плеть Таши,9.125000,5.000000
17,Харизма,adult-white-dragon,13,Психическая плеть Таши,10.225000,5.000000
17,Харизма,ancient-black-dragon,21,Психическая плеть Таши,9.125000,5.000000
17,Харизма,ancient-blue-dragon,23,Психическая плеть Таши,8.850000,5.000000
17,Харизма,ancient-brass-dragon,20,Психическая плеть Таши,9.125000,5.000000
17,Харизма,ancient-bronze-dragon,22,Психическая плеть Таши,8.850000,5.000000
17,Харизма,ancient-copper-dragon,21,Психическая плеть Таши,8.575000,5.000000
17,Харизма,ancient-gold-dragon,24,Психическая плеть Таши,8.850000,5.000000
17,Харизма,ancient-green-dragon,22,Психическая плеть Таши,8.575000,5.000000
17,Харизма,ancient-red-dragon,24,Психическая плеть Таши,8.850000,5.000000
17,Харизма,ancient-silver-dragon,23,Психическая плеть Таши,8.850000,5.000000
17,Харизма,ancient-white-dragon,20,Психическая плеть Таши,9.950000,5.000000
17,Харизма,androsphinx,17,Психическая плеть Таши,0.000000,0.000000
17,Харизма,archmage,12,Психическая плеть Таши,6.113750,6.113750
17,Харизма,balor,19,Психическая плеть Таши,7.323750,7.323750
17,Харизма,dragon-turtle,17,Психическая плеть Таши,9.950000,9.950000
17,Харизма,erinyes,12,Психическая плеть Таши,8.520000,8.520000
17,Харизма,ice-devil,14,Психическая плеть Таши,7.695000,7.695000
17,Харизма,iron-golem,16,Психическая плеть Таши,0.000000,0.000000
17,Харизма,kraken,23,Психическая плеть Таши,6.375000,6.375000
17,Харизма,lich,21,Психическая плеть Таши,6.650000,5.000000
17,Харизма,marilith,16,Психическая плеть Таши,7.695000,7.695000
17,Харизма,mummy-lord,15,Психическая плеть Таши,7.323750,7.323750
17,Харизма,nalfeshnee,13,Психическая плеть Таши,6.113750,6.113750
17,Харизма,pit-fiend,20,Психическая плеть Таши,6.980000,6.980000
17,Харизма,planetar,16,Психическая плеть Таши,7.695000,7.695000
17,Харизма,purple-worm,15,Психическая плеть Таши,10.500000,10.500000
17,Харизма,rakshasa,13,Психическая плеть Таши,0.000000,0.000000
17,Харизма,solar,21,Психическая плеть Таши,5.220000,5.220000
17,Харизма,storm-giant,13,Психическая плеть Таши,9.125000,9.125000
17,Харизма,vampire-vampire,13,Психическая плеть Таши,9.125000,5.000000
17,Харизма,vampire-bat,13,Психическая плеть Таши,9.125000,5.000000
17,Харизма,vampire-mist,13,Психическая плеть Таши,9.125000,5.000000
17,Харизма,adult-black-dragon,14,Псионический заряд,17.325000,11.000000
17,Харизма,adult-blue-dragon,16,Псионический заряд,18.475000,11.000000
17,Харизма,adult-brass-dragon,13,Псионический заряд,18.475000,11.000000
17,Харизма,adult-bronze-dragon,15,Псионический заряд,18.475000,11.000000
17,Харизма,adult-copper-dragon,14,Псионический заряд,17.900000,11.000000
17,Харизма,adult-gold-dragon,17,Псионический заряд,16.750000,11.000000
17,Харизма,adult-green-dragon,15,Псионический заряд,17.900000,11.000000
17,Харизма,adult-red-dragon,17,Псионический заряд,17.900000,11.000000
17,Харизма,adult-silver-dragon,16,Псионический заряд,18.475000,11.000000
17,Харизма,adult-white-dragon,13,Псионический заряд,18.475000,11.000000
17,Харизма,ancient-black-dragon,21,Псионический заряд,16.175000,11.000000
17,Харизма,ancient-blue-dragon,23,Псионический заряд,17.325000,11.000000
17,Харизма,ancient-brass-dragon,20,Псионический заряд,17.900000,11.000000
17,Харизма,ancient-bronze-dragon,22,Псионический заряд,17.325000,11.000000
17,Харизма,ancient-copper-dragon,21,Псионический заряд,16.750000,11.000000
17,Харизма,ancient-gold-dragon,24,Псионический заряд,16.175000,11.000000
17,Харизма,ancient-green-dragon,22,Псионический заряд,16.750000,11.000000
17,Харизма,ancient-red-dragon,24,Псионический заряд,17.325000,11.000000
17,Харизма,ancient-silver-dragon,23,Псионический заряд,17.325000,11.000000
17,Харизма,ancient-white-dragon,20,Псионический заряд,17.900000,11.000000
17,Харизма,androsphinx,17,Псионический заряд,17.900000,17.900000
17,Харизма,archmage,12,Псионический заряд,18.360000,18.360000
17,Харизма,balor,19,Псионический заряд,18.360000,18.360000
17,Харизма,dragon-turtle,17,Псионический заряд,17.900000,17.900000
17,Харизма,erinyes,12,Псионический заряд,14.478750,14.478750
17,Харизма,ice-devil,14,Псионический заряд,14.478750,14.478750
17,Харизма,iron-golem,16,Псионический заряд,21.378750,21.378750
17,Харизма,kraken,23,Псионический заряд,17.325000,17.325000
17,Харизма,lich,21,Псионический заряд,19.625000,11.000000
17,Харизма,marilith,16,Псионический заряд,15.858750,15.858750
17,Харизма,mummy-lord,15,Псионический заряд,20.315000,20.315000
17,Харизма,nalfeshnee,13,Псионический заряд,20.315000,20.315000
17,Харизма,pit-fiend,20,Псионический заряд,13.875000,13.875000
17,Харизма,planetar,16,Псионический заряд,15.858750,15.858750
17,Харизма,purple-worm,15,Псионический заряд,22.500000,22.500000
17,Харизма,rakshasa,13,Псионический заряд,0.000000,0.000000
17,Харизма,solar,21,Псионический заряд,15.140000,15.140000
17,Харизма,storm-giant,13,Псионический заряд,20.200000,20.200000
17,Харизма,vampire-vampire,13,Псионический заряд,16.175000,11.000000
17,Харизма,vampire-bat,13,Псионический заряд,16.175000,11.000000
17,Харизма,vampire-mist,13,Псионический заряд,16.175000,11.000000
17,Харизма,adult-black-dragon,14,Застывшие лезвия: одно срабатывание,17.212500,10.750000
17,Харизма,adult-blue-dragon,16,Застывшие лезвия: одно срабатывание,18.387500,10.750000
17,Харизма,adult-brass-dragon,13,Застывшие лезвия: одно срабатывание,18.387500,10.750000
17,Харизма,adult-bronze-dragon,15,Застывшие лезвия: одно срабатывание,18.387500,10.750000
17,Харизма,adult-copper-dragon,14,Застывшие лезвия: одно срабатывание,17.800000,10.750000
17,Харизма,adult-gold-dragon,17,Застывшие лезвия: одно срабатывание,16.625000,10.750000
17,Харизма,adult-green-dragon,15,Застывшие лезвия: одно срабатывание,17.800000,10.750000
17,Харизма,adult-red-dragon,17,Застывшие лезвия: одно срабатывание,17.800000,10.750000
17,Харизма,adult-silver-dragon,16,Застывшие лезвия: одно срабатывание,5.687500,3.250000
17,Харизма,adult-white-dragon,13,Застывшие лезвия: одно срабатывание,5.687500,3.250000
17,Харизма,ancient-black-dragon,21,Застывшие лезвия: одно срабатывание,16.037500,10.750000
17,Харизма,ancient-blue-dragon,23,Застывшие лезвия: одно срабатывание,17.212500,10.750000
17,Харизма,ancient-brass-dragon,20,Застывшие лезвия: одно срабатывание,17.800000,10.750000
17,Харизма,ancient-bronze-dragon,22,Застывшие лезвия: одно срабатывание,17.212500,10.750000
17,Харизма,ancient-copper-dragon,21,Застывшие лезвия: одно срабатывание,16.625000,10.750000
17,Харизма,ancient-gold-dragon,24,Застывшие лезвия: одно срабатывание,16.037500,10.750000
17,Харизма,ancient-green-dragon,22,Застывшие лезвия: одно срабатывание,16.625000,10.750000
17,Харизма,ancient-red-dragon,24,Застывшие лезвия: одно срабатывание,17.212500,10.750000
17,Харизма,ancient-silver-dragon,23,Застывшие лезвия: одно срабатывание,5.312500,3.250000
17,Харизма,ancient-white-dragon,20,Застывшие лезвия: одно срабатывание,5.500000,3.250000
17,Харизма,androsphinx,17,Застывшие лезвия: одно срабатывание,17.800000,17.800000
17,Харизма,archmage,12,Застывшие лезвия: одно срабатывание,18.270000,18.270000
17,Харизма,balor,19,Застывшие лезвия: одно срабатывание,11.710000,11.710000
17,Харизма,dragon-turtle,17,Застывшие лезвия: одно срабатывание,17.800000,17.800000
17,Харизма,erinyes,12,Застывшие лезвия: одно срабатывание,9.094375,9.094375
17,Харизма,ice-devil,14,Застывшие лезвия: одно срабатывание,14.304375,14.304375
17,Харизма,iron-golem,16,Застывшие лезвия: одно срабатывание,21.354375,21.354375
17,Харизма,kraken,23,Застывшие лезвия: одно срабатывание,17.212500,17.212500
17,Харизма,lich,21,Застывшие лезвия: одно срабатывание,12.562500,6.750000
17,Харизма,marilith,16,Застывшие лезвия: одно срабатывание,10.024375,10.024375
17,Харизма,mummy-lord,15,Застывшие лезвия: одно срабатывание,20.267500,20.267500
17,Харизма,nalfeshnee,13,Застывшие лезвия: одно срабатывание,13.027500,13.027500
17,Харизма,pit-fiend,20,Застывшие лезвия: одно срабатывание,8.687500,8.687500
17,Харизма,planetar,16,Застывшие лезвия: одно срабатывание,15.714375,15.714375
17,Харизма,purple-worm,15,Застывшие лезвия: одно срабатывание,22.500000,22.500000
17,Харизма,rakshasa,13,Застывшие лезвия: одно срабатывание,0.000000,0.000000
17,Харизма,solar,21,Застывшие лезвия: одно срабатывание,14.980000,14.980000
17,Харизма,storm-giant,13,Застывшие лезвия: одно срабатывание,12.950000,12.950000
17,Харизма,vampire-vampire,13,Застывшие лезвия: одно срабатывание,16.037500,10.750000
17,Харизма,vampire-bat,13,Застывшие лезвия: одно срабатывание,16.037500,10.750000
17,Харизма,vampire-mist,13,Застывшие лезвия: одно срабатывание,16.037500,10.750000
17,Харизма,adult-black-dragon,14,"Огненный шар: альтернатива, не выбор игрока",21.587500,13.750000
17,Харизма,adult-blue-dragon,16,"Огненный шар: альтернатива, не выбор игрока",23.012500,13.750000
17,Харизма,adult-brass-dragon,13,"Огненный шар: альтернатива, не выбор игрока",0.000000,0.000000
17,Харизма,adult-bronze-dragon,15,"Огненный шар: альтернатива, не выбор игрока",23.012500,13.750000
17,Харизма,adult-copper-dragon,14,"Огненный шар: альтернатива, не выбор игрока",22.300000,13.750000
17,Харизма,adult-gold-dragon,17,"Огненный шар: альтернатива, не выбор игрока",0.000000,0.000000
17,Харизма,adult-green-dragon,15,"Огненный шар: альтернатива, не выбор игрока",22.300000,13.750000
17,Харизма,adult-red-dragon,17,"Огненный шар: альтернатива, не выбор игрока",0.000000,0.000000
17,Харизма,adult-silver-dragon,16,"Огненный шар: альтернатива, не выбор игрока",23.012500,13.750000
17,Харизма,adult-white-dragon,13,"Огненный шар: альтернатива, не выбор игрока",23.012500,13.750000
17,Харизма,ancient-black-dragon,21,"Огненный шар: альтернатива, не выбор игрока",20.162500,13.750000
17,Харизма,ancient-blue-dragon,23,"Огненный шар: альтернатива, не выбор игрока",21.587500,13.750000
17,Харизма,ancient-brass-dragon,20,"Огненный шар: альтернатива, не выбор игрока",0.000000,0.000000
17,Харизма,ancient-bronze-dragon,22,"Огненный шар: альтернатива, не выбор игрока",21.587500,13.750000
17,Харизма,ancient-copper-dragon,21,"Огненный шар: альтернатива, не выбор игрока",20.875000,13.750000
17,Харизма,ancient-gold-dragon,24,"Огненный шар: альтернатива, не выбор игрока",0.000000,0.000000
17,Харизма,ancient-green-dragon,22,"Огненный шар: альтернатива, не выбор игрока",20.875000,13.750000
17,Харизма,ancient-red-dragon,24,"Огненный шар: альтернатива, не выбор игрока",0.000000,0.000000
17,Харизма,ancient-silver-dragon,23,"Огненный шар: альтернатива, не выбор игрока",21.587500,13.750000
17,Харизма,ancient-white-dragon,20,"Огненный шар: альтернатива, не выбор игрока",22.300000,13.750000
17,Харизма,androsphinx,17,"Огненный шар: альтернатива, не выбор игрока",22.300000,22.300000
17,Харизма,archmage,12,"Огненный шар: альтернатива, не выбор игрока",22.870000,22.870000
17,Харизма,balor,19,"Огненный шар: альтернатива, не выбор игрока",0.000000,0.000000
17,Харизма,dragon-turtle,17,"Огненный шар: альтернатива, не выбор игрока",10.900001,10.900001
17,Харизма,erinyes,12,"Огненный шар: альтернатива, не выбор игрока",0.000000,0.000000
17,Харизма,ice-devil,14,"Огненный шар: альтернатива, не выбор игрока",0.000000,0.000000
17,Харизма,iron-golem,16,"Огненный шар: альтернатива, не выбор игрока",0.000000,0.000000
17,Харизма,kraken,23,"Огненный шар: альтернатива, не выбор игрока",21.587500,21.587500
17,Харизма,lich,21,"Огненный шар: альтернатива, не выбор игрока",24.437500,13.750000
17,Харизма,marilith,16,"Огненный шар: альтернатива, не выбор игрока",9.635314,9.635314
17,Харизма,mummy-lord,15,"Огненный шар: альтернатива, не выбор игрока",50.585000,50.585000
17,Харизма,nalfeshnee,13,"Огненный шар: альтернатива, не выбор игрока",12.396250,12.396250
17,Харизма,pit-fiend,20,"Огненный шар: альтернатива, не выбор игрока",0.000000,0.000000
17,Харизма,planetar,16,"Огненный шар: альтернатива, не выбор игрока",19.770625,19.770625
17,Харизма,purple-worm,15,"Огненный шар: альтернатива, не выбор игрока",28.000000,28.000000
17,Харизма,rakshasa,13,"Огненный шар: альтернатива, не выбор игрока",0.000000,0.000000
17,Харизма,solar,21,"Огненный шар: альтернатива, не выбор игрока",18.880000,18.880000
17,Харизма,storm-giant,13,"Огненный шар: альтернатива, не выбор игрока",25.150000,25.150000
17,Харизма,vampire-vampire,13,"Огненный шар: альтернатива, не выбор игрока",20.162500,13.750000
17,Харизма,vampire-bat,13,"Огненный шар: альтернатива, не выбор игрока",20.162500,13.750000
17,Харизма,vampire-mist,13,"Огненный шар: альтернатива, не выбор игрока",20.162500,13.750000
17,Харизма,adult-black-dragon,14,Мистическое копьё Раулотима,22.000000,12.000000
17,Харизма,adult-blue-dragon,16,Мистическое копьё Раулотима,21.375000,12.000000
17,Харизма,adult-brass-dragon,13,Мистическое копьё Раулотима,22.000000,12.000000
17,Харизма,adult-bronze-dragon,15,Мистическое копьё Раулотима,21.375000,12.000000
17,Харизма,adult-copper-dragon,14,Мистическое копьё Раулотима,20.750000,12.000000
17,Харизма,adult-gold-dragon,17,Мистическое копьё Раулотима,21.375000,12.000000
17,Харизма,adult-green-dragon,15,Мистическое копьё Раулотима,20.750000,12.000000
17,Харизма,adult-red-dragon,17,Мистическое копьё Раулотима,21.375000,12.000000
17,Харизма,adult-silver-dragon,16,Мистическое копьё Раулотима,21.375000,12.000000
17,Харизма,adult-white-dragon,13,Мистическое копьё Раулотима,23.875000,12.000000
17,Харизма,ancient-black-dragon,21,Мистическое копьё Раулотима,21.375000,12.000000
17,Харизма,ancient-blue-dragon,23,Мистическое копьё Раулотима,20.750000,12.000000
17,Харизма,ancient-brass-dragon,20,Мистическое копьё Раулотима,21.375000,12.000000
17,Харизма,ancient-bronze-dragon,22,Мистическое копьё Раулотима,20.750000,12.000000
17,Харизма,ancient-copper-dragon,21,Мистическое копьё Раулотима,20.125000,12.000000
17,Харизма,ancient-gold-dragon,24,Мистическое копьё Раулотима,20.750000,12.000000
17,Харизма,ancient-green-dragon,22,Мистическое копьё Раулотима,20.125000,12.000000
17,Харизма,ancient-red-dragon,24,Мистическое копьё Раулотима,20.750000,12.000000
17,Харизма,ancient-silver-dragon,23,Мистическое копьё Раулотима,20.750000,12.000000
17,Харизма,ancient-white-dragon,20,Мистическое копьё Раулотима,23.250000,12.000000
17,Харизма,androsphinx,17,Мистическое копьё Раулотима,0.000000,0.000000
17,Харизма,archmage,12,Мистическое копьё Раулотима,14.531250,14.531250
17,Харизма,balor,19,Мистическое копьё Раулотима,17.281250,17.281250
17,Харизма,dragon-turtle,17,Мистическое копьё Раулотима,23.250000,23.250000
17,Харизма,erinyes,12,Мистическое копьё Раулотима,20.000000,20.000000
17,Харизма,ice-devil,14,Мистическое копьё Раулотима,18.125000,18.125000
17,Харизма,iron-golem,16,Мистическое копьё Раулотима,0.000000,0.000000
17,Харизма,kraken,23,Мистическое копьё Раулотима,15.125000,15.125000
17,Харизма,lich,21,Мистическое копьё Раулотима,15.750000,12.000000
17,Харизма,marilith,16,Мистическое копьё Раулотима,18.125000,18.125000
17,Харизма,mummy-lord,15,Мистическое копьё Раулотима,17.281250,17.281250
17,Харизма,nalfeshnee,13,Мистическое копьё Раулотима,14.531250,14.531250
17,Харизма,pit-fiend,20,Мистическое копьё Раулотима,16.500000,16.500000
17,Харизма,planetar,16,Мистическое копьё Раулотима,18.125000,18.125000
17,Харизма,purple-worm,15,Мистическое копьё Раулотима,24.500000,24.500000
17,Харизма,rakshasa,13,Мистическое копьё Раулотима,0.000000,0.000000
17,Харизма,solar,21,Мистическое копьё Раулотима,12.500000,12.500000
17,Харизма,storm-giant,13,Мистическое копьё Раулотима,21.375000,21.375000
17,Харизма,vampire-vampire,13,Мистическое копьё Раулотима,21.375000,12.000000
17,Харизма,vampire-bat,13,Мистическое копьё Раулотима,21.375000,12.000000
17,Харизма,vampire-mist,13,Мистическое копьё Раулотима,21.375000,12.000000
17,Харизма,adult-black-dragon,14,Ледяная буря: дар IV,21.475000,13.500000
17,Харизма,adult-blue-dragon,16,Ледяная буря: дар IV,22.925000,13.500000
17,Харизма,adult-brass-dragon,13,Ледяная буря: дар IV,22.925000,13.500000
17,Харизма,adult-bronze-dragon,15,Ледяная буря: дар IV,22.925000,13.500000
17,Харизма,adult-copper-dragon,14,Ледяная буря: дар IV,22.200000,13.500000
17,Харизма,adult-gold-dragon,17,Ледяная буря: дар IV,20.750000,13.500000
17,Харизма,adult-green-dragon,15,Ледяная буря: дар IV,22.200000,13.500000
17,Харизма,adult-red-dragon,17,Ледяная буря: дар IV,22.200000,13.500000
17,Харизма,adult-silver-dragon,16,Ледяная буря: дар IV,7.337500,4.250000
17,Харизма,adult-white-dragon,13,Ледяная буря: дар IV,7.337500,4.250000
17,Харизма,ancient-black-dragon,21,Ледяная буря: дар IV,20.025000,13.500000
17,Харизма,ancient-blue-dragon,23,Ледяная буря: дар IV,21.475000,13.500000
17,Харизма,ancient-brass-dragon,20,Ледяная буря: дар IV,22.200000,13.500000
17,Харизма,ancient-bronze-dragon,22,Ледяная буря: дар IV,21.475000,13.500000
17,Харизма,ancient-copper-dragon,21,Ледяная буря: дар IV,20.750000,13.500000
17,Харизма,ancient-gold-dragon,24,Ледяная буря: дар IV,20.025000,13.500000
17,Харизма,ancient-green-dragon,22,Ледяная буря: дар IV,20.750000,13.500000
17,Харизма,ancient-red-dragon,24,Ледяная буря: дар IV,21.475000,13.500000
17,Харизма,ancient-silver-dragon,23,Ледяная буря: дар IV,6.862500,4.250000
17,Харизма,ancient-white-dragon,20,Ледяная буря: дар IV,7.100000,4.250000
17,Харизма,androsphinx,17,Ледяная буря: дар IV,22.200000,22.200000
17,Харизма,archmage,12,Ледяная буря: дар IV,22.780000,22.780000
17,Харизма,balor,19,Ледяная буря: дар IV,14.784722,14.784722
17,Харизма,dragon-turtle,17,Ледяная буря: дар IV,22.200000,22.200000
17,Харизма,erinyes,12,Ледяная буря: дар IV,11.536024,11.536024
17,Харизма,ice-devil,14,Ледяная буря: дар IV,17.886250,17.886250
17,Харизма,iron-golem,16,Ледяная буря: дар IV,26.586250,26.586250
17,Харизма,kraken,23,Ледяная буря: дар IV,21.475000,21.475000
17,Харизма,lich,21,Ледяная буря: дар IV,15.843557,8.624228
17,Харизма,marilith,16,Ледяная буря: дар IV,12.691117,12.691117
17,Харизма,mummy-lord,15,Ледяная буря: дар IV,25.245000,25.245000
17,Харизма,nalfeshnee,13,Ледяная буря: дар IV,16.421103,16.421103
17,Харизма,pit-fiend,20,Ледяная буря: дар IV,11.030671,11.030671
17,Харизма,planetar,16,Ледяная буря: дар IV,19.626250,19.626250
17,Харизма,purple-worm,15,Ледяная буря: дар IV,28.000000,28.000000
17,Харизма,rakshasa,13,Ледяная буря: дар IV,0.000000,0.000000
17,Харизма,solar,21,Ледяная буря: дар IV,18.720000,18.720000
17,Харизма,storm-giant,13,Ледяная буря: дар IV,16.324846,16.324846
17,Харизма,vampire-vampire,13,Ледяная буря: дар IV,20.025000,13.500000
17,Харизма,vampire-bat,13,Ледяная буря: дар IV,20.025000,13.500000
17,Харизма,vampire-mist,13,Ледяная буря: дар IV,20.025000,13.500000
17,Харизма,adult-black-dragon,14,Болезненное сияние: один контакт,8.800000,0.000000
17,Харизма,adult-blue-dragon,16,Болезненное сияние: один контакт,7.700000,0.000000
17,Харизма,adult-brass-dragon,13,Болезненное сияние: один контакт,8.800000,0.000000
17,Харизма,adult-bronze-dragon,15,Болезненное сияние: один контакт,7.700000,0.000000
17,Харизма,adult-copper-dragon,14,Болезненное сияние: один контакт,8.800000,0.000000
17,Харизма,adult-gold-dragon,17,Болезненное сияние: один контакт,5.500000,0.000000
17,Харизма,adult-green-dragon,15,Болезненное сияние: один контакт,8.800000,0.000000
17,Харизма,adult-red-dragon,17,Болезненное сияние: один контакт,5.500000,0.000000
17,Харизма,adult-silver-dragon,16,Болезненное сияние: один контакт,6.600000,0.000000
17,Харизма,adult-white-dragon,13,Болезненное сияние: один контакт,7.700000,0.000000
17,Харизма,ancient-black-dragon,21,Болезненное сияние: один контакт,4.400000,0.000000
17,Харизма,ancient-blue-dragon,23,Болезненное сияние: один контакт,3.300000,0.000000
17,Харизма,ancient-brass-dragon,20,Болезненное сияние: один контакт,5.500000,0.000000
17,Харизма,ancient-bronze-dragon,22,Болезненное сияние: один контакт,3.300000,0.000000
17,Харизма,ancient-copper-dragon,21,Болезненное сияние: один контакт,4.400000,0.000000
17,Харизма,ancient-gold-dragon,24,Болезненное сияние: один контакт,2.200000,0.000000
17,Харизма,ancient-green-dragon,22,Болезненное сияние: один контакт,4.400000,0.000000
17,Харизма,ancient-red-dragon,24,Болезненное сияние: один контакт,2.200000,0.000000
17,Харизма,ancient-silver-dragon,23,Болезненное сияние: один контакт,2.200000,0.000000
17,Харизма,ancient-white-dragon,20,Болезненное сияние: один контакт,4.400000,0.000000
17,Харизма,androsphinx,17,Болезненное сияние: один контакт,7.700000,7.700000
17,Харизма,archmage,12,Болезненное сияние: один контакт,15.895000,15.895000
17,Харизма,balor,19,Болезненное сияние: один контакт,1.980000,1.980000
17,Харизма,dragon-turtle,17,Болезненное сияние: один контакт,7.700000,7.700000
17,Харизма,erinyes,12,Болезненное сияние: один контакт,5.500000,5.500000
17,Харизма,ice-devil,14,Болезненное сияние: один контакт,4.455000,4.455000
17,Харизма,iron-golem,16,Болезненное сияние: один контакт,9.295000,9.295000
17,Харизма,kraken,23,Болезненное сияние: один контакт,4.400000,4.400000
17,Харизма,lich,21,Болезненное сияние: один контакт,8.800000,0.000000
17,Харизма,marilith,16,Болезненное сияние: один контакт,3.520000,3.520000
17,Харизма,mummy-lord,15,Болезненное сияние: один контакт,5.500000,5.500000
17,Харизма,nalfeshnee,13,Болезненное сияние: один контакт,2.695000,2.695000
17,Харизма,pit-fiend,20,Болезненное сияние: один контакт,1.375000,1.375000
17,Харизма,planetar,16,Болезненное сияние: один контакт,0.967500,0.967500
17,Харизма,purple-worm,15,Болезненное сияние: один контакт,7.700000,7.700000
17,Харизма,rakshasa,13,Болезненное сияние: один контакт,0.000000,0.000000
17,Харизма,solar,21,Болезненное сияние: один контакт,2.687500,2.687500
17,Харизма,storm-giant,13,Болезненное сияние: один контакт,8.800000,8.800000
17,Харизма,vampire-vampire,13,Болезненное сияние: один контакт,15.400000,0.000000
17,Харизма,vampire-bat,13,Болезненное сияние: один контакт,15.400000,0.000000
17,Харизма,vampire-mist,13,Болезненное сияние: один контакт,15.400000,0.000000
17,Харизма,adult-black-dragon,14,Конус холода,28.550000,20.250000
17,Харизма,adult-blue-dragon,16,Конус холода,27.512500,20.250000
17,Харизма,adult-brass-dragon,13,Конус холода,28.550000,20.250000
17,Харизма,adult-bronze-dragon,15,Конус холода,27.512500,20.250000
17,Харизма,adult-copper-dragon,14,Конус холода,28.550000,20.250000
17,Харизма,adult-gold-dragon,17,Конус холода,25.437500,20.250000
17,Харизма,adult-green-dragon,15,Конус холода,28.550000,20.250000
17,Харизма,adult-red-dragon,17,Конус холода,25.437500,20.250000
17,Харизма,adult-silver-dragon,16,Конус холода,0.000000,0.000000
17,Харизма,adult-white-dragon,13,Конус холода,0.000000,0.000000
17,Харизма,ancient-black-dragon,21,Конус холода,24.400000,20.250000
17,Харизма,ancient-blue-dragon,23,Конус холода,23.362500,20.250000
17,Харизма,ancient-brass-dragon,20,Конус холода,25.437500,20.250000
17,Харизма,ancient-bronze-dragon,22,Конус холода,23.362500,20.250000
17,Харизма,ancient-copper-dragon,21,Конус холода,24.400000,20.250000
17,Харизма,ancient-gold-dragon,24,Конус холода,22.325000,20.250000
17,Харизма,ancient-green-dragon,22,Конус холода,24.400000,20.250000
17,Харизма,ancient-red-dragon,24,Конус холода,22.325000,20.250000
17,Харизма,ancient-silver-dragon,23,Конус холода,0.000000,0.000000
17,Харизма,ancient-white-dragon,20,Конус холода,0.000000,0.000000
17,Харизма,androsphinx,17,Конус холода,27.512500,27.512500
17,Харизма,archmage,12,Конус холода,35.241875,35.241875
17,Харизма,balor,19,Конус холода,10.808750,10.808750
17,Харизма,dragon-turtle,17,Конус холода,27.512500,27.512500
17,Харизма,erinyes,12,Конус холода,12.468750,12.468750
17,Харизма,ice-devil,14,Конус холода,24.451875,24.451875
17,Харизма,iron-golem,16,Конус холода,29.016875,29.016875
17,Харизма,kraken,23,Конус холода,24.400000,24.400000
17,Харизма,lich,21,Конус холода,14.025000,9.875000
17,Харизма,marilith,16,Конус холода,11.535000,11.535000
17,Харизма,mummy-lord,15,Конус холода,25.437500,25.437500
17,Харизма,nalfeshnee,13,Конус холода,11.145937,11.145937
17,Харизма,pit-fiend,20,Конус холода,10.523438,10.523438
17,Харизма,planetar,16,Конус холода,22.117500,22.117500
17,Харизма,purple-worm,15,Конус холода,27.512500,27.512500
17,Харизма,rakshasa,13,Конус холода,0.000000,0.000000
17,Харизма,solar,21,Конус холода,25.437500,25.437500
17,Харизма,storm-giant,13,Конус холода,14.025000,14.025000
17,Харизма,vampire-vampire,13,Конус холода,34.775000,20.250000
17,Харизма,vampire-bat,13,Конус холода,34.775000,20.250000
17,Харизма,vampire-mist,13,Конус холода,34.775000,20.250000
17,Харизма,adult-black-dragon,14,Синаптический заряд,25.150000,13.750000
17,Харизма,adult-blue-dragon,16,Синаптический заряд,24.437500,13.750000
17,Харизма,adult-brass-dragon,13,Синаптический заряд,25.150000,13.750000
17,Харизма,adult-bronze-dragon,15,Синаптический заряд,24.437500,13.750000
17,Харизма,adult-copper-dragon,14,Синаптический заряд,23.725000,13.750000
17,Харизма,adult-gold-dragon,17,Синаптический заряд,24.437500,13.750000
17,Харизма,adult-green-dragon,15,Синаптический заряд,23.725000,13.750000
17,Харизма,adult-red-dragon,17,Синаптический заряд,24.437500,13.750000
17,Харизма,adult-silver-dragon,16,Синаптический заряд,24.437500,13.750000
17,Харизма,adult-white-dragon,13,Синаптический заряд,27.287500,13.750000
17,Харизма,ancient-black-dragon,21,Синаптический заряд,24.437500,13.750000
17,Харизма,ancient-blue-dragon,23,Синаптический заряд,23.725000,13.750000
17,Харизма,ancient-brass-dragon,20,Синаптический заряд,24.437500,13.750000
17,Харизма,ancient-bronze-dragon,22,Синаптический заряд,23.725000,13.750000
17,Харизма,ancient-copper-dragon,21,Синаптический заряд,23.012500,13.750000
17,Харизма,ancient-gold-dragon,24,Синаптический заряд,23.725000,13.750000
17,Харизма,ancient-green-dragon,22,Синаптический заряд,23.012500,13.750000
17,Харизма,ancient-red-dragon,24,Синаптический заряд,23.725000,13.750000
17,Харизма,ancient-silver-dragon,23,Синаптический заряд,23.725000,13.750000
17,Харизма,ancient-white-dragon,20,Синаптический заряд,26.575000,13.750000
17,Харизма,androsphinx,17,Синаптический заряд,0.000000,0.000000
17,Харизма,archmage,12,Синаптический заряд,16.635625,16.635625
17,Харизма,balor,19,Синаптический заряд,19.770625,19.770625
17,Харизма,dragon-turtle,17,Синаптический заряд,26.575000,26.575000
17,Харизма,erinyes,12,Синаптический заряд,22.870000,22.870000
17,Харизма,ice-devil,14,Синаптический заряд,20.732500,20.732500
17,Харизма,iron-golem,16,Синаптический заряд,0.000000,0.000000
17,Харизма,kraken,23,Синаптический заряд,17.312500,17.312500
17,Харизма,lich,21,Синаптический заряд,18.025000,13.750000
17,Харизма,marilith,16,Синаптический заряд,20.732500,20.732500
17,Харизма,mummy-lord,15,Синаптический заряд,19.770625,19.770625
17,Харизма,nalfeshnee,13,Синаптический заряд,16.635625,16.635625
17,Харизма,pit-fiend,20,Синаптический заряд,18.880000,18.880000
17,Харизма,planetar,16,Синаптический заряд,20.732500,20.732500
17,Харизма,purple-worm,15,Синаптический заряд,0.000000,0.000000
17,Харизма,rakshasa,13,Синаптический заряд,0.000000,0.000000
17,Харизма,solar,21,Синаптический заряд,14.320000,14.320000
17,Харизма,storm-giant,13,Синаптический заряд,24.437500,24.437500
17,Харизма,vampire-vampire,13,Синаптический заряд,24.437500,13.750000
17,Харизма,vampire-bat,13,Синаптический заряд,24.437500,13.750000
17,Харизма,vampire-mist,13,Синаптический заряд,24.437500,13.750000
17,Харизма,adult-black-dragon,14,Ледяная сфера Отилюка,27.850000,19.750000
17,Харизма,adult-blue-dragon,16,Ледяная сфера Отилюка,26.837500,19.750000
17,Харизма,adult-brass-dragon,13,Ледяная сфера Отилюка,27.850000,19.750000
17,Харизма,adult-bronze-dragon,15,Ледяная сфера Отилюка,26.837500,19.750000
17,Харизма,adult-copper-dragon,14,Ледяная сфера Отилюка,27.850000,19.750000
17,Харизма,adult-gold-dragon,17,Ледяная сфера Отилюка,24.812500,19.750000
17,Харизма,adult-green-dragon,15,Ледяная сфера Отилюка,27.850000,19.750000
17,Харизма,adult-red-dragon,17,Ледяная сфера Отилюка,24.812500,19.750000
17,Харизма,adult-silver-dragon,16,Ледяная сфера Отилюка,0.000000,0.000000
17,Харизма,adult-white-dragon,13,Ледяная сфера Отилюка,0.000000,0.000000
17,Харизма,ancient-black-dragon,21,Ледяная сфера Отилюка,23.800000,19.750000
17,Харизма,ancient-blue-dragon,23,Ледяная сфера Отилюка,22.787500,19.750000
17,Харизма,ancient-brass-dragon,20,Ледяная сфера Отилюка,24.812500,19.750000
17,Харизма,ancient-bronze-dragon,22,Ледяная сфера Отилюка,22.787500,19.750000
17,Харизма,ancient-copper-dragon,21,Ледяная сфера Отилюка,23.800000,19.750000
17,Харизма,ancient-gold-dragon,24,Ледяная сфера Отилюка,21.775000,19.750000
17,Харизма,ancient-green-dragon,22,Ледяная сфера Отилюка,23.800000,19.750000
17,Харизма,ancient-red-dragon,24,Ледяная сфера Отилюка,21.775000,19.750000
17,Харизма,ancient-silver-dragon,23,Ледяная сфера Отилюка,0.000000,0.000000
17,Харизма,ancient-white-dragon,20,Ледяная сфера Отилюка,0.000000,0.000000
17,Харизма,androsphinx,17,Ледяная сфера Отилюка,26.837500,26.837500
17,Харизма,archmage,12,Ледяная сфера Отилюка,34.380625,34.380625
17,Харизма,balor,19,Ледяная сфера Отилюка,10.536250,10.536250
17,Харизма,dragon-turtle,17,Ледяная сфера Отилюка,26.837500,26.837500
17,Харизма,erinyes,12,Ледяная сфера Отилюка,12.156250,12.156250
17,Харизма,ice-devil,14,Ледяная сфера Отилюка,23.850625,23.850625
17,Харизма,iron-golem,16,Ледяная сфера Отилюка,28.305625,28.305625
17,Харизма,kraken,23,Ледяная сфера Отилюка,23.800000,23.800000
17,Харизма,lich,21,Ледяная сфера Отилюка,13.675000,9.625000
17,Харизма,marilith,16,Ледяная сфера Отилюка,11.245000,11.245000
17,Харизма,mummy-lord,15,Ледяная сфера Отилюка,24.812500,24.812500
17,Харизма,nalfeshnee,13,Ледяная сфера Отилюка,10.865313,10.865313
17,Харизма,pit-fiend,20,Ледяная сфера Отилюка,10.257813,10.257813
17,Харизма,planetar,16,Ледяная сфера Отилюка,21.572500,21.572500
17,Харизма,purple-worm,15,Ледяная сфера Отилюка,26.837500,26.837500
17,Харизма,rakshasa,13,Ледяная сфера Отилюка,0.000000,0.000000
17,Харизма,solar,21,Ледяная сфера Отилюка,24.812500,24.812500
17,Харизма,storm-giant,13,Ледяная сфера Отилюка,13.675000,13.675000
17,Харизма,vampire-vampire,13,Ледяная сфера Отилюка,33.925000,19.750000
17,Харизма,vampire-bat,13,Ледяная сфера Отилюка,33.925000,19.750000
17,Харизма,vampire-mist,13,Ледяная сфера Отилюка,33.925000,19.750000
17,Харизма,adult-black-dragon,14,Цепная молния: дар VI,34.762500,22.250000
17,Харизма,adult-blue-dragon,16,Цепная молния: дар VI,0.000000,0.000000
17,Харизма,adult-brass-dragon,13,Цепная молния: дар VI,37.037500,22.250000
17,Харизма,adult-bronze-dragon,15,Цепная молния: дар VI,0.000000,0.000000
17,Харизма,adult-copper-dragon,14,Цепная молния: дар VI,35.900000,22.250000
17,Харизма,adult-gold-dragon,17,Цепная молния: дар VI,33.625000,22.250000
17,Харизма,adult-green-dragon,15,Цепная молния: дар VI,35.900000,22.250000
17,Харизма,adult-red-dragon,17,Цепная молния: дар VI,35.900000,22.250000
17,Харизма,adult-silver-dragon,16,Цепная молния: дар VI,37.037500,22.250000
17,Харизма,adult-white-dragon,13,Цепная молния: дар VI,37.037500,22.250000
17,Харизма,ancient-black-dragon,21,Цепная молния: дар VI,32.487500,22.250000
17,Харизма,ancient-blue-dragon,23,Цепная молния: дар VI,0.000000,0.000000
17,Харизма,ancient-brass-dragon,20,Цепная молния: дар VI,35.900000,22.250000
17,Харизма,ancient-bronze-dragon,22,Цепная молния: дар VI,0.000000,0.000000
17,Харизма,ancient-copper-dragon,21,Цепная молния: дар VI,33.625000,22.250000
17,Харизма,ancient-gold-dragon,24,Цепная молния: дар VI,32.487500,22.250000
17,Харизма,ancient-green-dragon,22,Цепная молния: дар VI,33.625000,22.250000
17,Харизма,ancient-red-dragon,24,Цепная молния: дар VI,34.762500,22.250000
17,Харизма,ancient-silver-dragon,23,Цепная молния: дар VI,34.762500,22.250000
17,Харизма,ancient-white-dragon,20,Цепная молния: дар VI,35.900000,22.250000
17,Харизма,androsphinx,17,Цепная молния: дар VI,35.900000,35.900000
17,Харизма,archmage,12,Цепная молния: дар VI,36.810000,36.810000
17,Харизма,balor,19,Цепная молния: дар VI,18.155000,18.155000
17,Харизма,dragon-turtle,17,Цепная молния: дар VI,35.900000,35.900000
17,Харизма,erinyes,12,Цепная молния: дар VI,29.131875,29.131875
17,Харизма,ice-devil,14,Цепная молния: дар VI,29.131875,29.131875
17,Харизма,iron-golem,16,Цепная молния: дар VI,42.781875,42.781875
17,Харизма,kraken,23,Цепная молния: дар VI,0.000000,0.000000
17,Харизма,lich,21,Цепная молния: дар VI,19.406250,10.875000
17,Харизма,marilith,16,Цепная молния: дар VI,15.680937,15.680937
17,Харизма,mummy-lord,15,Цепная молния: дар VI,40.677500,40.677500
17,Харизма,nalfeshnee,13,Цепная молния: дар VI,20.088750,20.088750
17,Харизма,pit-fiend,20,Цепная молния: дар VI,27.937500,27.937500
17,Харизма,planetar,16,Цепная молния: дар VI,31.861875,31.861875
17,Харизма,purple-worm,15,Цепная молния: дар VI,45.000000,45.000000
17,Харизма,rakshasa,13,Цепная молния: дар VI,0.000000,0.000000
17,Харизма,solar,21,Цепная молния: дар VI,30.440000,30.440000
17,Харизма,storm-giant,13,Цепная молния: дар VI,0.000000,0.000000
17,Харизма,vampire-vampire,13,Цепная молния: дар VI,32.487500,22.250000
17,Харизма,vampire-bat,13,Цепная молния: дар VI,32.487500,22.250000
17,Харизма,vampire-mist,13,Цепная молния: дар VI,32.487500,22.250000
17,Харизма,adult-black-dragon,14,Звёздная корона: один выстрел,18.200000,18.200000
17,Харизма,adult-blue-dragon,16,Звёздная корона: один выстрел,18.200000,18.200000
17,Харизма,adult-brass-dragon,13,Звёздная корона: один выстрел,19.500000,19.500000
17,Харизма,adult-bronze-dragon,15,Звёздная корона: один выстрел,18.200000,18.200000
17,Харизма,adult-copper-dragon,14,Звёздная корона: один выстрел,19.500000,19.500000
17,Харизма,adult-gold-dragon,17,Звёздная корона: один выстрел,18.200000,18.200000
17,Харизма,adult-green-dragon,15,Звёздная корона: один выстрел,18.200000,18.200000
17,Харизма,adult-red-dragon,17,Звёздная корона: один выстрел,18.200000,18.200000
17,Харизма,adult-silver-dragon,16,Звёздная корона: один выстрел,18.200000,18.200000
17,Харизма,adult-white-dragon,13,Звёздная корона: один выстрел,19.500000,19.500000
17,Харизма,ancient-black-dragon,21,Звёздная корона: один выстрел,14.300000,14.300000
17,Харизма,ancient-blue-dragon,23,Звёздная корона: один выстрел,14.300000,14.300000
17,Харизма,ancient-brass-dragon,20,Звёздная корона: один выстрел,16.900000,16.900000
17,Харизма,ancient-bronze-dragon,22,Звёздная корона: один выстрел,14.300000,14.300000
17,Харизма,ancient-copper-dragon,21,Звёздная корона: один выстрел,15.600000,15.600000
17,Харизма,ancient-gold-dragon,24,Звёздная корона: один выстрел,14.300000,14.300000
17,Харизма,ancient-green-dragon,22,Звёздная корона: один выстрел,15.600000,15.600000
17,Харизма,ancient-red-dragon,24,Звёздная корона: один выстрел,14.300000,14.300000
17,Харизма,ancient-silver-dragon,23,Звёздная корона: один выстрел,14.300000,14.300000
17,Харизма,ancient-white-dragon,20,Звёздная корона: один выстрел,16.900000,16.900000
17,Харизма,androsphinx,17,Звёздная корона: один выстрел,20.800000,20.800000
17,Харизма,archmage,12,Звёздная корона: один выстрел,23.400000,23.400000
17,Харизма,balor,19,Звёздная корона: один выстрел,18.200000,18.200000
17,Харизма,dragon-turtle,17,Звёздная корона: один выстрел,16.900000,16.900000
17,Харизма,erinyes,12,Звёздная корона: один выстрел,19.500000,19.500000
17,Харизма,ice-devil,14,Звёздная корона: один выстрел,19.500000,19.500000
17,Харизма,iron-golem,16,Звёздная корона: один выстрел,16.900000,16.900000
17,Харизма,kraken,23,Звёздная корона: один выстрел,19.500000,19.500000
17,Харизма,lich,21,Звёздная корона: один выстрел,20.800000,20.800000
17,Харизма,marilith,16,Звёздная корона: один выстрел,19.500000,19.500000
17,Харизма,mummy-lord,15,Звёздная корона: один выстрел,20.800000,20.800000
17,Харизма,nalfeshnee,13,Звёздная корона: один выстрел,19.500000,19.500000
17,Харизма,pit-fiend,20,Звёздная корона: один выстрел,18.200000,18.200000
17,Харизма,planetar,16,Звёздная корона: один выстрел,8.937500,8.937500
17,Харизма,purple-worm,15,Звёздная корона: один выстрел,19.500000,19.500000
17,Харизма,rakshasa,13,Звёздная корона: один выстрел,22.100000,22.100000
17,Харизма,solar,21,Звёздная корона: один выстрел,7.662500,7.662500
17,Харизма,storm-giant,13,Звёздная корона: один выстрел,22.100000,22.100000
17,Харизма,vampire-vampire,13,Звёздная корона: один выстрел,22.100000,22.100000
17,Харизма,vampire-bat,13,Звёздная корона: один выстрел,22.100000,22.100000
17,Харизма,vampire-mist,13,Звёздная корона: один выстрел,22.100000,22.100000
17,Харизма,adult-black-dragon,14,Огненная буря,29.725000,19.000000
17,Харизма,adult-blue-dragon,16,Огненная буря,31.675000,19.000000
17,Харизма,adult-brass-dragon,13,Огненная буря,0.000000,0.000000
17,Харизма,adult-bronze-dragon,15,Огненная буря,31.675000,19.000000
17,Харизма,adult-copper-dragon,14,Огненная буря,30.700000,19.000000
17,Харизма,adult-gold-dragon,17,Огненная буря,0.000000,0.000000
17,Харизма,adult-green-dragon,15,Огненная буря,30.700000,19.000000
17,Харизма,adult-red-dragon,17,Огненная буря,0.000000,0.000000
17,Харизма,adult-silver-dragon,16,Огненная буря,31.675000,19.000000
17,Харизма,adult-white-dragon,13,Огненная буря,31.675000,19.000000
17,Харизма,ancient-black-dragon,21,Огненная буря,27.775000,19.000000
17,Харизма,ancient-blue-dragon,23,Огненная буря,29.725000,19.000000
17,Харизма,ancient-brass-dragon,20,Огненная буря,0.000000,0.000000
17,Харизма,ancient-bronze-dragon,22,Огненная буря,29.725000,19.000000
17,Харизма,ancient-copper-dragon,21,Огненная буря,28.750000,19.000000
17,Харизма,ancient-gold-dragon,24,Огненная буря,0.000000,0.000000
17,Харизма,ancient-green-dragon,22,Огненная буря,28.750000,19.000000
17,Харизма,ancient-red-dragon,24,Огненная буря,0.000000,0.000000
17,Харизма,ancient-silver-dragon,23,Огненная буря,29.725000,19.000000
17,Харизма,ancient-white-dragon,20,Огненная буря,30.700000,19.000000
17,Харизма,androsphinx,17,Огненная буря,30.700000,30.700000
17,Харизма,archmage,12,Огненная буря,31.480000,31.480000
17,Харизма,balor,19,Огненная буря,0.000000,0.000000
17,Харизма,dragon-turtle,17,Огненная буря,15.100000,15.100000
17,Харизма,erinyes,12,Огненная буря,0.000000,0.000000
17,Харизма,ice-devil,14,Огненная буря,0.000000,0.000000
17,Харизма,iron-golem,16,Огненная буря,0.000000,0.000000
17,Харизма,kraken,23,Огненная буря,29.725000,29.725000
17,Харизма,lich,21,Огненная буря,33.625000,19.000000
17,Харизма,marilith,16,Огненная буря,13.369375,13.369375
17,Харизма,mummy-lord,15,Огненная буря,69.590000,69.590000
17,Харизма,nalfeshnee,13,Огненная буря,17.147500,17.147500
17,Харизма,pit-fiend,20,Огненная буря,0.000000,0.000000
17,Харизма,planetar,16,Огненная буря,27.238750,27.238750
17,Харизма,purple-worm,15,Огненная буря,38.500000,38.500000
17,Харизма,rakshasa,13,Огненная буря,29.968750,29.968750
17,Харизма,solar,21,Огненная буря,26.020000,26.020000
17,Харизма,storm-giant,13,Огненная буря,34.600000,34.600000
17,Харизма,vampire-vampire,13,Огненная буря,27.775000,19.000000
17,Харизма,vampire-bat,13,Огненная буря,27.775000,19.000000
17,Харизма,vampire-mist,13,Огненная буря,27.775000,19.000000
17,Харизма,adult-black-dragon,14,Метеоритный дождь,108.275000,69.500000
17,Харизма,adult-blue-dragon,16,Метеоритный дождь,115.325000,69.500000
17,Харизма,adult-brass-dragon,13,Метеоритный дождь,57.662500,34.750000
17,Харизма,adult-bronze-dragon,15,Метеоритный дождь,115.325000,69.500000
17,Харизма,adult-copper-dragon,14,Метеоритный дождь,111.800000,69.500000
17,Харизма,adult-gold-dragon,17,Метеоритный дождь,52.375000,34.750000
17,Харизма,adult-green-dragon,15,Метеоритный дождь,111.800000,69.500000
17,Харизма,adult-red-dragon,17,Метеоритный дождь,55.900000,34.750000
17,Харизма,adult-silver-dragon,16,Метеоритный дождь,115.325000,69.500000
17,Харизма,adult-white-dragon,13,Метеоритный дождь,115.325000,69.500000
17,Харизма,ancient-black-dragon,21,Метеоритный дождь,101.225000,69.500000
17,Харизма,ancient-blue-dragon,23,Метеоритный дождь,108.275000,69.500000
17,Харизма,ancient-brass-dragon,20,Метеоритный дождь,55.900000,34.750000
17,Харизма,ancient-bronze-dragon,22,Метеоритный дождь,108.275000,69.500000
17,Харизма,ancient-copper-dragon,21,Метеоритный дождь,104.750000,69.500000
17,Харизма,ancient-gold-dragon,24,Метеоритный дождь,50.612500,34.750000
17,Харизма,ancient-green-dragon,22,Метеоритный дождь,104.750000,69.500000
17,Харизма,ancient-red-dragon,24,Метеоритный дождь,54.137500,34.750000
17,Харизма,ancient-silver-dragon,23,Метеоритный дождь,108.275000,69.500000
17,Харизма,ancient-white-dragon,20,Метеоритный дождь,111.800000,69.500000
17,Харизма,androsphinx,17,Метеоритный дождь,111.800000,111.800000
17,Харизма,archmage,12,Метеоритный дождь,114.620000,114.620000
17,Харизма,balor,19,Метеоритный дождь,57.310000,57.310000
17,Харизма,dragon-turtle,17,Метеоритный дождь,83.600000,83.600000
17,Харизма,erinyes,12,Метеоритный дождь,45.413125,45.413125
17,Харизма,ice-devil,14,Метеоритный дождь,45.413125,45.413125
17,Харизма,iron-golem,16,Метеоритный дождь,66.563125,66.563125
17,Харизма,kraken,23,Метеоритный дождь,108.275000,108.275000
17,Харизма,lich,21,Метеоритный дождь,122.375000,69.500000
17,Харизма,marilith,16,Метеоритный дождь,74.214687,74.214687
17,Харизма,mummy-lord,15,Метеоритный дождь,189.907500,189.907500
17,Харизма,nalfeshnee,13,Метеоритный дождь,94.703750,94.703750
17,Харизма,pit-fiend,20,Метеоритный дождь,43.562500,43.562500
17,Харизма,planetar,16,Метеоритный дождь,99.286250,99.286250
17,Харизма,purple-worm,15,Метеоритный дождь,140.000000,140.000000
17,Харизма,rakshasa,13,Метеоритный дождь,109.156250,109.156250
17,Харизма,solar,21,Метеоритный дождь,94.880000,94.880000
17,Харизма,storm-giant,13,Метеоритный дождь,125.900000,125.900000
17,Харизма,vampire-vampire,13,Метеоритный дождь,101.225000,69.500000
17,Харизма,vampire-bat,13,Метеоритный дождь,101.225000,69.500000
17,Харизма,vampire-mist,13,Метеоритный дождь,101.225000,69.500000
17,Адепт,adult-black-dragon,14,"Хроматический шар: холод, ячейка I",12.962500,12.962500
17,Адепт,adult-blue-dragon,16,"Хроматический шар: холод, ячейка I",12.962500,12.962500
17,Адепт,adult-brass-dragon,13,"Хроматический шар: холод, ячейка I",13.906250,13.906250
17,Адепт,adult-bronze-dragon,15,"Хроматический шар: холод, ячейка I",12.962500,12.962500
17,Адепт,adult-copper-dragon,14,"Хроматический шар: холод, ячейка I",13.906250,13.906250
17,Адепт,adult-gold-dragon,17,"Хроматический шар: холод, ячейка I",12.962500,12.962500
17,Адепт,adult-green-dragon,15,"Хроматический шар: холод, ячейка I",12.962500,12.962500
17,Адепт,adult-red-dragon,17,"Хроматический шар: холод, ячейка I",12.962500,12.962500
17,Адепт,adult-silver-dragon,16,"Хроматический шар: холод, ячейка I",0.000000,0.000000
17,Адепт,adult-white-dragon,13,"Хроматический шар: холод, ячейка I",0.000000,0.000000
17,Адепт,ancient-black-dragon,21,"Хроматический шар: холод, ячейка I",10.131250,10.131250
17,Адепт,ancient-blue-dragon,23,"Хроматический шар: холод, ячейка I",10.131250,10.131250
17,Адепт,ancient-brass-dragon,20,"Хроматический шар: холод, ячейка I",12.018750,12.018750
17,Адепт,ancient-bronze-dragon,22,"Хроматический шар: холод, ячейка I",10.131250,10.131250
17,Адепт,ancient-copper-dragon,21,"Хроматический шар: холод, ячейка I",11.075000,11.075000
17,Адепт,ancient-gold-dragon,24,"Хроматический шар: холод, ячейка I",10.131250,10.131250
17,Адепт,ancient-green-dragon,22,"Хроматический шар: холод, ячейка I",11.075000,11.075000
17,Адепт,ancient-red-dragon,24,"Хроматический шар: холод, ячейка I",10.131250,10.131250
17,Адепт,ancient-silver-dragon,23,"Хроматический шар: холод, ячейка I",0.000000,0.000000
17,Адепт,ancient-white-dragon,20,"Хроматический шар: холод, ячейка I",0.000000,0.000000
17,Адепт,androsphinx,17,"Хроматический шар: холод, ячейка I",14.850000,14.850000
17,Адепт,archmage,12,"Хроматический шар: холод, ячейка I",16.737500,16.737500
17,Адепт,balor,19,"Хроматический шар: холод, ячейка I",12.962500,12.962500
17,Адепт,dragon-turtle,17,"Хроматический шар: холод, ячейка I",12.018750,12.018750
17,Адепт,erinyes,12,"Хроматический шар: холод, ячейка I",13.906250,13.906250
17,Адепт,ice-devil,14,"Хроматический шар: холод, ячейка I",13.906250,13.906250
17,Адепт,iron-golem,16,"Хроматический шар: холод, ячейка I",12.018750,12.018750
17,Адепт,kraken,23,"Хроматический шар: холод, ячейка I",13.906250,13.906250
17,Адепт,lich,21,"Хроматический шар: холод, ячейка I",14.850000,14.850000
17,Адепт,marilith,16,"Хроматический шар: холод, ячейка I",13.906250,13.906250
17,Адепт,mummy-lord,15,"Хроматический шар: холод, ячейка I",14.850000,14.850000
17,Адепт,nalfeshnee,13,"Хроматический шар: холод, ячейка I",13.906250,13.906250
17,Адепт,pit-fiend,20,"Хроматический шар: холод, ячейка I",12.962500,12.962500
17,Адепт,planetar,16,"Хроматический шар: холод, ячейка I",12.962500,12.962500
17,Адепт,purple-worm,15,"Хроматический шар: холод, ячейка I",13.906250,13.906250
17,Адепт,rakshasa,13,"Хроматический шар: холод, ячейка I",0.000000,0.000000
17,Адепт,solar,21,"Хроматический шар: холод, ячейка I",11.075000,11.075000
17,Адепт,storm-giant,13,"Хроматический шар: холод, ячейка I",15.793750,15.793750
17,Адепт,vampire-vampire,13,"Хроматический шар: холод, ячейка I",15.793750,15.793750
17,Адепт,vampire-bat,13,"Хроматический шар: холод, ячейка I",15.793750,15.793750
17,Адепт,vampire-mist,13,"Хроматический шар: холод, ячейка I",15.793750,15.793750
17,Адепт,adult-black-dragon,14,Психическая плеть Таши,9.400000,5.000000
17,Адепт,adult-blue-dragon,16,Психическая плеть Таши,9.125000,5.000000
17,Адепт,adult-brass-dragon,13,Психическая плеть Таши,9.400000,5.000000
17,Адепт,adult-bronze-dragon,15,Психическая плеть Таши,9.125000,5.000000
17,Адепт,adult-copper-dragon,14,Психическая плеть Таши,8.850000,5.000000
17,Адепт,adult-gold-dragon,17,Психическая плеть Таши,9.125000,5.000000
17,Адепт,adult-green-dragon,15,Психическая плеть Таши,8.850000,5.000000
17,Адепт,adult-red-dragon,17,Психическая плеть Таши,9.125000,5.000000
17,Адепт,adult-silver-dragon,16,Психическая плеть Таши,9.125000,5.000000
17,Адепт,adult-white-dragon,13,Психическая плеть Таши,10.225000,5.000000
17,Адепт,ancient-black-dragon,21,Психическая плеть Таши,9.125000,5.000000
17,Адепт,ancient-blue-dragon,23,Психическая плеть Таши,8.850000,5.000000
17,Адепт,ancient-brass-dragon,20,Психическая плеть Таши,9.125000,5.000000
17,Адепт,ancient-bronze-dragon,22,Психическая плеть Таши,8.850000,5.000000
17,Адепт,ancient-copper-dragon,21,Психическая плеть Таши,8.575000,5.000000
17,Адепт,ancient-gold-dragon,24,Психическая плеть Таши,8.850000,5.000000
17,Адепт,ancient-green-dragon,22,Психическая плеть Таши,8.575000,5.000000
17,Адепт,ancient-red-dragon,24,Психическая плеть Таши,8.850000,5.000000
17,Адепт,ancient-silver-dragon,23,Психическая плеть Таши,8.850000,5.000000
17,Адепт,ancient-white-dragon,20,Психическая плеть Таши,9.950000,5.000000
17,Адепт,androsphinx,17,Психическая плеть Таши,0.000000,0.000000
17,Адепт,archmage,12,Психическая плеть Таши,6.113750,6.113750
17,Адепт,balor,19,Психическая плеть Таши,7.323750,7.323750
17,Адепт,dragon-turtle,17,Психическая плеть Таши,9.950000,9.950000
17,Адепт,erinyes,12,Психическая плеть Таши,8.520000,8.520000
17,Адепт,ice-devil,14,Психическая плеть Таши,7.695000,7.695000
17,Адепт,iron-golem,16,Психическая плеть Таши,0.000000,0.000000
17,Адепт,kraken,23,Психическая плеть Таши,6.375000,6.375000
17,Адепт,lich,21,Психическая плеть Таши,6.650000,5.000000
17,Адепт,marilith,16,Психическая плеть Таши,7.695000,7.695000
17,Адепт,mummy-lord,15,Психическая плеть Таши,7.323750,7.323750
17,Адепт,nalfeshnee,13,Психическая плеть Таши,6.113750,6.113750
17,Адепт,pit-fiend,20,Психическая плеть Таши,6.980000,6.980000
17,Адепт,planetar,16,Психическая плеть Таши,7.695000,7.695000
17,Адепт,purple-worm,15,Психическая плеть Таши,10.500000,10.500000
17,Адепт,rakshasa,13,Психическая плеть Таши,0.000000,0.000000
17,Адепт,solar,21,Психическая плеть Таши,5.220000,5.220000
17,Адепт,storm-giant,13,Психическая плеть Таши,9.125000,9.125000
17,Адепт,vampire-vampire,13,Психическая плеть Таши,9.125000,5.000000
17,Адепт,vampire-bat,13,Психическая плеть Таши,9.125000,5.000000
17,Адепт,vampire-mist,13,Психическая плеть Таши,9.125000,5.000000
17,Адепт,adult-black-dragon,14,Псионический заряд,17.325000,11.000000
17,Адепт,adult-blue-dragon,16,Псионический заряд,18.475000,11.000000
17,Адепт,adult-brass-dragon,13,Псионический заряд,18.475000,11.000000
17,Адепт,adult-bronze-dragon,15,Псионический заряд,18.475000,11.000000
17,Адепт,adult-copper-dragon,14,Псионический заряд,17.900000,11.000000
17,Адепт,adult-gold-dragon,17,Псионический заряд,16.750000,11.000000
17,Адепт,adult-green-dragon,15,Псионический заряд,17.900000,11.000000
17,Адепт,adult-red-dragon,17,Псионический заряд,17.900000,11.000000
17,Адепт,adult-silver-dragon,16,Псионический заряд,18.475000,11.000000
17,Адепт,adult-white-dragon,13,Псионический заряд,18.475000,11.000000
17,Адепт,ancient-black-dragon,21,Псионический заряд,16.175000,11.000000
17,Адепт,ancient-blue-dragon,23,Псионический заряд,17.325000,11.000000
17,Адепт,ancient-brass-dragon,20,Псионический заряд,17.900000,11.000000
17,Адепт,ancient-bronze-dragon,22,Псионический заряд,17.325000,11.000000
17,Адепт,ancient-copper-dragon,21,Псионический заряд,16.750000,11.000000
17,Адепт,ancient-gold-dragon,24,Псионический заряд,16.175000,11.000000
17,Адепт,ancient-green-dragon,22,Псионический заряд,16.750000,11.000000
17,Адепт,ancient-red-dragon,24,Псионический заряд,17.325000,11.000000
17,Адепт,ancient-silver-dragon,23,Псионический заряд,17.325000,11.000000
17,Адепт,ancient-white-dragon,20,Псионический заряд,17.900000,11.000000
17,Адепт,androsphinx,17,Псионический заряд,17.900000,17.900000
17,Адепт,archmage,12,Псионический заряд,18.360000,18.360000
17,Адепт,balor,19,Псионический заряд,18.360000,18.360000
17,Адепт,dragon-turtle,17,Псионический заряд,17.900000,17.900000
17,Адепт,erinyes,12,Псионический заряд,14.478750,14.478750
17,Адепт,ice-devil,14,Псионический заряд,14.478750,14.478750
17,Адепт,iron-golem,16,Псионический заряд,21.378750,21.378750
17,Адепт,kraken,23,Псионический заряд,17.325000,17.325000
17,Адепт,lich,21,Псионический заряд,19.625000,11.000000
17,Адепт,marilith,16,Псионический заряд,15.858750,15.858750
17,Адепт,mummy-lord,15,Псионический заряд,20.315000,20.315000
17,Адепт,nalfeshnee,13,Псионический заряд,20.315000,20.315000
17,Адепт,pit-fiend,20,Псионический заряд,13.875000,13.875000
17,Адепт,planetar,16,Псионический заряд,15.858750,15.858750
17,Адепт,purple-worm,15,Псионический заряд,22.500000,22.500000
17,Адепт,rakshasa,13,Псионический заряд,0.000000,0.000000
17,Адепт,solar,21,Псионический заряд,15.140000,15.140000
17,Адепт,storm-giant,13,Псионический заряд,20.200000,20.200000
17,Адепт,vampire-vampire,13,Псионический заряд,16.175000,11.000000
17,Адепт,vampire-bat,13,Псионический заряд,16.175000,11.000000
17,Адепт,vampire-mist,13,Псионический заряд,16.175000,11.000000
17,Адепт,adult-black-dragon,14,Застывшие лезвия: одно срабатывание,17.595833,10.990741
17,Адепт,adult-blue-dragon,16,Застывшие лезвия: одно срабатывание,18.796759,10.990741
17,Адепт,adult-brass-dragon,13,Застывшие лезвия: одно срабатывание,18.796759,10.990741
17,Адепт,adult-bronze-dragon,15,Застывшие лезвия: одно срабатывание,18.796759,10.990741
17,Адепт,adult-copper-dragon,14,Застывшие лезвия: одно срабатывание,18.196296,10.990741
17,Адепт,adult-gold-dragon,17,Застывшие лезвия: одно срабатывание,16.995370,10.990741
17,Адепт,adult-green-dragon,15,Застывшие лезвия: одно срабатывание,18.196296,10.990741
17,Адепт,adult-red-dragon,17,Застывшие лезвия: одно срабатывание,18.196296,10.990741
17,Адепт,adult-silver-dragon,16,Застывшие лезвия: одно срабатывание,5.687500,3.250000
17,Адепт,adult-white-dragon,13,Застывшие лезвия: одно срабатывание,5.687500,3.250000
17,Адепт,ancient-black-dragon,21,Застывшие лезвия: одно срабатывание,16.394907,10.990741
17,Адепт,ancient-blue-dragon,23,Застывшие лезвия: одно срабатывание,17.595833,10.990741
17,Адепт,ancient-brass-dragon,20,Застывшие лезвия: одно срабатывание,18.196296,10.990741
17,Адепт,ancient-bronze-dragon,22,Застывшие лезвия: одно срабатывание,17.595833,10.990741
17,Адепт,ancient-copper-dragon,21,Застывшие лезвия: одно срабатывание,16.995370,10.990741
17,Адепт,ancient-gold-dragon,24,Застывшие лезвия: одно срабатывание,16.394907,10.990741
17,Адепт,ancient-green-dragon,22,Застывшие лезвия: одно срабатывание,16.995370,10.990741
17,Адепт,ancient-red-dragon,24,Застывшие лезвия: одно срабатывание,17.595833,10.990741
17,Адепт,ancient-silver-dragon,23,Застывшие лезвия: одно срабатывание,5.312500,3.250000
17,Адепт,ancient-white-dragon,20,Застывшие лезвия: одно срабатывание,5.500000,3.250000
17,Адепт,androsphinx,17,Застывшие лезвия: одно срабатывание,18.196296,18.196296
17,Адепт,archmage,12,Застывшие лезвия: одно срабатывание,18.676667,18.676667
17,Адепт,balor,19,Застывшие лезвия: одно срабатывание,18.676667,18.676667
17,Адепт,dragon-turtle,17,Застывшие лезвия: одно срабатывание,18.196296,18.196296
17,Адепт,erinyes,12,Застывшие лезвия: одно срабатывание,14.623542,14.623542
17,Адепт,ice-devil,14,Застывшие лезвия: одно срабатывание,14.623542,14.623542
17,Адепт,iron-golem,16,Застывшие лезвия: одно срабатывание,21.829097,21.829097
17,Адепт,kraken,23,Застывшие лезвия: одно срабатывание,17.595833,17.595833
17,Адепт,lich,21,Застывшие лезвия: одно срабатывание,19.997685,10.990741
17,Адепт,marilith,16,Застывшие лезвия: одно срабатывание,16.064653,16.064653
17,Адепт,mummy-lord,15,Застывшие лезвия: одно срабатывание,20.718241,20.718241
17,Адепт,nalfeshnee,13,Застывшие лезвия: одно срабатывание,20.718241,20.718241
17,Адепт,pit-fiend,20,Застывшие лезвия: одно срабатывание,13.993056,13.993056
17,Адепт,planetar,16,Застывшие лезвия: одно срабатывание,16.064653,16.064653
17,Адепт,purple-worm,15,Застывшие лезвия: одно срабатывание,23.000000,23.000000
17,Адепт,rakshasa,13,Застывшие лезвия: одно срабатывание,0.000000,0.000000
17,Адепт,solar,21,Застывшие лезвия: одно срабатывание,15.314074,15.314074
17,Адепт,storm-giant,13,Застывшие лезвия: одно срабатывание,20.598148,20.598148
17,Адепт,vampire-vampire,13,Застывшие лезвия: одно срабатывание,16.394907,10.990741
17,Адепт,vampire-bat,13,Застывшие лезвия: одно срабатывание,16.394907,10.990741
17,Адепт,vampire-mist,13,Застывшие лезвия: одно срабатывание,16.394907,10.990741
17,Адепт,adult-black-dragon,14,"Огненный шар: альтернатива, не выбор игрока",21.587500,13.750000
17,Адепт,adult-blue-dragon,16,"Огненный шар: альтернатива, не выбор игрока",23.012500,13.750000
17,Адепт,adult-brass-dragon,13,"Огненный шар: альтернатива, не выбор игрока",0.000000,0.000000
17,Адепт,adult-bronze-dragon,15,"Огненный шар: альтернатива, не выбор игрока",23.012500,13.750000
17,Адепт,adult-copper-dragon,14,"Огненный шар: альтернатива, не выбор игрока",22.300000,13.750000
17,Адепт,adult-gold-dragon,17,"Огненный шар: альтернатива, не выбор игрока",0.000000,0.000000
17,Адепт,adult-green-dragon,15,"Огненный шар: альтернатива, не выбор игрока",22.300000,13.750000
17,Адепт,adult-red-dragon,17,"Огненный шар: альтернатива, не выбор игрока",0.000000,0.000000
17,Адепт,adult-silver-dragon,16,"Огненный шар: альтернатива, не выбор игрока",23.012500,13.750000
17,Адепт,adult-white-dragon,13,"Огненный шар: альтернатива, не выбор игрока",23.012500,13.750000
17,Адепт,ancient-black-dragon,21,"Огненный шар: альтернатива, не выбор игрока",20.162500,13.750000
17,Адепт,ancient-blue-dragon,23,"Огненный шар: альтернатива, не выбор игрока",21.587500,13.750000
17,Адепт,ancient-brass-dragon,20,"Огненный шар: альтернатива, не выбор игрока",0.000000,0.000000
17,Адепт,ancient-bronze-dragon,22,"Огненный шар: альтернатива, не выбор игрока",21.587500,13.750000
17,Адепт,ancient-copper-dragon,21,"Огненный шар: альтернатива, не выбор игрока",20.875000,13.750000
17,Адепт,ancient-gold-dragon,24,"Огненный шар: альтернатива, не выбор игрока",0.000000,0.000000
17,Адепт,ancient-green-dragon,22,"Огненный шар: альтернатива, не выбор игрока",20.875000,13.750000
17,Адепт,ancient-red-dragon,24,"Огненный шар: альтернатива, не выбор игрока",0.000000,0.000000
17,Адепт,ancient-silver-dragon,23,"Огненный шар: альтернатива, не выбор игрока",21.587500,13.750000
17,Адепт,ancient-white-dragon,20,"Огненный шар: альтернатива, не выбор игрока",22.300000,13.750000
17,Адепт,androsphinx,17,"Огненный шар: альтернатива, не выбор игрока",22.300000,22.300000
17,Адепт,archmage,12,"Огненный шар: альтернатива, не выбор игрока",22.870000,22.870000
17,Адепт,balor,19,"Огненный шар: альтернатива, не выбор игрока",0.000000,0.000000
17,Адепт,dragon-turtle,17,"Огненный шар: альтернатива, не выбор игрока",10.900001,10.900001
17,Адепт,erinyes,12,"Огненный шар: альтернатива, не выбор игрока",0.000000,0.000000
17,Адепт,ice-devil,14,"Огненный шар: альтернатива, не выбор игрока",0.000000,0.000000
17,Адепт,iron-golem,16,"Огненный шар: альтернатива, не выбор игрока",0.000000,0.000000
17,Адепт,kraken,23,"Огненный шар: альтернатива, не выбор игрока",21.587500,21.587500
17,Адепт,lich,21,"Огненный шар: альтернатива, не выбор игрока",24.437500,13.750000
17,Адепт,marilith,16,"Огненный шар: альтернатива, не выбор игрока",9.635314,9.635314
17,Адепт,mummy-lord,15,"Огненный шар: альтернатива, не выбор игрока",50.585000,50.585000
17,Адепт,nalfeshnee,13,"Огненный шар: альтернатива, не выбор игрока",12.396250,12.396250
17,Адепт,pit-fiend,20,"Огненный шар: альтернатива, не выбор игрока",0.000000,0.000000
17,Адепт,planetar,16,"Огненный шар: альтернатива, не выбор игрока",19.770625,19.770625
17,Адепт,purple-worm,15,"Огненный шар: альтернатива, не выбор игрока",28.000000,28.000000
17,Адепт,rakshasa,13,"Огненный шар: альтернатива, не выбор игрока",0.000000,0.000000
17,Адепт,solar,21,"Огненный шар: альтернатива, не выбор игрока",18.880000,18.880000
17,Адепт,storm-giant,13,"Огненный шар: альтернатива, не выбор игрока",25.150000,25.150000
17,Адепт,vampire-vampire,13,"Огненный шар: альтернатива, не выбор игрока",20.162500,13.750000
17,Адепт,vampire-bat,13,"Огненный шар: альтернатива, не выбор игрока",20.162500,13.750000
17,Адепт,vampire-mist,13,"Огненный шар: альтернатива, не выбор игрока",20.162500,13.750000
17,Адепт,adult-black-dragon,14,Мистическое копьё Раулотима,22.000000,12.000000
17,Адепт,adult-blue-dragon,16,Мистическое копьё Раулотима,21.375000,12.000000
17,Адепт,adult-brass-dragon,13,Мистическое копьё Раулотима,22.000000,12.000000
17,Адепт,adult-bronze-dragon,15,Мистическое копьё Раулотима,21.375000,12.000000
17,Адепт,adult-copper-dragon,14,Мистическое копьё Раулотима,20.750000,12.000000
17,Адепт,adult-gold-dragon,17,Мистическое копьё Раулотима,21.375000,12.000000
17,Адепт,adult-green-dragon,15,Мистическое копьё Раулотима,20.750000,12.000000
17,Адепт,adult-red-dragon,17,Мистическое копьё Раулотима,21.375000,12.000000
17,Адепт,adult-silver-dragon,16,Мистическое копьё Раулотима,21.375000,12.000000
17,Адепт,adult-white-dragon,13,Мистическое копьё Раулотима,23.875000,12.000000
17,Адепт,ancient-black-dragon,21,Мистическое копьё Раулотима,21.375000,12.000000
17,Адепт,ancient-blue-dragon,23,Мистическое копьё Раулотима,20.750000,12.000000
17,Адепт,ancient-brass-dragon,20,Мистическое копьё Раулотима,21.375000,12.000000
17,Адепт,ancient-bronze-dragon,22,Мистическое копьё Раулотима,20.750000,12.000000
17,Адепт,ancient-copper-dragon,21,Мистическое копьё Раулотима,20.125000,12.000000
17,Адепт,ancient-gold-dragon,24,Мистическое копьё Раулотима,20.750000,12.000000
17,Адепт,ancient-green-dragon,22,Мистическое копьё Раулотима,20.125000,12.000000
17,Адепт,ancient-red-dragon,24,Мистическое копьё Раулотима,20.750000,12.000000
17,Адепт,ancient-silver-dragon,23,Мистическое копьё Раулотима,20.750000,12.000000
17,Адепт,ancient-white-dragon,20,Мистическое копьё Раулотима,23.250000,12.000000
17,Адепт,androsphinx,17,Мистическое копьё Раулотима,0.000000,0.000000
17,Адепт,archmage,12,Мистическое копьё Раулотима,14.531250,14.531250
17,Адепт,balor,19,Мистическое копьё Раулотима,17.281250,17.281250
17,Адепт,dragon-turtle,17,Мистическое копьё Раулотима,23.250000,23.250000
17,Адепт,erinyes,12,Мистическое копьё Раулотима,20.000000,20.000000
17,Адепт,ice-devil,14,Мистическое копьё Раулотима,18.125000,18.125000
17,Адепт,iron-golem,16,Мистическое копьё Раулотима,0.000000,0.000000
17,Адепт,kraken,23,Мистическое копьё Раулотима,15.125000,15.125000
17,Адепт,lich,21,Мистическое копьё Раулотима,15.750000,12.000000
17,Адепт,marilith,16,Мистическое копьё Раулотима,18.125000,18.125000
17,Адепт,mummy-lord,15,Мистическое копьё Раулотима,17.281250,17.281250
17,Адепт,nalfeshnee,13,Мистическое копьё Раулотима,14.531250,14.531250
17,Адепт,pit-fiend,20,Мистическое копьё Раулотима,16.500000,16.500000
17,Адепт,planetar,16,Мистическое копьё Раулотима,18.125000,18.125000
17,Адепт,purple-worm,15,Мистическое копьё Раулотима,24.500000,24.500000
17,Адепт,rakshasa,13,Мистическое копьё Раулотима,0.000000,0.000000
17,Адепт,solar,21,Мистическое копьё Раулотима,12.500000,12.500000
17,Адепт,storm-giant,13,Мистическое копьё Раулотима,21.375000,21.375000
17,Адепт,vampire-vampire,13,Мистическое копьё Раулотима,21.375000,12.000000
17,Адепт,vampire-bat,13,Мистическое копьё Раулотима,21.375000,12.000000
17,Адепт,vampire-mist,13,Мистическое копьё Раулотима,21.375000,12.000000
17,Адепт,adult-black-dragon,14,Ледяная буря: дар IV,21.990278,13.830247
17,Адепт,adult-blue-dragon,16,Ледяная буря: дар IV,23.473920,13.830247
17,Адепт,adult-brass-dragon,13,Ледяная буря: дар IV,23.473920,13.830247
17,Адепт,adult-bronze-dragon,15,Ледяная буря: дар IV,23.473920,13.830247
17,Адепт,adult-copper-dragon,14,Ледяная буря: дар IV,22.732099,13.830247
17,Адепт,adult-gold-dragon,17,Ледяная буря: дар IV,21.248457,13.830247
17,Адепт,adult-green-dragon,15,Ледяная буря: дар IV,22.732099,13.830247
17,Адепт,adult-red-dragon,17,Ледяная буря: дар IV,22.732099,13.830247
17,Адепт,adult-silver-dragon,16,Ледяная буря: дар IV,7.337500,4.250000
17,Адепт,adult-white-dragon,13,Ледяная буря: дар IV,7.337500,4.250000
17,Адепт,ancient-black-dragon,21,Ледяная буря: дар IV,20.506636,13.830247
17,Адепт,ancient-blue-dragon,23,Ледяная буря: дар IV,21.990278,13.830247
17,Адепт,ancient-brass-dragon,20,Ледяная буря: дар IV,22.732099,13.830247
17,Адепт,ancient-bronze-dragon,22,Ледяная буря: дар IV,21.990278,13.830247
17,Адепт,ancient-copper-dragon,21,Ледяная буря: дар IV,21.248457,13.830247
17,Адепт,ancient-gold-dragon,24,Ледяная буря: дар IV,20.506636,13.830247
17,Адепт,ancient-green-dragon,22,Ледяная буря: дар IV,21.248457,13.830247
17,Адепт,ancient-red-dragon,24,Ледяная буря: дар IV,21.990278,13.830247
17,Адепт,ancient-silver-dragon,23,Ледяная буря: дар IV,6.862500,4.250000
17,Адепт,ancient-white-dragon,20,Ледяная буря: дар IV,7.100000,4.250000
17,Адепт,androsphinx,17,Ледяная буря: дар IV,22.732099,22.732099
17,Адепт,archmage,12,Ледяная буря: дар IV,23.325556,23.325556
17,Адепт,balor,19,Ледяная буря: дар IV,23.325556,23.325556
17,Адепт,dragon-turtle,17,Ледяная буря: дар IV,22.732099,22.732099
17,Адепт,erinyes,12,Ледяная буря: дар IV,18.318264,18.318264
17,Адепт,ice-devil,14,Ледяная буря: дар IV,18.318264,18.318264
17,Адепт,iron-golem,16,Ледяная буря: дар IV,27.220116,27.220116
17,Адепт,kraken,23,Ледяная буря: дар IV,21.990278,21.990278
17,Адепт,lich,21,Ледяная буря: дар IV,24.957562,13.830247
17,Адепт,marilith,16,Ледяная буря: дар IV,20.098634,20.098634
17,Адепт,mummy-lord,15,Ледяная буря: дар IV,25.847747,25.847747
17,Адепт,nalfeshnee,13,Ледяная буря: дар IV,25.847747,25.847747
17,Адепт,pit-fiend,20,Ледяная буря: дар IV,17.539352,17.539352
17,Адепт,planetar,16,Ледяная буря: дар IV,20.098634,20.098634
17,Адепт,purple-worm,15,Ледяная буря: дар IV,28.666667,28.666667
17,Адепт,rakshasa,13,Ледяная буря: дар IV,0.000000,0.000000
17,Адепт,solar,21,Ледяная буря: дар IV,19.171358,19.171358
17,Адепт,storm-giant,13,Ледяная буря: дар IV,25.699383,25.699383
17,Адепт,vampire-vampire,13,Ледяная буря: дар IV,20.506636,13.830247
17,Адепт,vampire-bat,13,Ледяная буря: дар IV,20.506636,13.830247
17,Адепт,vampire-mist,13,Ледяная буря: дар IV,20.506636,13.830247
17,Адепт,adult-black-dragon,14,Болезненное сияние: один контакт,8.800000,0.000000
17,Адепт,adult-blue-dragon,16,Болезненное сияние: один контакт,7.700000,0.000000
17,Адепт,adult-brass-dragon,13,Болезненное сияние: один контакт,8.800000,0.000000
17,Адепт,adult-bronze-dragon,15,Болезненное сияние: один контакт,7.700000,0.000000
17,Адепт,adult-copper-dragon,14,Болезненное сияние: один контакт,8.800000,0.000000
17,Адепт,adult-gold-dragon,17,Болезненное сияние: один контакт,5.500000,0.000000
17,Адепт,adult-green-dragon,15,Болезненное сияние: один контакт,8.800000,0.000000
17,Адепт,adult-red-dragon,17,Болезненное сияние: один контакт,5.500000,0.000000
17,Адепт,adult-silver-dragon,16,Болезненное сияние: один контакт,6.600000,0.000000
17,Адепт,adult-white-dragon,13,Болезненное сияние: один контакт,7.700000,0.000000
17,Адепт,ancient-black-dragon,21,Болезненное сияние: один контакт,4.400000,0.000000
17,Адепт,ancient-blue-dragon,23,Болезненное сияние: один контакт,3.300000,0.000000
17,Адепт,ancient-brass-dragon,20,Болезненное сияние: один контакт,5.500000,0.000000
17,Адепт,ancient-bronze-dragon,22,Болезненное сияние: один контакт,3.300000,0.000000
17,Адепт,ancient-copper-dragon,21,Болезненное сияние: один контакт,4.400000,0.000000
17,Адепт,ancient-gold-dragon,24,Болезненное сияние: один контакт,2.200000,0.000000
17,Адепт,ancient-green-dragon,22,Болезненное сияние: один контакт,4.400000,0.000000
17,Адепт,ancient-red-dragon,24,Болезненное сияние: один контакт,2.200000,0.000000
17,Адепт,ancient-silver-dragon,23,Болезненное сияние: один контакт,2.200000,0.000000
17,Адепт,ancient-white-dragon,20,Болезненное сияние: один контакт,4.400000,0.000000
17,Адепт,androsphinx,17,Болезненное сияние: один контакт,7.700000,7.700000
17,Адепт,archmage,12,Болезненное сияние: один контакт,15.895000,15.895000
17,Адепт,balor,19,Болезненное сияние: один контакт,1.980000,1.980000
17,Адепт,dragon-turtle,17,Болезненное сияние: один контакт,7.700000,7.700000
17,Адепт,erinyes,12,Болезненное сияние: один контакт,5.500000,5.500000
17,Адепт,ice-devil,14,Болезненное сияние: один контакт,4.455000,4.455000
17,Адепт,iron-golem,16,Болезненное сияние: один контакт,9.295000,9.295000
17,Адепт,kraken,23,Болезненное сияние: один контакт,4.400000,4.400000
17,Адепт,lich,21,Болезненное сияние: один контакт,8.800000,0.000000
17,Адепт,marilith,16,Болезненное сияние: один контакт,3.520000,3.520000
17,Адепт,mummy-lord,15,Болезненное сияние: один контакт,5.500000,5.500000
17,Адепт,nalfeshnee,13,Болезненное сияние: один контакт,2.695000,2.695000
17,Адепт,pit-fiend,20,Болезненное сияние: один контакт,1.375000,1.375000
17,Адепт,planetar,16,Болезненное сияние: один контакт,0.967500,0.967500
17,Адепт,purple-worm,15,Болезненное сияние: один контакт,7.700000,7.700000
17,Адепт,rakshasa,13,Болезненное сияние: один контакт,0.000000,0.000000
17,Адепт,solar,21,Болезненное сияние: один контакт,2.687500,2.687500
17,Адепт,storm-giant,13,Болезненное сияние: один контакт,8.800000,8.800000
17,Адепт,vampire-vampire,13,Болезненное сияние: один контакт,15.400000,0.000000
17,Адепт,vampire-bat,13,Болезненное сияние: один контакт,15.400000,0.000000
17,Адепт,vampire-mist,13,Болезненное сияние: один контакт,15.400000,0.000000
17,Адепт,adult-black-dragon,14,Конус холода,29.249998,20.749996
17,Адепт,adult-blue-dragon,16,Конус холода,28.187498,20.749996
17,Адепт,adult-brass-dragon,13,Конус холода,29.249998,20.749996
17,Адепт,adult-bronze-dragon,15,Конус холода,28.187498,20.749996
17,Адепт,adult-copper-dragon,14,Конус холода,29.249998,20.749996
17,Адепт,adult-gold-dragon,17,Конус холода,26.062497,20.749996
17,Адепт,adult-green-dragon,15,Конус холода,29.249998,20.749996
17,Адепт,adult-red-dragon,17,Конус холода,26.062497,20.749996
17,Адепт,adult-silver-dragon,16,Конус холода,0.000000,0.000000
17,Адепт,adult-white-dragon,13,Конус холода,0.000000,0.000000
17,Адепт,ancient-black-dragon,21,Конус холода,24.999997,20.749996
17,Адепт,ancient-blue-dragon,23,Конус холода,23.937497,20.749996
17,Адепт,ancient-brass-dragon,20,Конус холода,26.062497,20.749996
17,Адепт,ancient-bronze-dragon,22,Конус холода,23.937497,20.749996
17,Адепт,ancient-copper-dragon,21,Конус холода,24.999997,20.749996
17,Адепт,ancient-gold-dragon,24,Конус холода,22.874997,20.749996
17,Адепт,ancient-green-dragon,22,Конус холода,24.999997,20.749996
17,Адепт,ancient-red-dragon,24,Конус холода,22.874997,20.749996
17,Адепт,ancient-silver-dragon,23,Конус холода,0.000000,0.000000
17,Адепт,ancient-white-dragon,20,Конус холода,0.000000,0.000000
17,Адепт,androsphinx,17,Конус холода,28.187498,28.187498
17,Адепт,archmage,12,Конус холода,36.103124,36.103124
17,Адепт,balor,19,Конус холода,22.662497,22.662497
17,Адепт,dragon-turtle,17,Конус холода,28.187498,28.187498
17,Адепт,erinyes,12,Конус холода,26.062497,26.062497
17,Адепт,ice-devil,14,Конус холода,25.053122,25.053122
17,Адепт,iron-golem,16,Конус холода,29.728123,29.728123
17,Адепт,kraken,23,Конус холода,24.999997,24.999997
17,Адепт,lich,21,Конус холода,29.249998,20.749996
17,Адепт,marilith,16,Конус холода,24.149997,24.149997
17,Адепт,mummy-lord,15,Конус холода,26.062497,26.062497
17,Адепт,nalfeshnee,13,Конус холода,23.353122,23.353122
17,Адепт,pit-fiend,20,Конус холода,22.078121,22.078121
17,Адепт,planetar,16,Конус холода,22.662497,22.662497
17,Адепт,purple-worm,15,Конус холода,28.187498,28.187498
17,Адепт,rakshasa,13,Конус холода,0.000000,0.000000
17,Адепт,solar,21,Конус холода,26.062497,26.062497
17,Адепт,storm-giant,13,Конус холода,29.249998,29.249998
17,Адепт,vampire-vampire,13,Конус холода,35.624999,20.749996
17,Адепт,vampire-bat,13,Конус холода,35.624999,20.749996
17,Адепт,vampire-mist,13,Конус холода,35.624999,20.749996
17,Адепт,adult-black-dragon,14,Синаптический заряд,25.150000,13.750000
17,Адепт,adult-blue-dragon,16,Синаптический заряд,24.437500,13.750000
17,Адепт,adult-brass-dragon,13,Синаптический заряд,25.150000,13.750000
17,Адепт,adult-bronze-dragon,15,Синаптический заряд,24.437500,13.750000
17,Адепт,adult-copper-dragon,14,Синаптический заряд,23.725000,13.750000
17,Адепт,adult-gold-dragon,17,Синаптический заряд,24.437500,13.750000
17,Адепт,adult-green-dragon,15,Синаптический заряд,23.725000,13.750000
17,Адепт,adult-red-dragon,17,Синаптический заряд,24.437500,13.750000
17,Адепт,adult-silver-dragon,16,Синаптический заряд,24.437500,13.750000
17,Адепт,adult-white-dragon,13,Синаптический заряд,27.287500,13.750000
17,Адепт,ancient-black-dragon,21,Синаптический заряд,24.437500,13.750000
17,Адепт,ancient-blue-dragon,23,Синаптический заряд,23.725000,13.750000
17,Адепт,ancient-brass-dragon,20,Синаптический заряд,24.437500,13.750000
17,Адепт,ancient-bronze-dragon,22,Синаптический заряд,23.725000,13.750000
17,Адепт,ancient-copper-dragon,21,Синаптический заряд,23.012500,13.750000
17,Адепт,ancient-gold-dragon,24,Синаптический заряд,23.725000,13.750000
17,Адепт,ancient-green-dragon,22,Синаптический заряд,23.012500,13.750000
17,Адепт,ancient-red-dragon,24,Синаптический заряд,23.725000,13.750000
17,Адепт,ancient-silver-dragon,23,Синаптический заряд,23.725000,13.750000
17,Адепт,ancient-white-dragon,20,Синаптический заряд,26.575000,13.750000
17,Адепт,androsphinx,17,Синаптический заряд,0.000000,0.000000
17,Адепт,archmage,12,Синаптический заряд,16.635625,16.635625
17,Адепт,balor,19,Синаптический заряд,19.770625,19.770625
17,Адепт,dragon-turtle,17,Синаптический заряд,26.575000,26.575000
17,Адепт,erinyes,12,Синаптический заряд,22.870000,22.870000
17,Адепт,ice-devil,14,Синаптический заряд,20.732500,20.732500
17,Адепт,iron-golem,16,Синаптический заряд,0.000000,0.000000
17,Адепт,kraken,23,Синаптический заряд,17.312500,17.312500
17,Адепт,lich,21,Синаптический заряд,18.025000,13.750000
17,Адепт,marilith,16,Синаптический заряд,20.732500,20.732500
17,Адепт,mummy-lord,15,Синаптический заряд,19.770625,19.770625
17,Адепт,nalfeshnee,13,Синаптический заряд,16.635625,16.635625
17,Адепт,pit-fiend,20,Синаптический заряд,18.880000,18.880000
17,Адепт,planetar,16,Синаптический заряд,20.732500,20.732500
17,Адепт,purple-worm,15,Синаптический заряд,0.000000,0.000000
17,Адепт,rakshasa,13,Синаптический заряд,0.000000,0.000000
17,Адепт,solar,21,Синаптический заряд,14.320000,14.320000
17,Адепт,storm-giant,13,Синаптический заряд,24.437500,24.437500
17,Адепт,vampire-vampire,13,Синаптический заряд,24.437500,13.750000
17,Адепт,vampire-bat,13,Синаптический заряд,24.437500,13.750000
17,Адепт,vampire-mist,13,Синаптический заряд,24.437500,13.750000
17,Адепт,adult-black-dragon,14,Ледяная сфера Отилюка,29.016664,20.583329
17,Адепт,adult-blue-dragon,16,Ледяная сфера Отилюка,27.962497,20.583329
17,Адепт,adult-brass-dragon,13,Ледяная сфера Отилюка,29.016664,20.583329
17,Адепт,adult-bronze-dragon,15,Ледяная сфера Отилюка,27.962497,20.583329
17,Адепт,adult-copper-dragon,14,Ледяная сфера Отилюка,29.016664,20.583329
17,Адепт,adult-gold-dragon,17,Ледяная сфера Отилюка,25.854163,20.583329
17,Адепт,adult-green-dragon,15,Ледяная сфера Отилюка,29.016664,20.583329
17,Адепт,adult-red-dragon,17,Ледяная сфера Отилюка,25.854163,20.583329
17,Адепт,adult-silver-dragon,16,Ледяная сфера Отилюка,0.000000,0.000000
17,Адепт,adult-white-dragon,13,Ледяная сфера Отилюка,0.000000,0.000000
17,Адепт,ancient-black-dragon,21,Ледяная сфера Отилюка,24.799997,20.583329
17,Адепт,ancient-blue-dragon,23,Ледяная сфера Отилюка,23.745830,20.583329
17,Адепт,ancient-brass-dragon,20,Ледяная сфера Отилюка,25.854163,20.583329
17,Адепт,ancient-bronze-dragon,22,Ледяная сфера Отилюка,23.745830,20.583329
17,Адепт,ancient-copper-dragon,21,Ледяная сфера Отилюка,24.799997,20.583329
17,Адепт,ancient-gold-dragon,24,Ледяная сфера Отилюка,22.691663,20.583329
17,Адепт,ancient-green-dragon,22,Ледяная сфера Отилюка,24.799997,20.583329
17,Адепт,ancient-red-dragon,24,Ледяная сфера Отилюка,22.691663,20.583329
17,Адепт,ancient-silver-dragon,23,Ледяная сфера Отилюка,0.000000,0.000000
17,Адепт,ancient-white-dragon,20,Ледяная сфера Отилюка,0.000000,0.000000
17,Адепт,androsphinx,17,Ледяная сфера Отилюка,27.962497,27.962497
17,Адепт,archmage,12,Ледяная сфера Отилюка,35.816040,35.816040
17,Адепт,balor,19,Ледяная сфера Отилюка,22.480829,22.480829
17,Адепт,dragon-turtle,17,Ледяная сфера Отилюка,27.962497,27.962497
17,Адепт,erinyes,12,Ледяная сфера Отилюка,25.854163,25.854163
17,Адепт,ice-devil,14,Ледяная сфера Отилюка,24.852705,24.852705
17,Адепт,iron-golem,16,Ледяная сфера Отилюка,29.491039,29.491039
17,Адепт,kraken,23,Ледяная сфера Отилюка,24.799997,24.799997
17,Адепт,lich,21,Ледяная сфера Отилюка,29.016664,20.583329
17,Адепт,marilith,16,Ледяная сфера Отилюка,23.956663,23.956663
17,Адепт,mummy-lord,15,Ледяная сфера Отилюка,25.854163,25.854163
17,Адепт,nalfeshnee,13,Ледяная сфера Отилюка,23.166038,23.166038
17,Адепт,pit-fiend,20,Ледяная сфера Отилюка,21.901038,21.901038
17,Адепт,planetar,16,Ледяная сфера Отилюка,22.480829,22.480829
17,Адепт,purple-worm,15,Ледяная сфера Отилюка,27.962497,27.962497
17,Адепт,rakshasa,13,Ледяная сфера Отилюка,0.000000,0.000000
17,Адепт,solar,21,Ледяная сфера Отилюка,25.854163,25.854163
17,Адепт,storm-giant,13,Ледяная сфера Отилюка,29.016664,29.016664
17,Адепт,vampire-vampire,13,Ледяная сфера Отилюка,35.341665,20.583329
17,Адепт,vampire-bat,13,Ледяная сфера Отилюка,35.341665,20.583329
17,Адепт,vampire-mist,13,Ледяная сфера Отилюка,35.341665,20.583329
17,Адепт,adult-black-dragon,14,Цепная молния: дар VI,34.762500,22.250000
17,Адепт,adult-blue-dragon,16,Цепная молния: дар VI,0.000000,0.000000
17,Адепт,adult-brass-dragon,13,Цепная молния: дар VI,37.037500,22.250000
17,Адепт,adult-bronze-dragon,15,Цепная молния: дар VI,0.000000,0.000000
17,Адепт,adult-copper-dragon,14,Цепная молния: дар VI,35.900000,22.250000
17,Адепт,adult-gold-dragon,17,Цепная молния: дар VI,33.625000,22.250000
17,Адепт,adult-green-dragon,15,Цепная молния: дар VI,35.900000,22.250000
17,Адепт,adult-red-dragon,17,Цепная молния: дар VI,35.900000,22.250000
17,Адепт,adult-silver-dragon,16,Цепная молния: дар VI,37.037500,22.250000
17,Адепт,adult-white-dragon,13,Цепная молния: дар VI,37.037500,22.250000
17,Адепт,ancient-black-dragon,21,Цепная молния: дар VI,32.487500,22.250000
17,Адепт,ancient-blue-dragon,23,Цепная молния: дар VI,0.000000,0.000000
17,Адепт,ancient-brass-dragon,20,Цепная молния: дар VI,35.900000,22.250000
17,Адепт,ancient-bronze-dragon,22,Цепная молния: дар VI,0.000000,0.000000
17,Адепт,ancient-copper-dragon,21,Цепная молния: дар VI,33.625000,22.250000
17,Адепт,ancient-gold-dragon,24,Цепная молния: дар VI,32.487500,22.250000
17,Адепт,ancient-green-dragon,22,Цепная молния: дар VI,33.625000,22.250000
17,Адепт,ancient-red-dragon,24,Цепная молния: дар VI,34.762500,22.250000
17,Адепт,ancient-silver-dragon,23,Цепная молния: дар VI,34.762500,22.250000
17,Адепт,ancient-white-dragon,20,Цепная молния: дар VI,35.900000,22.250000
17,Адепт,androsphinx,17,Цепная молния: дар VI,35.900000,35.900000
17,Адепт,archmage,12,Цепная молния: дар VI,36.810000,36.810000
17,Адепт,balor,19,Цепная молния: дар VI,18.155000,18.155000
17,Адепт,dragon-turtle,17,Цепная молния: дар VI,35.900000,35.900000
17,Адепт,erinyes,12,Цепная молния: дар VI,29.131875,29.131875
17,Адепт,ice-devil,14,Цепная молния: дар VI,29.131875,29.131875
17,Адепт,iron-golem,16,Цепная молния: дар VI,42.781875,42.781875
17,Адепт,kraken,23,Цепная молния: дар VI,0.000000,0.000000
17,Адепт,lich,21,Цепная молния: дар VI,19.406250,10.875000
17,Адепт,marilith,16,Цепная молния: дар VI,15.680937,15.680937
17,Адепт,mummy-lord,15,Цепная молния: дар VI,40.677500,40.677500
17,Адепт,nalfeshnee,13,Цепная молния: дар VI,20.088750,20.088750
17,Адепт,pit-fiend,20,Цепная молния: дар VI,27.937500,27.937500
17,Адепт,planetar,16,Цепная молния: дар VI,31.861875,31.861875
17,Адепт,purple-worm,15,Цепная молния: дар VI,45.000000,45.000000
17,Адепт,rakshasa,13,Цепная молния: дар VI,0.000000,0.000000
17,Адепт,solar,21,Цепная молния: дар VI,30.440000,30.440000
17,Адепт,storm-giant,13,Цепная молния: дар VI,0.000000,0.000000
17,Адепт,vampire-vampire,13,Цепная молния: дар VI,32.487500,22.250000
17,Адепт,vampire-bat,13,Цепная молния: дар VI,32.487500,22.250000
17,Адепт,vampire-mist,13,Цепная молния: дар VI,32.487500,22.250000
17,Адепт,adult-black-dragon,14,Звёздная корона: один выстрел,18.200000,18.200000
17,Адепт,adult-blue-dragon,16,Звёздная корона: один выстрел,18.200000,18.200000
17,Адепт,adult-brass-dragon,13,Звёздная корона: один выстрел,19.500000,19.500000
17,Адепт,adult-bronze-dragon,15,Звёздная корона: один выстрел,18.200000,18.200000
17,Адепт,adult-copper-dragon,14,Звёздная корона: один выстрел,19.500000,19.500000
17,Адепт,adult-gold-dragon,17,Звёздная корона: один выстрел,18.200000,18.200000
17,Адепт,adult-green-dragon,15,Звёздная корона: один выстрел,18.200000,18.200000
17,Адепт,adult-red-dragon,17,Звёздная корона: один выстрел,18.200000,18.200000
17,Адепт,adult-silver-dragon,16,Звёздная корона: один выстрел,18.200000,18.200000
17,Адепт,adult-white-dragon,13,Звёздная корона: один выстрел,19.500000,19.500000
17,Адепт,ancient-black-dragon,21,Звёздная корона: один выстрел,14.300000,14.300000
17,Адепт,ancient-blue-dragon,23,Звёздная корона: один выстрел,14.300000,14.300000
17,Адепт,ancient-brass-dragon,20,Звёздная корона: один выстрел,16.900000,16.900000
17,Адепт,ancient-bronze-dragon,22,Звёздная корона: один выстрел,14.300000,14.300000
17,Адепт,ancient-copper-dragon,21,Звёздная корона: один выстрел,15.600000,15.600000
17,Адепт,ancient-gold-dragon,24,Звёздная корона: один выстрел,14.300000,14.300000
17,Адепт,ancient-green-dragon,22,Звёздная корона: один выстрел,15.600000,15.600000
17,Адепт,ancient-red-dragon,24,Звёздная корона: один выстрел,14.300000,14.300000
17,Адепт,ancient-silver-dragon,23,Звёздная корона: один выстрел,14.300000,14.300000
17,Адепт,ancient-white-dragon,20,Звёздная корона: один выстрел,16.900000,16.900000
17,Адепт,androsphinx,17,Звёздная корона: один выстрел,20.800000,20.800000
17,Адепт,archmage,12,Звёздная корона: один выстрел,23.400000,23.400000
17,Адепт,balor,19,Звёздная корона: один выстрел,18.200000,18.200000
17,Адепт,dragon-turtle,17,Звёздная корона: один выстрел,16.900000,16.900000
17,Адепт,erinyes,12,Звёздная корона: один выстрел,19.500000,19.500000
17,Адепт,ice-devil,14,Звёздная корона: один выстрел,19.500000,19.500000
17,Адепт,iron-golem,16,Звёздная корона: один выстрел,16.900000,16.900000
17,Адепт,kraken,23,Звёздная корона: один выстрел,19.500000,19.500000
17,Адепт,lich,21,Звёздная корона: один выстрел,20.800000,20.800000
17,Адепт,marilith,16,Звёздная корона: один выстрел,19.500000,19.500000
17,Адепт,mummy-lord,15,Звёздная корона: один выстрел,20.800000,20.800000
17,Адепт,nalfeshnee,13,Звёздная корона: один выстрел,19.500000,19.500000
17,Адепт,pit-fiend,20,Звёздная корона: один выстрел,18.200000,18.200000
17,Адепт,planetar,16,Звёздная корона: один выстрел,8.937500,8.937500
17,Адепт,purple-worm,15,Звёздная корона: один выстрел,19.500000,19.500000
17,Адепт,rakshasa,13,Звёздная корона: один выстрел,22.100000,22.100000
17,Адепт,solar,21,Звёздная корона: один выстрел,7.662500,7.662500
17,Адепт,storm-giant,13,Звёздная корона: один выстрел,22.100000,22.100000
17,Адепт,vampire-vampire,13,Звёздная корона: один выстрел,22.100000,22.100000
17,Адепт,vampire-bat,13,Звёздная корона: один выстрел,22.100000,22.100000
17,Адепт,vampire-mist,13,Звёздная корона: один выстрел,22.100000,22.100000
17,Адепт,adult-black-dragon,14,Огненная буря,29.725000,19.000000
17,Адепт,adult-blue-dragon,16,Огненная буря,31.675000,19.000000
17,Адепт,adult-brass-dragon,13,Огненная буря,0.000000,0.000000
17,Адепт,adult-bronze-dragon,15,Огненная буря,31.675000,19.000000
17,Адепт,adult-copper-dragon,14,Огненная буря,30.700000,19.000000
17,Адепт,adult-gold-dragon,17,Огненная буря,0.000000,0.000000
17,Адепт,adult-green-dragon,15,Огненная буря,30.700000,19.000000
17,Адепт,adult-red-dragon,17,Огненная буря,0.000000,0.000000
17,Адепт,adult-silver-dragon,16,Огненная буря,31.675000,19.000000
17,Адепт,adult-white-dragon,13,Огненная буря,31.675000,19.000000
17,Адепт,ancient-black-dragon,21,Огненная буря,27.775000,19.000000
17,Адепт,ancient-blue-dragon,23,Огненная буря,29.725000,19.000000
17,Адепт,ancient-brass-dragon,20,Огненная буря,0.000000,0.000000
17,Адепт,ancient-bronze-dragon,22,Огненная буря,29.725000,19.000000
17,Адепт,ancient-copper-dragon,21,Огненная буря,28.750000,19.000000
17,Адепт,ancient-gold-dragon,24,Огненная буря,0.000000,0.000000
17,Адепт,ancient-green-dragon,22,Огненная буря,28.750000,19.000000
17,Адепт,ancient-red-dragon,24,Огненная буря,0.000000,0.000000
17,Адепт,ancient-silver-dragon,23,Огненная буря,29.725000,19.000000
17,Адепт,ancient-white-dragon,20,Огненная буря,30.700000,19.000000
17,Адепт,androsphinx,17,Огненная буря,30.700000,30.700000
17,Адепт,archmage,12,Огненная буря,31.480000,31.480000
17,Адепт,balor,19,Огненная буря,0.000000,0.000000
17,Адепт,dragon-turtle,17,Огненная буря,15.100000,15.100000
17,Адепт,erinyes,12,Огненная буря,0.000000,0.000000
17,Адепт,ice-devil,14,Огненная буря,0.000000,0.000000
17,Адепт,iron-golem,16,Огненная буря,0.000000,0.000000
17,Адепт,kraken,23,Огненная буря,29.725000,29.725000
17,Адепт,lich,21,Огненная буря,33.625000,19.000000
17,Адепт,marilith,16,Огненная буря,13.369375,13.369375
17,Адепт,mummy-lord,15,Огненная буря,69.590000,69.590000
17,Адепт,nalfeshnee,13,Огненная буря,17.147500,17.147500
17,Адепт,pit-fiend,20,Огненная буря,0.000000,0.000000
17,Адепт,planetar,16,Огненная буря,27.238750,27.238750
17,Адепт,purple-worm,15,Огненная буря,38.500000,38.500000
17,Адепт,rakshasa,13,Огненная буря,29.968750,29.968750
17,Адепт,solar,21,Огненная буря,26.020000,26.020000
17,Адепт,storm-giant,13,Огненная буря,34.600000,34.600000
17,Адепт,vampire-vampire,13,Огненная буря,27.775000,19.000000
17,Адепт,vampire-bat,13,Огненная буря,27.775000,19.000000
17,Адепт,vampire-mist,13,Огненная буря,27.775000,19.000000
17,Адепт,adult-black-dragon,14,Метеоритный дождь,108.275000,69.500000
17,Адепт,adult-blue-dragon,16,Метеоритный дождь,115.325000,69.500000
17,Адепт,adult-brass-dragon,13,Метеоритный дождь,57.662500,34.750000
17,Адепт,adult-bronze-dragon,15,Метеоритный дождь,115.325000,69.500000
17,Адепт,adult-copper-dragon,14,Метеоритный дождь,111.800000,69.500000
17,Адепт,adult-gold-dragon,17,Метеоритный дождь,52.375000,34.750000
17,Адепт,adult-green-dragon,15,Метеоритный дождь,111.800000,69.500000
17,Адепт,adult-red-dragon,17,Метеоритный дождь,55.900000,34.750000
17,Адепт,adult-silver-dragon,16,Метеоритный дождь,115.325000,69.500000
17,Адепт,adult-white-dragon,13,Метеоритный дождь,115.325000,69.500000
17,Адепт,ancient-black-dragon,21,Метеоритный дождь,101.225000,69.500000
17,Адепт,ancient-blue-dragon,23,Метеоритный дождь,108.275000,69.500000
17,Адепт,ancient-brass-dragon,20,Метеоритный дождь,55.900000,34.750000
17,Адепт,ancient-bronze-dragon,22,Метеоритный дождь,108.275000,69.500000
17,Адепт,ancient-copper-dragon,21,Метеоритный дождь,104.750000,69.500000
17,Адепт,ancient-gold-dragon,24,Метеоритный дождь,50.612500,34.750000
17,Адепт,ancient-green-dragon,22,Метеоритный дождь,104.750000,69.500000
17,Адепт,ancient-red-dragon,24,Метеоритный дождь,54.137500,34.750000
17,Адепт,ancient-silver-dragon,23,Метеоритный дождь,108.275000,69.500000
17,Адепт,ancient-white-dragon,20,Метеоритный дождь,111.800000,69.500000
17,Адепт,androsphinx,17,Метеоритный дождь,111.800000,111.800000
17,Адепт,archmage,12,Метеоритный дождь,114.620000,114.620000
17,Адепт,balor,19,Метеоритный дождь,57.310000,57.310000
17,Адепт,dragon-turtle,17,Метеоритный дождь,83.600000,83.600000
17,Адепт,erinyes,12,Метеоритный дождь,45.413125,45.413125
17,Адепт,ice-devil,14,Метеоритный дождь,45.413125,45.413125
17,Адепт,iron-golem,16,Метеоритный дождь,66.563125,66.563125
17,Адепт,kraken,23,Метеоритный дождь,108.275000,108.275000
17,Адепт,lich,21,Метеоритный дождь,122.375000,69.500000
17,Адепт,marilith,16,Метеоритный дождь,74.214687,74.214687
17,Адепт,mummy-lord,15,Метеоритный дождь,189.907500,189.907500
17,Адепт,nalfeshnee,13,Метеоритный дождь,94.703750,94.703750
17,Адепт,pit-fiend,20,Метеоритный дождь,43.562500,43.562500
17,Адепт,planetar,16,Метеоритный дождь,99.286250,99.286250
17,Адепт,purple-worm,15,Метеоритный дождь,140.000000,140.000000
17,Адепт,rakshasa,13,Метеоритный дождь,109.156250,109.156250
17,Адепт,solar,21,Метеоритный дождь,94.880000,94.880000
17,Адепт,storm-giant,13,Метеоритный дождь,125.900000,125.900000
17,Адепт,vampire-vampire,13,Метеоритный дождь,101.225000,69.500000
17,Адепт,vampire-bat,13,Метеоритный дождь,101.225000,69.500000
17,Адепт,vampire-mist,13,Метеоритный дождь,101.225000,69.500000
